descriptor,candidate_value,horizon_hours,episode_support,unavailable_episode_count,family_support,mixed_family_count,unavailable_homogeneous_family_count,supported_fold_count,episode_mean_forward_return,episode_median_forward_return,family_mean_forward_return,family_median_forward_return,episode_positive_return_rate,family_positive_return_rate,family_mean_maximum_favorable_excursion,family_mean_maximum_adverse_excursion,family_mean_realized_volatility,training_test_direction_agreement_count,aggregate_direction_agreement_count,episode_family_median_sign_agreement,episode_family_median_absolute_divergence,evidence_state
volatility_state,VOLATILITY_NEUTRAL,24,114,0,12,2,0,3,0.0045418506248387468,0.0048491766597753561,0.0089297019586554727,0.0066249687140802482,0.57017543859649122,0.91666666666666663,0.015620996557864622,-0.0075299748971282649,0.003732915298402445,3,3,True,0.0017757920543048922,SUPPORTED_ASSOCIATION
feature_displacement,LOW_DISPLACEMENT_COLLAPSE,24,111,0,11,3,0,3,0.0041301605564971616,0.004398782664601697,0.0092519286059833689,0.0077079319364166121,0.56756756756756754,0.90909090909090906,0.015512230853498531,-0.0056669616714276512,0.003480379478690902,3,3,True,0.0033091492718149151,SUPPORTED_ASSOCIATION
collapse_severity,SEVERE_COLLAPSE,24,94,0,5,5,0,2,0.0013852196416142229,0.0023895278669217035,0.013488893453333395,0.014016792322254279,0.52127659574468088,1,0.019595501886807164,-0.0034855189348687032,0.0038530858101032571,2,2,True,0.011627264455332575,SUPPORTED_ASSOCIATION
intrinsic_subtype,SEVERE_COLLAPSE__LOW_DISPLACEMENT_COLLAPSE__VOLATILITY_NEUTRAL,24,87,0,5,6,0,2,0.0012993533359392788,0.0029359553235508429,0.013488893453333395,0.014016792322254279,0.52873563218390807,1,0.019595501886807164,-0.0034855189348687032,0.0038530858101032571,2,2,True,0.011080836998703436,SUPPORTED_ASSOCIATION
collapse_severity,SEVERE_COLLAPSE,72,94,0,5,5,0,2,0.0018011696937240435,0.008020352563369304,0.012917283319992579,0.0084705449109092612,0.52127659574468088,0.80000000000000004,0.046213060588328012,-0.02228660702999008,0.0050040395632438449,2,2,True,0.00045019234753995718,SUPPORTED_ASSOCIATION
intrinsic_subtype,SEVERE_COLLAPSE__LOW_DISPLACEMENT_COLLAPSE__VOLATILITY_NEUTRAL,72,87,0,5,6,0,2,-0.00043302633265617066,0.007941373912827121,0.012917283319992579,0.0084705449109092612,0.50574712643678166,0.80000000000000004,0.046213060588328012,-0.02228660702999008,0.0050040395632438449,2,2,True,0.00052917099808214019,SUPPORTED_ASSOCIATION
volatility_state,VOLATILITY_NEUTRAL,72,114,0,12,2,0,3,0.0022284995973584423,0.0054070651787779811,0.0017899631122248276,0.010375755085162863,0.51754385964912286,0.66666666666666663,0.032665525728787947,-0.026172559502668447,0.0045515685007365267,2,2,True,0.0049686899063848822,UNSTABLE_OOS
feature_displacement,LOW_DISPLACEMENT_COLLAPSE,72,111,0,11,3,0,3,0.0020992889594257627,0.007941373912827121,0.0092271528103714737,0.012280965259416465,0.51351351351351349,0.72727272727272729,0.034106262676323974,-0.019356979130210283,0.0041787326716581051,2,2,True,0.0043395913465893443,UNSTABLE_OOS
feature_displacement,LOW_DISPLACEMENT_COLLAPSE,6,111,0,11,3,0,3,0.00392737756006883,0.0024587195658207772,0.0011958766285504741,0.0023392985525618748,0.60360360360360366,0.72727272727272729,0.0043660852066047728,-0.0028583820229615142,0.0028160355327343334,2,2,True,0.00011942101325890242,UNSTABLE_OOS
volatility_state,VOLATILITY_NEUTRAL,168,114,0,12,2,0,3,0.004031745131007747,-0.0047237370879378293,-0.00103846296329362,-0.004368341037308765,0.45614035087719296,0.5,0.046668383157716209,-0.0438100588657988,0.0043440521553499466,1,2,True,0.00035539605062906432,UNSTABLE_OOS
volatility_state,VOLATILITY_NEUTRAL,6,114,0,12,2,0,3,0.0038545766708394458,0.002399009059191326,-0.00065605270612715627,0.0015102114133178635,0.59649122807017541,0.66666666666666663,0.0043390803346739877,-0.0043724564700131459,0.0032449324680363018,1,1,True,0.00088879764587346255,UNSTABLE_OOS
volatility_state,VOLATILITY_NEUTRAL,2,114,0,12,2,0,3,0.0017394365368050815,0.001700644649105576,0.00011358760345848522,0.00011652137463424861,0.64035087719298245,0.5,0.0016677897007892166,-0.00072190561882394999,0.001880225501816583,0,1,True,0.0015841232744713274,UNSTABLE_OOS
feature_displacement,LOW_DISPLACEMENT_COLLAPSE,2,111,0,11,3,0,3,0.0016837341263770303,0.0017199886842849121,0.00012936772997602046,0.00029303653750289982,0.63963963963963966,0.54545454545454541,0.0014519499696395684,-0.00078207942160481787,0.0016817116843780996,0,1,True,0.0014269521467820123,UNSTABLE_OOS
collapse_severity,SEVERE_COLLAPSE,6,94,0,5,5,0,2,0.0039207464062954471,0.0024738623727099673,0.0018462148660712385,0.0024587195658207772,0.57446808510638303,0.80000000000000004,0.0052029040872305417,-0.0021345736324108302,0.0027855723848419882,1,1,True,1.5142806889190119e-05,UNSTABLE_OOS
intrinsic_subtype,SEVERE_COLLAPSE__LOW_DISPLACEMENT_COLLAPSE__VOLATILITY_NEUTRAL,6,87,0,5,6,0,2,0.0043004417237093862,0.0027624600549982503,0.0018462148660712385,0.0024587195658207772,0.5977011494252874,0.80000000000000004,0.0052029040872305417,-0.0021345736324108302,0.0027855723848419882,1,1,True,0.00030374048917747309,UNSTABLE_OOS
collapse_severity,SEVERE_COLLAPSE,2,94,0,5,5,0,2,0.00094694053811771365,0.0017469718344892415,0.0011660726964557665,0.00029303653750289982,0.61702127659574468,0.59999999999999998,0.00199608744963804,-0.00022787898406451124,0.0012164849975965452,1,1,True,0.0014539352969863417,UNSTABLE_OOS
intrinsic_subtype,SEVERE_COLLAPSE__LOW_DISPLACEMENT_COLLAPSE__VOLATILITY_NEUTRAL,2,87,0,5,6,0,2,0.001093082204469259,0.0017862036221940603,0.0011660726964557665,0.00029303653750289982,0.63218390804597702,0.59999999999999998,0.00199608744963804,-0.00022787898406451124,0.0012164849975965452,1,1,True,0.0014931670846911604,UNSTABLE_OOS
feature_displacement,LOW_DISPLACEMENT_COLLAPSE,168,111,0,11,3,0,3,0.005583628435729719,-0.0071592743540925818,0.0031123088865710317,0.0019927917741187073,0.45945945945945948,0.54545454545454541,0.049382107144245714,-0.038597887526352487,0.0041284589617377578,1,1,False,0.0091520661282112892,CONTRADICTORY_RESOLUTION
collapse_severity,SEVERE_COLLAPSE,168,94,0,5,5,0,2,0.0022034197730894244,-0.008002633150071603,0.016815358842331964,0.01245977689796085,0.42553191489361702,0.59999999999999998,0.062818680572457625,-0.045106846707099989,0.004606883795479415,1,1,False,0.020462410048032453,CONTRADICTORY_RESOLUTION
intrinsic_subtype,SEVERE_COLLAPSE__LOW_DISPLACEMENT_COLLAPSE__VOLATILITY_NEUTRAL,168,87,0,5,6,0,2,-0.001809168391064591,-0.009122014869330175,0.016815358842331964,0.01245977689796085,0.41379310344827586,0.59999999999999998,0.062818680572457625,-0.045106846707099989,0.004606883795479415,1,1,False,0.021581791767291025,CONTRADICTORY_RESOLUTION
collapse_severity,MODERATE_COLLAPSE,6,18,0,4,5,0,1,0.00056319339130049702,0.00079502704113365574,-0.0084099734194650055,-0.0066043517634703508,0.55555555555555558,0.25,0.001965604200557608,-0.0091512455889352362,0.0042024605844112233,1,1,False,0.0073993788046040065,INSUFFICIENT_SUPPORT
intrinsic_subtype,MODERATE_COLLAPSE__LOW_DISPLACEMENT_COLLAPSE__VOLATILITY_NEUTRAL,6,14,0,3,6,0,1,0.0017113573345047658,0.0010660362028366288,-0.004204206096759644,-0.001203648611027619,0.6428571428571429,0.33333333333333331,0.0012734633529316957,-0.0051925689893866185,0.0029490145270956451,1,1,False,0.0022696848138642478,INSUFFICIENT_SUPPORT
collapse_severity,MODERATE_COLLAPSE,168,18,0,4,5,0,1,0.031495006585496928,0.033511930543309698,-0.013042364704184822,-0.02700556335696469,0.55555555555555558,0.25,0.024612713942040954,-0.051740519215509401,0.0042886771060313775,0,1,False,0.060517493900274388,INSUFFICIENT_SUPPORT
collapse_severity,MODERATE_COLLAPSE,72,18,0,4,5,0,1,0.011602519506314591,0.0049149040598193694,-0.029775492095281603,-0.026196237911434106,0.5,0.25,0.013293266925729741,-0.045219561809931669,0.0048399497979828999,0,1,False,0.031111141971253475,INSUFFICIENT_SUPPORT
collapse_severity,MODERATE_COLLAPSE,2,18,0,4,5,0,1,0.0040033785005459711,0.00043148071051313241,-0.0009106962837024668,0.00026994860962292755,0.66666666666666663,0.5,0.0014801504059736292,-0.0009106962837024668,0.0030380229124038483,0,1,True,0.00016153210089020487,INSUFFICIENT_SUPPORT
intrinsic_subtype,MODERATE_COLLAPSE__LOW_DISPLACEMENT_COLLAPSE__VOLATILITY_NEUTRAL,168,14,0,3,6,0,1,0.028886548027037114,0.037309156808537303,-0.0018241685016448332,-0.010729473848736237,0.5714285714285714,0.33333333333333331,0.027211145487424055,-0.03527271108744312,0.0034797103796804941,0,1,False,0.04803863065727354,INSUFFICIENT_SUPPORT
intrinsic_subtype,MODERATE_COLLAPSE__LOW_DISPLACEMENT_COLLAPSE__VOLATILITY_NEUTRAL,72,14,0,3,6,0,1,-0.0014746458886981673,-0.0037167395042186913,-0.013027614937912713,-0.004982321868659656,0.42857142857142855,0.33333333333333331,0.012118549465675773,-0.026578101213339478,0.0035690121904441447,0,1,True,0.0012655823644409647,INSUFFICIENT_SUPPORT
intrinsic_subtype,MODERATE_COLLAPSE__LOW_DISPLACEMENT_COLLAPSE__VOLATILITY_NEUTRAL,2,14,0,3,6,0,1,0.0047837117980141387,0.00082457819242176544,-0.0011942637821918216,0.0005998910074802577,0.7857142857142857,0.66666666666666663,0.00062619162681972396,-0.0011942637821918216,0.0026960713853251641,0,1,True,0.00022468718494150774,INSUFFICIENT_SUPPORT
collapse_severity,MODERATE_COLLAPSE,24,18,0,4,5,0,1,0.0160468368395392,0.0048919957513251511,0.0030768654505707593,0.0054636071648962448,0.72222222222222221,0.75,0.012696299906173547,-0.01590868629943451,0.0042868580860421952,0,0,True,0.00057161141357109368,INSUFFICIENT_SUPPORT
intrinsic_subtype,MODERATE_COLLAPSE__LOW_DISPLACEMENT_COLLAPSE__VOLATILITY_NEUTRAL,24,14,0,3,6,0,1,0.0087219642740097216,0.0032280042429628786,0.0023074176547448109,0.0055420054917438843,0.7142857142857143,0.66666666666666663,0.011322593439600848,-0.011870541605967677,0.0035455410096464544,0,0,True,0.0023140012487810058,INSUFFICIENT_SUPPORT
collapse_severity,MAJOR_COLLAPSE,2,10,0,0,5,0,0,0.0034738206540089302,0.0015833051026609146,0,0,0.59999999999999998,0,0,0,0,0,0,False,0.0015833051026609146,INSUFFICIENT_SUPPORT
feature_displacement,BROAD_SHIFT,2,6,0,0,3,0,0,0.0026460995072451108,-8.0591559167675353e-05,0,0,0.5,0,0,0,0,0,0,False,8.0591559167675353e-05,INSUFFICIENT_SUPPORT
feature_displacement,CONCENTRATED_SHIFT,2,5,0,0,3,0,0,-0.0013919309876678331,-1.4200821971566135e-05,0,0,0.40000000000000002,0,0,0,0,0,0,False,1.4200821971566135e-05,INSUFFICIENT_SUPPORT
intrinsic_subtype,MAJOR_COLLAPSE__CONCENTRATED_SHIFT__VOLATILITY_NEUTRAL,2,1,0,0,6,0,0,0.0022777924723493825,0.0022777924723493825,0,0,1,0,0,0,0,0,0,False,0.0022777924723493825,INSUFFICIENT_SUPPORT
intrinsic_subtype,MAJOR_COLLAPSE__LOW_DISPLACEMENT_COLLAPSE__VOLATILITY_NEUTRAL,2,9,0,0,6,0,0,0.0036067126741933242,0.00088881773297244671,0,0,0.55555555555555558,0,0,0,0,0,0,False,0.00088881773297244671,INSUFFICIENT_SUPPORT
intrinsic_subtype,MODERATE_COLLAPSE__BROAD_SHIFT__VOLATILITY_EXPANSION,2,2,0,0,6,0,0,0.00639244231338848,0.00639244231338848,0,0,0.5,0,0,0,0,0,0,False,0.00639244231338848,INSUFFICIENT_SUPPORT
intrinsic_subtype,MODERATE_COLLAPSE__CONCENTRATED_SHIFT__VOLATILITY_NEUTRAL,2,1,0,0,6,0,0,-5.9993788234402601e-05,-5.9993788234402601e-05,0,0,0,0,0,0,0,0,0,False,5.9993788234402601e-05,INSUFFICIENT_SUPPORT
intrinsic_subtype,MODERATE_COLLAPSE__LOW_DISPLACEMENT_COLLAPSE__VOLATILITY_EXPANSION,2,1,0,0,6,0,0,-0.0076360430009130287,-0.0076360430009130287,0,0,0,0,0,0,0,0,0,False,0.0076360430009130287,INSUFFICIENT_SUPPORT
intrinsic_subtype,SEVERE_COLLAPSE__BROAD_SHIFT__VOLATILITY_EXPANSION,2,4,0,0,6,0,0,0.00077292810417342594,-8.0591559167675353e-05,0,0,0.5,0,0,0,0,0,0,False,8.0591559167675353e-05,INSUFFICIENT_SUPPORT
intrinsic_subtype,SEVERE_COLLAPSE__CONCENTRATED_SHIFT__VOLATILITY_EXPANSION,2,1,0,0,6,0,0,-0.010724889105355073,-0.010724889105355073,0,0,0,0,0,0,0,0,0,False,0.010724889105355073,INSUFFICIENT_SUPPORT
intrinsic_subtype,SEVERE_COLLAPSE__CONCENTRATED_SHIFT__VOLATILITY_NEUTRAL,2,2,0,0,6,0,0,0.00077371774145046368,0.00077371774145046368,0,0,0.5,0,0,0,0,0,0,False,0.00077371774145046368,INSUFFICIENT_SUPPORT
volatility_state,VOLATILITY_EXPANSION,2,8,0,0,2,0,0,-0.00031054188284967976,-0.0048916911407998476,0,0,0.375,0,0,0,0,0,0,False,0.0048916911407998476,INSUFFICIENT_SUPPORT
collapse_severity,MAJOR_COLLAPSE,6,10,0,0,5,0,0,0.0033980303101216248,0.0010222702722201271,0,0,0.59999999999999998,0,0,0,0,0,0,False,0.0010222702722201271,INSUFFICIENT_SUPPORT
feature_displacement,BROAD_SHIFT,6,6,0,0,3,0,0,-0.003765712000842155,-0.006576668753610182,0,0,0.33333333333333331,0,0,0,0,0,0,False,0.006576668753610182,INSUFFICIENT_SUPPORT
feature_displacement,CONCENTRATED_SHIFT,6,5,0,0,3,0,0,-0.00013533816523798593,-0.006861394174080937,0,0,0.20000000000000001,0,0,0,0,0,0,False,0.006861394174080937,INSUFFICIENT_SUPPORT
intrinsic_subtype,MAJOR_COLLAPSE__CONCENTRATED_SHIFT__VOLATILITY_NEUTRAL,6,1,0,0,6,0,0,-0.006861394174080937,-0.006861394174080937,0,0,0,0,0,0,0,0,0,False,0.006861394174080937,INSUFFICIENT_SUPPORT
intrinsic_subtype,MAJOR_COLLAPSE__LOW_DISPLACEMENT_COLLAPSE__VOLATILITY_NEUTRAL,6,9,0,0,6,0,0,0.0045379663639219091,0.0013634162703664021,0,0,0.66666666666666663,0,0,0,0,0,0,False,0.0013634162703664021,INSUFFICIENT_SUPPORT
intrinsic_subtype,MODERATE_COLLAPSE__BROAD_SHIFT__VOLATILITY_EXPANSION,6,2,0,0,6,0,0,0.0051029872506818674,0.0051029872506818674,0,0,0.5,0,0,0,0,0,0,False,0.0051029872506818674,INSUFFICIENT_SUPPORT
intrinsic_subtype,MODERATE_COLLAPSE__CONCENTRATED_SHIFT__VOLATILITY_NEUTRAL,6,1,0,0,6,0,0,-0.02102727538758109,-0.02102727538758109,0,0,0,0,0,0,0,0,0,False,0.02102727538758109,INSUFFICIENT_SUPPORT
intrinsic_subtype,MODERATE_COLLAPSE__LOW_DISPLACEMENT_COLLAPSE__VOLATILITY_EXPANSION,6,1,0,0,6,0,0,-0.0030002207534404191,-0.0030002207534404191,0,0,0,0,0,0,0,0,0,False,0.0030002207534404191,INSUFFICIENT_SUPPORT
intrinsic_subtype,SEVERE_COLLAPSE__BROAD_SHIFT__VOLATILITY_EXPANSION,6,4,0,0,6,0,0,-0.0082000616266041659,-0.011290059382603523,0,0,0.25,0,0,0,0,0,0,False,0.011290059382603523,INSUFFICIENT_SUPPORT
intrinsic_subtype,SEVERE_COLLAPSE__CONCENTRATED_SHIFT__VOLATILITY_EXPANSION,6,1,0,0,6,0,0,-0.0011593013808062214,-0.0011593013808062214,0,0,0,0,0,0,0,0,0,False,0.0011593013808062214,INSUFFICIENT_SUPPORT
intrinsic_subtype,SEVERE_COLLAPSE__CONCENTRATED_SHIFT__VOLATILITY_NEUTRAL,6,2,0,0,6,0,0,0.01418564005813916,0.01418564005813916,0,0,0.5,0,0,0,0,0,0,False,0.01418564005813916,INSUFFICIENT_SUPPORT
volatility_state,VOLATILITY_EXPANSION,6,8,0,0,2,0,0,-0.0033442242674124462,-0.0044168239495993022,0,0,0.25,0,0,0,0,0,0,False,0.0044168239495993022,INSUFFICIENT_SUPPORT
collapse_severity,MAJOR_COLLAPSE,24,10,0,0,5,0,0,0.024779710906990625,0.019768223993591572,0,0,0.69999999999999996,0,0,0,0,0,0,False,0.019768223993591572,INSUFFICIENT_SUPPORT
feature_displacement,BROAD_SHIFT,24,6,0,0,3,0,0,0.030436688413777963,0.0093753027734382877,0,0,0.5,0,0,0,0,0,0,False,0.0093753027734382877,INSUFFICIENT_SUPPORT
feature_displacement,CONCENTRATED_SHIFT,24,5,0,0,3,0,0,0.0051565732478992213,0.0004291548792505484,0,0,0.59999999999999998,0,0,0,0,0,0,False,0.0004291548792505484,INSUFFICIENT_SUPPORT
intrinsic_subtype,MAJOR_COLLAPSE__CONCENTRATED_SHIFT__VOLATILITY_NEUTRAL,24,1,0,0,6,0,0,-0.0094689107386118909,-0.0094689107386118909,0,0,0,0,0,0,0,0,0,False,0.0094689107386118909,INSUFFICIENT_SUPPORT
intrinsic_subtype,MAJOR_COLLAPSE__LOW_DISPLACEMENT_COLLAPSE__VOLATILITY_NEUTRAL,24,9,0,0,6,0,0,0.028585113312057573,0.020069756446763121,0,0,0.77777777777777779,0,0,0,0,0,0,False,0.020069756446763121,INSUFFICIENT_SUPPORT
intrinsic_subtype,MODERATE_COLLAPSE__BROAD_SHIFT__VOLATILITY_EXPANSION,24,2,0,0,6,0,0,0.097659896268853741,0.097659896268853741,0,0,1,0,0,0,0,0,0,False,0.097659896268853741,INSUFFICIENT_SUPPORT
intrinsic_subtype,MODERATE_COLLAPSE__CONCENTRATED_SHIFT__VOLATILITY_NEUTRAL,24,1,0,0,6,0,0,0.0053852088380486052,0.0053852088380486052,0,0,1,0,0,0,0,0,0,False,0.0053852088380486052,INSUFFICIENT_SUPPORT
intrinsic_subtype,MODERATE_COLLAPSE__LOW_DISPLACEMENT_COLLAPSE__VOLATILITY_EXPANSION,24,1,0,0,6,0,0,-0.0339694381001866,-0.0339694381001866,0,0,0,0,0,0,0,0,0,False,0.0339694381001866,INSUFFICIENT_SUPPORT
intrinsic_subtype,SEVERE_COLLAPSE__BROAD_SHIFT__VOLATILITY_EXPANSION,24,4,0,0,6,0,0,-0.0031749155137599239,-0.012294760937197835,0,0,0.25,0,0,0,0,0,0,False,0.012294760937197835,INSUFFICIENT_SUPPORT
intrinsic_subtype,SEVERE_COLLAPSE__CONCENTRATED_SHIFT__VOLATILITY_EXPANSION,24,1,0,0,6,0,0,0.0004291548792505484,0.0004291548792505484,0,0,1,0,0,0,0,0,0,False,0.0004291548792505484,INSUFFICIENT_SUPPORT
intrinsic_subtype,SEVERE_COLLAPSE__CONCENTRATED_SHIFT__VOLATILITY_NEUTRAL,24,2,0,0,6,0,0,0.014718706630404421,0.014718706630404421,0,0,0.5,0,0,0,0,0,0,False,0.014718706630404421,INSUFFICIENT_SUPPORT
volatility_state,VOLATILITY_EXPANSION,24,8,0,0,2,0,0,0.018634980907716467,-0.0051619929187425861,0,0,0.5,0,0,0,0,0,0,False,0.0051619929187425861,INSUFFICIENT_SUPPORT
collapse_severity,MAJOR_COLLAPSE,72,10,0,0,5,0,0,0.026703082404544609,0.032925269120319456,0,0,0.69999999999999996,0,0,0,0,0,0,False,0.032925269120319456,INSUFFICIENT_SUPPORT
feature_displacement,BROAD_SHIFT,72,6,0,0,3,0,0,0.057436342018148699,0.063322348150967489,0,0,0.83333333333333337,0,0,0,0,0,0,False,0.063322348150967489,INSUFFICIENT_SUPPORT
feature_displacement,CONCENTRATED_SHIFT,72,5,0,0,3,0,0,0.013509399952803402,0.0028727564447288412,0,0,0.59999999999999998,0,0,0,0,0,0,False,0.0028727564447288412,INSUFFICIENT_SUPPORT
intrinsic_subtype,MAJOR_COLLAPSE__CONCENTRATED_SHIFT__VOLATILITY_NEUTRAL,72,1,0,0,6,0,0,0.02640308220478027,0.02640308220478027,0,0,1,0,0,0,0,0,0,False,0.02640308220478027,INSUFFICIENT_SUPPORT
intrinsic_subtype,MAJOR_COLLAPSE__LOW_DISPLACEMENT_COLLAPSE__VOLATILITY_NEUTRAL,72,9,0,0,6,0,0,0.026736415760073979,0.039447456035858641,0,0,0.66666666666666663,0,0,0,0,0,0,False,0.039447456035858641,INSUFFICIENT_SUPPORT
intrinsic_subtype,MODERATE_COLLAPSE__BROAD_SHIFT__VOLATILITY_EXPANSION,72,2,0,0,6,0,0,0.12939892554218513,0.12939892554218513,0,0,1,0,0,0,0,0,0,False,0.12939892554218513,INSUFFICIENT_SUPPORT
intrinsic_subtype,MODERATE_COLLAPSE__CONCENTRATED_SHIFT__VOLATILITY_NEUTRAL,72,1,0,0,6,0,0,-0.080019123567388273,-0.080019123567388273,0,0,0,0,0,0,0,0,0,False,0.080019123567388273,INSUFFICIENT_SUPPORT
intrinsic_subtype,MODERATE_COLLAPSE__LOW_DISPLACEMENT_COLLAPSE__VOLATILITY_EXPANSION,72,1,0,0,6,0,0,0.050711666038455006,0.050711666038455006,0,0,1,0,0,0,0,0,0,False,0.050711666038455006,INSUFFICIENT_SUPPORT
intrinsic_subtype,SEVERE_COLLAPSE__BROAD_SHIFT__VOLATILITY_EXPANSION,72,4,0,0,6,0,0,0.021455050256130481,0.040543125083173037,0,0,0.75,0,0,0,0,0,0,False,0.040543125083173037,INSUFFICIENT_SUPPORT
intrinsic_subtype,SEVERE_COLLAPSE__CONCENTRATED_SHIFT__VOLATILITY_EXPANSION,72,1,0,0,6,0,0,-0.0041925458770407653,-0.0041925458770407653,0,0,0,0,0,0,0,0,0,False,0.0041925458770407653,INSUFFICIENT_SUPPORT
intrinsic_subtype,SEVERE_COLLAPSE__CONCENTRATED_SHIFT__VOLATILITY_NEUTRAL,72,2,0,0,6,0,0,0.06267779350183289,0.06267779350183289,0,0,1,0,0,0,0,0,0,False,0.06267779350183289,INSUFFICIENT_SUPPORT
volatility_state,VOLATILITY_EXPANSION,72,8,0,0,2,0,0,0.048892146533788303,0.048137277326488981,0,0,0.75,0,0,0,0,0,0,False,0.048137277326488981,INSUFFICIENT_SUPPORT
collapse_severity,MAJOR_COLLAPSE,168,10,0,0,5,0,0,0.023441835288955826,0.043407084366359872,0,0,0.69999999999999996,0,0,0,0,0,0,False,0.043407084366359872,INSUFFICIENT_SUPPORT
feature_displacement,BROAD_SHIFT,168,6,0,0,3,0,0,0.070220082204346626,0.055547062211438902,0,0,0.66666666666666663,0,0,0,0,0,0,False,0.055547062211438902,INSUFFICIENT_SUPPORT
feature_displacement,CONCENTRATED_SHIFT,168,5,0,0,3,0,0,-0.0065306638986339701,-0.00068582986111598299,0,0,0.40000000000000002,0,0,0,0,0,0,False,0.00068582986111598299,INSUFFICIENT_SUPPORT
intrinsic_subtype,MAJOR_COLLAPSE__CONCENTRATED_SHIFT__VOLATILITY_NEUTRAL,168,1,0,0,6,0,0,0.044808284042920477,0.044808284042920477,0,0,1,0,0,0,0,0,0,False,0.044808284042920477,INSUFFICIENT_SUPPORT
intrinsic_subtype,MAJOR_COLLAPSE__LOW_DISPLACEMENT_COLLAPSE__VOLATILITY_NEUTRAL,168,9,0,0,6,0,0,0.021067785427404197,0.042005884689799267,0,0,0.66666666666666663,0,0,0,0,0,0,False,0.042005884689799267,INSUFFICIENT_SUPPORT
intrinsic_subtype,MODERATE_COLLAPSE__BROAD_SHIFT__VOLATILITY_EXPANSION,168,2,0,0,6,0,0,0.01301836715438448,0.01301836715438448,0,0,0.5,0,0,0,0,0,0,False,0.01301836715438448,INSUFFICIENT_SUPPORT
intrinsic_subtype,MODERATE_COLLAPSE__CONCENTRATED_SHIFT__VOLATILITY_NEUTRAL,168,1,0,0,6,0,0,-0.04669695331180479,-0.04669695331180479,0,0,0,0,0,0,0,0,0,False,0.04669695331180479,INSUFFICIENT_SUPPORT
intrinsic_subtype,MODERATE_COLLAPSE__LOW_DISPLACEMENT_COLLAPSE__VOLATILITY_EXPANSION,168,1,0,0,6,0,0,0.18315866516346091,0.18315866516346091,0,0,1,0,0,0,0,0,0,False,0.18315866516346091,INSUFFICIENT_SUPPORT
intrinsic_subtype,SEVERE_COLLAPSE__BROAD_SHIFT__VOLATILITY_EXPANSION,168,4,0,0,6,0,0,0.098820939729327706,0.10895113633708764,0,0,0.75,0,0,0,0,0,0,False,0.10895113633708764,INSUFFICIENT_SUPPORT
intrinsic_subtype,SEVERE_COLLAPSE__CONCENTRATED_SHIFT__VOLATILITY_EXPANSION,168,1,0,0,6,0,0,-0.055648173225515074,-0.055648173225515074,0,0,0,0,0,0,0,0,0,False,0.055648173225515074,INSUFFICIENT_SUPPORT
intrinsic_subtype,SEVERE_COLLAPSE__CONCENTRATED_SHIFT__VOLATILITY_NEUTRAL,168,2,0,0,6,0,0,0.012441761500614767,0.012441761500614767,0,0,0.5,0,0,0,0,0,0,False,0.012441761500614767,INSUFFICIENT_SUPPORT
volatility_state,VOLATILITY_EXPANSION,168,8,0,0,2,0,0,0.068603873145503202,0.055547062211438902,0,0,0.625,0,0,0,0,0,0,False,0.055547062211438902,INSUFFICIENT_SUPPORT
