scenario,policy,period,observations,ce,annualized_mean,annualized_volatility,turnover,average_exposure,average_cash,cagr,maximum_drawdown,worst_21_session_return
cost10,fine_mlp16,all,1752,-0.0005729467616566626,0.02060985863237931,0.1188354756067844,170.41579599760016,0.670350099789692,0.32964990021030804,0.013606496158156345,-0.22198256766187607,-0.2136401620227001
cost10,fine_mlp16,excluding_2020,1499,0.0030988914584869354,0.020207898836218572,0.10679889942545175,146.67593649655308,0.6958222306105742,0.3041777693894258,,,
cost10,fine_mlp16,2018,247,-0.12765550570351394,-0.10271348798209573,0.12894964836818598,29.39567648164303,0.7461611805373227,0.2538388194626775,-0.10508994154072682,-0.15583846946033086,-0.08615238796457814
cost10,fine_mlp16,2019,252,0.1379527932635541,0.1454920581631136,0.07089553300248429,28.05419792564347,0.7410555599767228,0.2589444400232772,0.15367512663143823,-0.035624830388918616,-0.02319504752074164
cost10,fine_mlp16,2020,253,-0.022491859810124207,0.022991430705284248,0.174132689857301,23.739859501047086,0.519430241684939,0.48056975831506094,0.007690759146185666,-0.22198256766187596,-0.21364016202269998
cost10,fine_mlp16,2021,252,0.08660091444074032,0.09470516430911402,0.07350396754993885,25.138455980557147,0.6946605246492946,0.3053394753507054,0.09636080509353895,-0.04548628043035585,-0.034468094180586384
cost10,fine_mlp16,2022,251,-0.2150535118789288,-0.17902653531568516,0.15497736730082803,14.535950356041605,0.588863902621622,0.4111360973783779,-0.17392561762026726,-0.2063224394172185,-0.10119335423111042
cost10,fine_mlp16,2023,250,0.06090150942592638,0.07164547129745098,0.08463238888087156,23.140868062153025,0.6583545358439922,0.3416454641560078,0.07044526817153729,-0.09088636778032777,-0.04676268118521554
cost10,fine_mlp16,2024,247,0.07441522343653686,0.08970228487425973,0.10095233673281286,26.410787690514802,0.7471327337965608,0.25286726620343924,0.08828666376062855,-0.08496470230195619,-0.07365746200624468
cost10,momentum60,all,1752,-0.006320499828995685,0.006935525745244555,0.09400718261296222,104.38551356723003,0.6797950026578896,0.32020499734211055,0.0025103885832573614,-0.2896829611006154,-0.10173485894867884
cost10,momentum60,excluding_2020,1499,-0.01373105803782963,-0.0011658259441598114,0.09152497689581723,93.21601512783923,0.7035136797199653,0.2964863202800347,,,
cost10,momentum60,2018,247,-0.038365052337821615,-0.02450969828736924,0.0961088065699579,11.823597924908142,0.7498545874524335,0.2501454125475664,-0.0287106493478948,-0.08514957885271235,-0.05354043301096745
cost10,momentum60,2019,252,0.09114495949780552,0.09853988996716279,0.0702136286360289,16.621952481484144,0.7421571117350477,0.2578428882649523,0.10082755836533197,-0.038402290375177284,-0.029433412865011332
cost10,momentum60,2020,253,0.037536314041066915,0.05493523397614237,0.10769995337379198,11.16949843939081,0.5392641848078829,0.46073581519211715,0.0503692159356639,-0.09430496156917934,-0.09241481639726934
cost10,momentum60,2021,252,0.09799434614820082,0.10744280558390462,0.07936606930632176,9.229939374266102,0.63860989992838,0.3613901000716201,0.10991186862711766,-0.04090518478274985,-0.04090518478274985
cost10,momentum60,2022,251,-0.2959293637423723,-0.27612621738834214,0.11490038106705049,23.123882649578697,0.698373650636008,0.30162634936399196,-0.24637900345381047,-0.2876951504821158,-0.08519489767706623
cost10,momentum60,2023,250,0.1013974892897837,0.10964383650923407,0.07414556502560966,17.01054989457268,0.6467111652841562,0.35328883471584377,0.1128057669055309,-0.06748044518006258,-0.05729161306326469
cost10,momentum60,2024,247,-0.039425373797805176,-0.02309552815797157,0.10433869732697007,15.406092803029447,0.7466803976907533,0.2533196023092468,-0.028151172910430455,-0.11693700268913798,-0.10173485894867906
cost10,passive75,all,1752,0.04785644084234706,0.061788419516803646,0.09637419666576245,6.500181623816454,0.7497287134328502,0.25027128656714986,0.05879154399048825,-0.19706614190868155,-0.15834563072251817
cost10,passive75,excluding_2020,1499,0.0335607484464786,0.0441903125622339,0.08418061580417549,5.56492711344705,0.7495775687309251,0.2504224312690748,,,
cost10,passive75,2018,247,-0.05995863070582454,-0.05056857322214928,0.07912040395782984,1.5882067379051996,0.7497314301350039,0.2502685698649961,-0.05227903431627956,-0.09404981972022597,-0.05172496075235755
cost10,passive75,2019,252,0.15282483941430364,0.1574664184941721,0.0556272060528447,0.5069047597186899,0.7503673313452214,0.24963266865477868,0.16868249133001822,-0.026227066423634038,-0.02376057064709669
cost10,passive75,2020,253,0.13251311427653445,0.16605546427925438,0.1495378435998057,0.9352545103694044,0.7506242308565083,0.24937576914349158,0.1674062425832996,-0.16115831146220705,-0.1583456307225185
cost10,passive75,2021,252,0.053733655861094985,0.06157732236622716,0.07231259228807557,0.5829708333284941,0.7500466741391367,0.24995332586086325,0.06073680424608319,-0.04393457666377221,-0.0318541412444322
cost10,passive75,2022,251,-0.16871868743478266,-0.14482477405683342,0.12621123399008305,0.7716969208813187,0.7499045183080347,0.25009548169196516,-0.14169522709074622,-0.1885067877074703,-0.085154494459725
cost10,passive75,2023,250,0.1302233645224004,0.13934426359308164,0.07797819810981878,0.538060161793031,0.7503574526189009,0.2496425473810991,0.14600598255348451,-0.0738731694686875,-0.050372963895679024
cost10,passive75,2024,247,0.09274817431984346,0.10140747291430635,0.07597937700219665,1.5770876998203167,0.7470177556769663,0.25298224432303373,0.10352591893788099,-0.04025359152611441,-0.020066315893548348
cost10,past_mean,all,1752,0.04403461337886471,0.0702628011356864,0.13223259244432817,8.006635063223944,0.6180016091483362,0.3819983908516637,0.06338534806301532,-0.2536581733950658,-0.2471462613520946
cost10,past_mean,excluding_2020,1499,0.05936629767752344,0.08010708772178785,0.11758908692069575,6.723102996714855,0.6473535579899383,0.35264644201006173,,,
cost10,past_mean,2018,247,-0.07138558530620999,-0.04272374496889353,0.1382313045522286,1.5347697211317572,0.7461098831456309,0.25389011685436924,-0.050926769555525,-0.16744791633177492,-0.08649751511596648
cost10,past_mean,2019,252,0.18055429631925168,0.1942869758107565,0.09568238950299689,0.7989352548365243,0.6768453733999449,0.32315462660005506,0.20882561716328563,-0.06236527663271829,-0.05234790949778456
cost10,past_mean,2020,253,-0.046991661343310884,0.011936375868626902,0.1982053433722004,1.2835320665090895,0.4440942126520467,0.5559057873479534,-0.007946520195849405,-0.25365817339506636,-0.24714626135209516
cost10,past_mean,2021,252,0.10797130918164573,0.12092152852211924,0.09291651930800934,1.0965931464443752,0.5969912284809497,0.40300877151905046,0.12366102620731811,-0.04854367149539096,-0.04353051086433635
cost10,past_mean,2022,251,-0.1908969103067733,-0.15310920301423514,0.15871926430554076,0.944240792244686,0.5661059517081992,0.4338940482918008,-0.15271943203310145,-0.18662031151309932,-0.08808423647772423
cost10,past_mean,2023,250,0.17639072420648902,0.18725160042232983,0.08509162205466451,0.8058266698056944,0.5538280113249221,0.4461719886750779,0.20151536401126724,-0.07438784834631929,-0.04328544133134182
cost10,past_mean,2024,247,0.1529677601252041,0.17335326421612368,0.11657759673544935,1.5427374122518178,0.7471150684452338,0.2528849315547662,0.18118731377853492,-0.07588258451599306,-0.046439318119677386
cost10,rank_gbm2,all,1752,0.012512692107027625,0.036481699911529636,0.1264094084169951,146.02783524429682,0.6538026502458265,0.3461973497541735,0.028852644703198926,-0.2061468459400737,-0.19824164612424566
cost10,rank_gbm2,excluding_2020,1499,0.013463299795367797,0.03249526084869504,0.11264090746949572,122.42118211977194,0.6756268615679508,0.3243731384320492,,,
cost10,rank_gbm2,2018,247,-0.17470010524148447,-0.1509269261540093,0.12589196184950324,24.092316353134358,0.7403241894758719,0.25967581052412814,-0.1469104057450682,-0.18452113207828624,-0.07628765371936752
cost10,rank_gbm2,2019,252,0.1431952181295545,0.1550001522455351,0.0887127729096572,22.876620466006607,0.7073189060969058,0.29268109390309427,0.16303186329590447,-0.06711428531674024,-0.05861239423635878
cost10,rank_gbm2,2020,253,0.006692730903803672,0.06010095744192119,0.18869415560304195,23.606653124524904,0.5244963547048603,0.47550364529513955,0.04296561947106903,-0.2048217906514902,-0.19824164612424577
cost10,rank_gbm2,2021,252,0.03312693517573105,0.045687869827047756,0.09150932430201383,23.78826286062261,0.6499174686613711,0.3500825313386288,0.04238246561271275,-0.06151850458527863,-0.04627672548031214
cost10,rank_gbm2,2022,251,-0.20317453418916248,-0.16512713720010208,0.15926371628855163,20.551732293308756,0.6068158294048499,0.39318417059515,-0.16291096316603848,-0.20005337224043995,-0.08344212045947563
cost10,rank_gbm2,2023,250,0.17923289700404194,0.1891852811235401,0.08145503511958062,16.204271938551663,0.6042285625152707,0.3957714374847293,0.20419952502697059,-0.0681419661735585,-0.03962485066416721
cost10,rank_gbm2,2024,247,0.10190775085651578,0.11970265735337604,0.10891864394081868,14.907978208147942,0.7470166414627413,0.2529833585372586,0.12047744099998803,-0.07239744675704696,-0.06441939235991112
cost10,rank_mlp16,all,1752,0.0026100353704246564,0.026465701299604107,0.12611017915346737,156.56081520788362,0.6529369893508337,0.3470630106491663,0.018631859006513096,-0.24752916023513571,-0.23753692182110786
cost10,rank_mlp16,excluding_2020,1499,0.013852411852185047,0.03210971416010978,0.11032467934215726,139.23591717870391,0.6809719885969913,0.31902801140300874,,,
cost10,rank_mlp16,2018,247,-0.1350022979008647,-0.11166858101207877,0.12472293798331817,26.229322750198804,0.7466680006500891,0.253331999349911,-0.11260707872863862,-0.15517092323263781,-0.07427840195634317
cost10,rank_mlp16,2019,252,0.14088101280126697,0.15302887214664274,0.08999207130029392,28.031850159504074,0.7073758962138391,0.29262410378616094,0.1606052207354165,-0.05428698648800856,-0.05063801799614587
cost10,rank_mlp16,2020,253,-0.06419619944088178,-0.006974517190111299,0.19531458769682394,17.324898029179696,0.48683238907419285,0.5131676109258072,-0.025973527937431906,-0.24752916023513538,-0.23753692182110753
cost10,rank_mlp16,2021,252,0.042677713349286446,0.0539867466417745,0.08682946232889714,23.957223403685774,0.6562975470047131,0.3437024529952869,0.05150748532615901,-0.049001250894462944,-0.046923138431696376
cost10,rank_mlp16,2022,251,-0.1561293366963744,-0.11954161166237337,0.15617879718237695,21.842724545507075,0.6164972532504186,0.38350274674958135,-0.12341767531195724,-0.16703325075228692,-0.08478637565341385
cost10,rank_mlp16,2023,250,0.11351349195106845,0.1243044840258031,0.08481741988819141,19.338261497680442,0.613787946747537,0.3862120532524629,0.1282809497837578,-0.0806020531976015,-0.04406101688929254
cost10,rank_mlp16,2024,247,0.07561735138399242,0.0909938810611814,0.10124731988943045,19.83653482212775,0.7470304040587183,0.2529695959412817,0.08965804559969226,-0.08320212850803843,-0.07597535389557719
cost10,rank_ridge100,all,1752,0.035836538910896665,0.060919904074511554,0.12931451365724547,49.627773368411866,0.6364209844866471,0.3635790155133529,0.053903678480565986,-0.258637951609454,-0.2487730585127812
cost10,rank_ridge100,excluding_2020,1499,0.05001527639922147,0.06944701008692486,0.11381778914183667,40.399430267490516,0.6613483927273631,0.33865160727263693,,,
cost10,rank_ridge100,2018,247,-0.10226875998173506,-0.07761934102704127,0.1281910526120909,11.579758174818487,0.7399219656646787,0.26007803433532123,-0.08224693594593557,-0.14431123471489649,-0.08635354765243453
cost10,rank_ridge100,2019,252,0.1895932685606627,0.20293297371883567,0.09430342927017728,5.547897801430123,0.6801362939092432,0.31986370609075687,0.21947326374936282,-0.06236527663271929,-0.05234790949778545
cost10,rank_ridge100,2020,253,-0.048363239855610994,0.010397643550371037,0.19792403156427135,9.228343100921348,0.4887285538430369,0.5112714461569631,-0.009418143046393435,-0.25863795160945335,-0.24877305851278064
cost10,rank_ridge100,2021,252,0.06777069881415923,0.08070973693684769,0.09287639859041498,8.472548089989072,0.6797334982194709,0.32026650178052907,0.07939471622052241,-0.04476516286442922,-0.043530510864336125
cost10,rank_ridge100,2022,251,-0.18278746296903675,-0.14501037660808797,0.15869695725070634,3.0944490151381676,0.5681911240732168,0.4318088759267831,-0.14582167442967253,-0.18662031151309866,-0.08808423647772468
cost10,rank_ridge100,2023,250,0.16700751769453462,0.1777184255621378,0.08450210201568234,3.7223528776487234,0.5550289508474465,0.4449710491525534,0.19018302467621617,-0.07438784834632184,-0.043285441331342156
cost10,rank_ridge100,2024,247,0.16020371386969245,0.17717846318559913,0.10637903714519027,7.982424308465946,0.7471259826253709,0.25287401737462906,0.1870593900379427,-0.0684955280372741,-0.050538304698435454
cost10,raw_gbm2,all,1752,0.020160084181422833,0.03975290918623189,0.11428859670386791,207.70002765175363,0.6791419527744361,0.3208580472255639,0.03374884842808079,-0.20924180253843527,-0.1687002948110199
cost10,raw_gbm2,excluding_2020,1499,0.01309132730305378,0.029044564441546156,0.10312851897347107,181.869558219137,0.7029708944551225,0.2970291055448774,,,
cost10,raw_gbm2,2018,247,-0.11907685259945619,-0.09544299109650753,0.12552253848864128,27.010570034737256,0.7389207822525024,0.2610792177474977,-0.09816558221030369,-0.14047781349549548,-0.07558433617843185
cost10,raw_gbm2,2019,252,0.1482517338177256,0.15670984996866677,0.07509157143533113,35.83782055096232,0.7327534921101128,0.26724650788988735,0.16632287510981691,-0.03251813991780883,-0.0274166840023069
cost10,raw_gbm2,2020,253,0.061921007255624334,0.10319879366166237,0.1658870828928281,25.830469432616653,0.5379578279548746,0.46204217204512554,0.09338690594764287,-0.1912108312836589,-0.16870029481101956
cost10,raw_gbm2,2021,252,0.004196637418054405,0.013448721834513955,0.07853697395265302,31.813851956781292,0.6815171246036938,0.31848287539630626,0.010427388666920834,-0.06238773300010769,-0.049110381035498474
cost10,raw_gbm2,2022,251,-0.17377635876475844,-0.14447630956002683,0.13976181930873588,31.69579719254902,0.6661229238953511,0.33387707610464895,-0.1429448007659202,-0.19875832235561008,-0.08092972281459365
cost10,raw_gbm2,2023,250,0.13201427240100908,0.14138052230295955,0.07902003923879256,28.85539235243152,0.6524651231814893,0.3475348768185108,0.14824581771313428,-0.08649460782039842,-0.05599965257337147
cost10,raw_gbm2,2024,247,0.08612381075664421,0.10182463128801761,0.10230940175556823,26.656126131675585,0.74708747962298,0.25291252037702,0.10141084634359543,-0.06541170494199544,-0.053951586087360726
cost10,raw_mlp16,all,1752,-0.0003262118624349983,0.021121738984818644,0.11957689533588457,170.45153624142088,0.6678114331483356,0.33218856685166426,0.014036489470163227,-0.22008372059104542,-0.21364016202269986
cost10,raw_mlp16,excluding_2020,1499,0.0034278999459054355,0.020926216807949906,0.10800715057206312,146.26643136652035,0.6932691408815346,0.30673085911846537,,,
cost10,raw_mlp16,2018,247,-0.1307464704956942,-0.10594037067161254,0.12859782223164246,30.89425702738709,0.7461505411460887,0.25384945885391136,-0.10793468435598297,-0.15397166629014902,-0.08701938413904708
cost10,raw_mlp16,2019,252,0.17460984406783986,0.1830479401922962,0.07500264939523284,28.798243632322254,0.7378601224629142,0.26213987753708584,0.19744197516463946,-0.031144954341464803,-0.023092590154256132
cost10,raw_mlp16,2020,253,-0.022731243628480873,0.02228018856239271,0.1732270806213116,24.18510487490054,0.5169770304129002,0.4830229695870999,0.007133824064682326,-0.21680937414074264,-0.21364016202269975
cost10,raw_mlp16,2021,252,0.06566806023005883,0.07508067869929347,0.07921539610132462,23.78489126514794,0.6843487264232019,0.315651273576798,0.07459659758967008,-0.05549141560539761,-0.041742659407992155
cost10,raw_mlp16,2022,251,-0.22576131515755632,-0.18956403823896287,0.15534322626277902,13.237383688995237,0.5871880852202659,0.4128119147797343,-0.18263707264139695,-0.21010301150651522,-0.10119335423111053
cost10,raw_mlp16,2023,250,0.060901509425925926,0.07164547129745052,0.0846323888808715,23.14086806215302,0.6583545358439922,0.3416454641560079,0.07044526817153729,-0.09088636778032655,-0.046762681185215316
cost10,raw_mlp16,2024,247,0.07441522343653471,0.08970228487425767,0.10095233673281323,26.41078769051481,0.7471327337965608,0.25286726620343924,0.08828666376062522,-0.08496470230195674,-0.07365746200624546
cost10,raw_ridge100,all,1752,0.015607467038571427,0.04054985703641487,0.12895061069480165,149.2633343012382,0.6632499833730805,0.33675001662691967,0.03270615961272916,-0.2456932183619741,-0.23565607688823864
cost10,raw_ridge100,excluding_2020,1499,0.025058815744047773,0.044358671263402254,0.11343090560440888,133.4677803443136,0.6906007134489964,0.3093992865510036,,,
cost10,raw_ridge100,2018,247,-0.09694836796030512,-0.06621101233469338,0.14314877022550523,21.64861706537109,0.7455372197732221,0.25446278022677804,-0.07359928184082287,-0.16058311586284924,-0.08764927973061176
cost10,raw_ridge100,2019,252,0.17990062651211214,0.19126978425616414,0.08705997068707684,28.088304632494925,0.7076095546360923,0.2923904453639077,0.20614096682672578,-0.0597033807298889,-0.05134123048268724
cost10,raw_ridge100,2020,253,-0.04059653435354517,0.017983009106556834,0.1976183922953563,15.795553956924579,0.5011996103145897,0.4988003896854102,-0.00181048523540428,-0.24569321836197444,-0.23565607688823897
cost10,raw_ridge100,2021,252,0.056105259226735,0.06675729355161386,0.08426954501233472,22.056991715714357,0.694429729226351,0.30557027077364884,0.06525391203595876,-0.05799308595307118,-0.049994879215391586
cost10,raw_ridge100,2022,251,-0.1985409550005153,-0.16212075989240765,0.15582082682386128,13.991823860732872,0.5874303326633714,0.41256966733662864,-0.1599400545271068,-0.19478276807615313,-0.08133568072471864
cost10,raw_ridge100,2023,250,0.12140049692638287,0.13269485220022975,0.08677309596046799,27.684911110718033,0.6632018110501626,0.3367981889498375,0.1375958651225555,-0.09662140495289961,-0.054222718708411
cost10,raw_ridge100,2024,247,0.08726505569830886,0.10260543459872906,0.10112823179976399,19.99713195928233,0.7469773699663044,0.2530226300336956,0.1023991158854416,-0.055226178798227554,-0.04518566074911723
cost10,risk_gbm2,all,1752,0.005088627231643779,0.025296394591005446,0.1160682769159649,204.9569918336086,0.6789428249420159,0.32105717505798426,0.018706196384508766,-0.23425344376587853,-0.18663906405380826
cost10,risk_gbm2,excluding_2020,1499,-0.0014101474587512337,0.015210202750727915,0.10526268794300332,184.08171103867159,0.7038941432463153,0.2961058567536847,,,
cost10,risk_gbm2,2018,247,-0.1310810050863188,-0.10510376378743007,0.13159848352441542,24.94927019119678,0.7404313651365197,0.2595686348634802,-0.10752975903618078,-0.16324418735248192,-0.08034027767614949
cost10,risk_gbm2,2019,252,0.10415222490090112,0.11256274744193018,0.07488000418905376,29.700206550993578,0.7439890770101806,0.25601092298981953,0.11599645939059622,-0.03170436060800064,-0.02309279182521251
cost10,risk_gbm2,2020,253,0.0434678693670251,0.08505608458537706,0.1665096898448695,20.875280794937055,0.5311087295343282,0.4688912704656718,0.07362498842437137,-0.19118801616522585,-0.18663906405380848
cost10,risk_gbm2,2021,252,-0.029103844228118077,-0.01931303732876155,0.08079111708332183,34.41929861552397,0.6894796612578191,0.3105203387421808,-0.022316839126510613,-0.06339467236574647,-0.05496753231401985
cost10,risk_gbm2,2022,251,-0.1977635323134071,-0.1665870507592845,0.14416768374390196,30.779616782039078,0.642145196168081,0.357854803831919,-0.16221634680302566,-0.19814843151059336,-0.08439191354675402
cost10,risk_gbm2,2023,250,0.12677610823403979,0.1368473694464035,0.08194006432494301,31.810476307082208,0.6612149749533128,0.33878502504668734,0.14278806953239376,-0.08894417446681302,-0.047823904353276436
cost10,risk_gbm2,2024,247,0.11879214372700635,0.13304981380282355,0.09749417102513429,32.42284259183596,0.7471030911637805,0.2528969088362194,0.13687355397566714,-0.04612684467463213,-0.023633993134733244
cost10,risk_mlp16,all,1752,0.016219691536932822,0.035621360175456585,0.11372970482251259,190.39061151577556,0.6805645048101164,0.3194354951898836,0.029547602887769475,-0.22120608253936602,-0.2180546618772936
cost10,risk_mlp16,excluding_2020,1499,0.023682038051010726,0.03885462133303848,0.10057363233647194,165.27073673419233,0.7059368647482348,0.29406313525176514,,,
cost10,risk_mlp16,2018,247,-0.14585672210285214,-0.1208324563090089,0.1291620836877532,28.985172831237662,0.7448388208958509,0.25516117910414926,-0.12119316594305918,-0.16590685546385586,-0.088683317103743
cost10,risk_mlp16,2019,252,0.14957329538710615,0.1596622400438561,0.08201196927583174,23.61001378718693,0.7321729123367422,0.2678270876632578,0.16913219755552356,-0.05564851169135543,-0.0496290231651203
cost10,risk_mlp16,2020,253,-0.028151051804239078,0.01646460730899307,0.17246383024319842,25.119874781583242,0.5302357793269562,0.46976422067304374,0.0014204791328176203,-0.2212060825393657,-0.2180546618772934
cost10,risk_mlp16,2021,252,0.0902741053416126,0.0976736611126775,0.07023558343681591,25.932929204930872,0.6780422112186787,0.32195778878132136,0.09987671867017744,-0.037824835305953264,-0.03078217979093889
cost10,risk_mlp16,2022,251,-0.18198188758201675,-0.15496736428191032,0.13420015722819012,28.08598270034078,0.6800294206334538,0.3199705793665462,-0.15124876661663078,-0.15812932229171828,-0.08098651045918925
cost10,risk_mlp16,2023,250,0.10648185141212439,0.11729869376370973,0.08491895097320869,25.76652720644789,0.6544249967128389,0.3455750032871612,0.12040130205707533,-0.08317180322349405,-0.04810414876837121
cost10,risk_mlp16,2024,247,0.12230187301696215,0.1328428420604675,0.08382906832161645,32.890111004048215,0.7471916056807945,0.2528083943192056,0.13804411162793362,-0.037666062647039755,-0.025027101059505008
cost10,risk_ridge100,all,1752,0.02405674116891792,0.047631736439468685,0.12536611788557747,127.01034103237565,0.6819164802990727,0.31808351970092724,0.04051914390686728,-0.245693218361975,-0.23565607688823942
cost10,risk_ridge100,excluding_2020,1499,0.0391100591451994,0.057020821583026814,0.10927263285875811,108.7705134788927,0.6982059411541682,0.3017940588458318,,,
cost10,risk_ridge100,2018,247,-0.10245706769217702,-0.07268877717820094,0.14087415309174847,20.63266052162156,0.7454801431253829,0.2545198568746171,-0.0792833487382738,-0.15412252599948284,-0.0820725336996666
cost10,risk_ridge100,2019,252,0.19263287735380308,0.20346337718987673,0.08497254394243525,26.29391376268485,0.719876364052583,0.2801236359474169,0.22114572756862771,-0.057012511431434154,-0.04841855743279844
cost10,risk_ridge100,2020,253,-0.06531531465845347,-0.007997665260901435,0.19547830126393745,18.239827553482954,0.585403034363151,0.41459696563684895,-0.02699952336328404,-0.24569321836197466,-0.23565607688823909
cost10,risk_ridge100,2021,252,0.047368439443834745,0.05561153818811071,0.07413095954357157,13.036905558945179,0.7168527237200811,0.28314727627991887,0.05429090905520595,-0.053844188189499875,-0.04616047602039919
cost10,risk_ridge100,2022,251,-0.20453029245961718,-0.1705928758656634,0.1504159047307471,18.001931536700432,0.6123023625170306,0.3876976374829693,-0.1663460002402566,-0.2007783382730559,-0.07581243022034556
cost10,risk_ridge100,2023,250,0.14691765587994537,0.1570000872863681,0.08198549223865859,17.854848404676538,0.6487387828084804,0.3512612171915195,0.1660343929282222,-0.07682225945106269,-0.053054971131538786
cost10,risk_ridge100,2024,247,0.15440646918395373,0.1688674123943704,0.09818670381953172,12.950253694264138,0.7471610996984711,0.25283890030152895,0.17822833288280981,-0.05522617879822633,-0.04267824317265789
cost10,zero,all,1752,0.04436818254574608,0.05784355525543825,0.09478175882764282,6.798987667743143,0.7359818918068023,0.2640181081931977,0.05478453237955283,-0.19706614190868088,-0.15834563072251817
cost10,zero,excluding_2020,1499,0.03357462752988705,0.0440596322978044,0.08360623887373221,5.778837543930809,0.7453641634148915,0.25463583658510847,,,
cost10,zero,2018,247,-0.05995863070582454,-0.05056857322214928,0.07912040395782984,1.5882067379051996,0.7497314301350039,0.2502685698649961,-0.05227903431627956,-0.09404981972022597,-0.05172496075235755
cost10,zero,2019,252,0.15282483941430364,0.1574664184941721,0.0556272060528447,0.5069047597186899,0.7503673313452214,0.24963266865477868,0.16868249133001822,-0.026227066423634038,-0.02376057064709669
cost10,zero,2020,253,0.10825359975505372,0.1395119367316957,0.14435681943628895,1.0201501238123338,0.6803928596308112,0.31960714036918875,0.13770779287094803,-0.16115831146220705,-0.1583456307225185
cost10,zero,2021,252,0.05381890579725238,0.060799982221862,0.06822060502326073,0.796881263812253,0.7249836004536827,0.2750163995463174,0.06021699055208907,-0.0366238335604262,-0.03185414124443242
cost10,zero,2022,251,-0.16871868743478177,-0.1448247740568325,0.12621123399008313,0.7716969208813189,0.7499045183080347,0.2500954816919652,-0.14169522709074578,-0.18850678770746898,-0.08515449445972478
cost10,zero,2023,250,0.13022336452239944,0.13934426359308064,0.07797819810981875,0.5380601617930305,0.7503574526189009,0.2496425473810991,0.14600598255348318,-0.07387316946868616,-0.05037296389567969
cost10,zero,2024,247,0.09274817431984425,0.10140747291430724,0.07597937700219703,1.5770876998203172,0.7470177556769664,0.25298224432303373,0.10352591893788277,-0.04025359152611374,-0.020066315893548792
cost25,fine_mlp16,all,1752,-0.037465601935449074,-0.01611216669527832,0.11931313210810941,170.32146423774222,0.670350099789692,0.329649900210308,-0.022997826427805013,-0.27790640116995036,-0.2174823854193616
cost25,fine_mlp16,excluding_2020,1499,-0.03400869310525199,-0.01673743836649845,0.10730409976247736,146.59623989697772,0.6958222306105741,0.3041777693894258,,,
cost25,fine_mlp16,2018,247,-0.17282748826614097,-0.1475904771398738,0.12970996139147564,29.376115105478945,0.7461611805373227,0.2538388194626775,-0.14446847635874038,-0.18985863084996568,-0.08831865938499062
cost25,fine_mlp16,2019,252,0.09563000587122894,0.1034732978610775,0.07231086589556032,28.037101562062553,0.7410555599767228,0.2589444400232772,0.10611387721157528,-0.045139299463629934,-0.027649061379541817
cost25,fine_mlp16,2020,253,-0.05811186426499691,-0.012407493829037327,0.17455537886481678,23.725224340764512,0.519430241684939,0.48056975831506094,-0.027437066250388442,-0.22930721012640842,-0.21748238541936138
cost25,fine_mlp16,2021,252,0.04874795399598033,0.05703437619648388,0.07432551020344474,25.125006486120544,0.6946605246492946,0.3053394753507054,0.05577530732945091,-0.0502950771459405,-0.03650081312373976
cost25,fine_mlp16,2022,251,-0.23693378904616957,-0.20090216229064564,0.15498736885205391,14.529401497001038,0.588863902621622,0.4111360973783779,-0.19181611248096875,-0.21874457515722323,-0.10504681005613048
cost25,fine_mlp16,2023,250,0.025833833637556952,0.03666812748603934,0.08498742592675064,23.129553635461924,0.6583545358439922,0.3416454641560078,0.033627365569188106,-0.11435577981721168,-0.05001214523088593
cost25,fine_mlp16,2024,247,0.03387852501564898,0.049299209486252646,0.10139258510234254,26.399061610852712,0.7471327337965608,0.25286726620343924,0.045157166023107376,-0.08778577418355171,-0.07722874578497285
cost25,momentum60,all,1752,-0.02891913729794421,-0.015564785567249599,0.0943551861520945,104.35048043636024,0.6797950026578896,0.32020499734211055,-0.0198283797207488,-0.312170481698109,-0.10447047640038176
cost25,momentum60,excluding_2020,1499,-0.03732708001534376,-0.02464416018325522,0.09195259587449953,93.1841771762704,0.7035136797199655,0.2964863202800347,,,
cost25,momentum60,2018,247,-0.05647059762387272,-0.04262042391402133,0.09609083796023911,11.822149145892382,0.7498545874524336,0.25014541254756634,-0.046144001384130995,-0.09986538726027239,-0.055984342582584334
cost25,momentum60,2019,252,0.06612836162051083,0.07361998312686358,0.07067117048392853,16.614946912551723,0.7421571117350477,0.2578428882649523,0.07370783289991811,-0.03921463965867322,-0.03171857967514469
cost25,momentum60,2020,253,0.020851189422783658,0.038229611861178944,0.10763649454961914,11.166303260089862,0.5392641848078829,0.46073581519211715,0.03297716053740252,-0.09585073777326603,-0.09396381856738767
cost25,momentum60,2021,252,0.0841253214237798,0.09359533636489581,0.0794565497242193,9.227362659179022,0.63860989992838,0.36139010007162004,0.0946459472818828,-0.04172956304756559,-0.04172956304756559
cost25,momentum60,2022,251,-0.3308808245403017,-0.31085617039284175,0.1155412023117294,23.114653463255777,0.698373650636008,0.30162634936399196,-0.2721878224772494,-0.3088574344839845,-0.08859778239014826
cost25,momentum60,2023,250,0.07558994619925143,0.08394087655314372,0.0746142540175459,17.002105051898106,0.6467111652841562,0.35328883471584377,0.0845404312692477,-0.07123005744306143,-0.06101594976420388
cost25,momentum60,2024,247,-0.06316546017644942,-0.04661106190098105,0.10505363162203825,15.402959943493379,0.7466803976907533,0.25331960230924677,-0.05081592150156855,-0.12704295014486977,-0.1044704764003822
cost25,passive75,all,1752,0.046448819917445754,0.06038786533082878,0.09639863558295496,6.498604923555515,0.7497287134328502,0.25027128656714986,0.05730746588961466,-0.19793690785111373,-0.15859751219368312
cost25,passive75,excluding_2020,1499,0.03215318909105502,0.04278841446594903,0.0842030299331879,5.563428859677734,0.7495775687309251,0.2504224312690748,,,
cost25,passive75,2018,247,-0.062391207906824925,-0.05299581426640368,0.07914288193059962,1.5867615848235048,0.749731430135004,0.2502685698649961,-0.0545787678308558,-0.09480391485067508,-0.051821177175725985
cost25,passive75,2019,252,0.15206184086493627,0.15670670743421078,0.05564690209571131,0.5068928329986754,0.7503673313452214,0.24963266865477868,0.1677942277165212,-0.026286225921705486,-0.023819879991858972
cost25,passive75,2020,253,0.131105084646428,0.16466287262906884,0.14957225228996815,0.9351760638777799,0.7506242308565084,0.2493757691434916,0.1657762662409672,-0.16140935118385025,-0.158597512193683
cost25,passive75,2021,252,0.05285876055716571,0.06070276747258674,0.07231416143200459,0.5829706951276236,0.7500466741391368,0.24995332586086325,0.059809620925417084,-0.044002483462749375,-0.031935502058347276
cost25,passive75,2022,251,-0.16988713159669835,-0.14598283370316953,0.12623865729516406,0.7717222827350838,0.7499045183080347,0.2500954816919652,-0.1426922197694619,-0.18926584233593646,-0.08527875134518426
cost25,passive75,2023,250,0.12940877291581865,0.13853065666288594,0.07798240719148258,0.5380322025387003,0.7503574526189009,0.2496425473810991,0.14507409057023612,-0.07405996545607485,-0.050433280641739575
cost25,passive75,2024,247,0.0903229098578936,0.09899448917214734,0.07603323533935118,1.577049261454147,0.7470177556769663,0.25298224432303373,0.10086287628966106,-0.04035987120005724,-0.02014139217027
cost25,past_mean,all,1752,0.042295005999288794,0.0685413150437997,0.13227826489263939,8.004795290262145,0.6180016091483362,0.3819983908516637,0.06154975406555119,-0.25428073464591083,-0.24761716071002948
cost25,past_mean,excluding_2020,1499,0.057668945742737565,0.07841161146211284,0.11759440383333235,6.721523483517593,0.6473535579899383,0.35264644201006173,,,
cost25,past_mean,2018,247,-0.07372970977137665,-0.04507265120794535,0.1382197732198769,1.533334122751422,0.7461098831456309,0.2538901168543692,-0.05315239232992952,-0.1676915677973274,-0.08657469083601566
cost25,past_mean,2019,252,0.17935441035182223,0.19308827043972332,0.09568650231494195,0.7988499992787551,0.6768453733999449,0.32315462660005506,0.2073780256493163,-0.06245123671850683,-0.05243478795158618
cost25,past_mean,2020,253,-0.04898189173233493,0.010060784091027486,0.19839804404842706,1.2832718067445503,0.4440942126520467,0.5559057873479535,-0.00984696795772888,-0.25428073464591117,-0.24761716071002982
cost25,past_mean,2021,252,0.10632539652032624,0.1192761200099196,0.09291832789998378,1.0965189843902805,0.5969912284809497,0.40300877151905046,0.12181430403089633,-0.04864519504689013,-0.04362628640057675
cost25,past_mean,2022,251,-0.19232209586410184,-0.1545285540495291,0.1587315171698693,0.9443220786318711,0.5661059517081991,0.43389404829180084,-0.15392364091850763,-0.18716112481328262,-0.08820258878725484
cost25,past_mean,2023,250,0.1751730485057779,0.18603187567700868,0.08508359485913754,0.8057052306725964,0.5538280113249221,0.44617198867507796,0.20005262031874227,-0.07471973850673885,-0.04342253584859668
cost25,past_mean,2024,247,0.15059582570132324,0.17099118293092813,0.11660576666587544,1.542793067792669,0.7471150684452338,0.25288493155476627,0.17839852441047754,-0.07598528120038339,-0.04657488580099922
cost25,rank_gbm2,all,1752,-0.019097839215054327,0.005012712030180619,0.12678209980181204,145.96151747344032,0.6538026502458265,0.3461973497541735,-0.003067918342507636,-0.2716703554008957,-0.20144040496132876
cost25,rank_gbm2,excluding_2020,1499,-0.017498443407178415,0.001651852856232211,0.11299054905436598,122.37096093052271,0.6756268615679508,0.3243731384320492,,,
cost25,rank_gbm2,2018,247,-0.2116417523565348,-0.1877436441838922,0.12622231227122668,24.08127923236843,0.7403241894758719,0.25967581052412814,-0.1778035651000569,-0.21220938658921573,-0.08116204797126869
cost25,rank_gbm2,2019,252,0.10869952100103172,0.12072722392042545,0.0895459022676591,22.866507891627926,0.7073189060969058,0.29268109390309427,0.12378326742005563,-0.07121723578143846,-0.060994730352909476
cost25,rank_gbm2,2020,253,-0.028763948140843494,0.024925470535116054,0.18919023702076446,23.590556542917582,0.5244963547048603,0.4755036452951395,0.00681380051282332,-0.20955150110764376,-0.20144040496132887
cost25,rank_gbm2,2021,252,-0.002670270490610943,0.010042926296380816,0.09206228611467984,23.776952844012477,0.6499174686613711,0.3500825313386288,0.0058330268765294235,-0.07051132169241081,-0.049201012814060086
cost25,rank_gbm2,2022,251,-0.23419596929223624,-0.19601787715035282,0.15953702212314946,20.543014199611186,0.6068158294048499,0.39318417059515,-0.18842895385924796,-0.21919921154989574,-0.0866244494329147
cost25,rank_gbm2,2023,250,0.15470929954707696,0.1646579730876662,0.08143984913455751,16.19851862925152,0.6042285625152707,0.3957714374847293,0.17504435888977254,-0.07522241055858936,-0.04167942148676884
cost25,rank_gbm2,2024,247,0.07903537278807564,0.09688552057935339,0.10908757274556298,14.904688133651185,0.7470166414627413,0.2529833585372586,0.09519017108011263,-0.07384281820347893,-0.06589802894335006
cost25,rank_mlp16,all,1752,-0.03133796471946763,-0.007248649651111138,0.12672625370815757,156.49029571972596,0.6529369893508337,0.3470630106491663,-0.01521692617274395,-0.2816821246505321,-0.24079678672389848
cost25,rank_mlp16,excluding_2020,1499,-0.021443008624026445,-0.002934147192014734,0.1110821360736031,139.1726624733562,0.6809719885969913,0.31902801140300874,,,
cost25,rank_mlp16,2018,247,-0.17538685643332655,-0.15168060011551915,0.12571464066900984,26.216216775337415,0.7466680006500891,0.253331999349911,-0.14753885641747566,-0.1852880935481126,-0.07850529269580886
cost25,rank_mlp16,2019,252,0.09854599020216485,0.11106824767405121,0.09136832956733004,28.016359923946954,0.7073758962138391,0.292624103786161,0.11279667418939487,-0.06694794514844038,-0.05588400893028933
cost25,rank_mlp16,2020,253,-0.09016469036877647,-0.032811650387022245,0.19553864065149926,17.317633246369745,0.48683238907419285,0.5131676109258072,-0.050872689752603395,-0.25230892558223583,-0.24079678672389848
cost25,rank_mlp16,2021,252,0.006623705402183185,0.018080430766940103,0.08739460458082035,23.94625542878801,0.6562975470047131,0.3437024529952869,0.014375958552630186,-0.05192357906283662,-0.04985185244084278
cost25,rank_mlp16,2022,251,-0.18927500195482194,-0.15229669657975992,0.15701020216334566,21.830917312013526,0.6164972532504187,0.3835027467495814,-0.1517920785926593,-0.18684099986200753,-0.08783680630114399
cost25,rank_mlp16,2023,250,0.08416679441207105,0.0950836913714688,0.0853107924372126,19.32826477341352,0.613787946747537,0.3862120532524629,0.0957563084889419,-0.08405469526425857,-0.04821890607188628
cost25,rank_mlp16,2024,247,0.04516096162008817,0.060635233276218135,0.1015686029444466,19.834648259856785,0.7470304040587183,0.2529695959412817,0.0570487930618786,-0.08530258134830004,-0.07880528645631624
cost25,rank_ridge100,all,1752,0.0250916429289107,0.05022527519249058,0.1294440220419104,49.6106512733489,0.6364209844866471,0.3635790155133529,0.04267652571912506,-0.25980352329414236,-0.2497975012506981
cost25,rank_ridge100,excluding_2020,1499,0.03979951259507713,0.05926652924656581,0.11392107399859103,40.38500534248577,0.6613483927273631,0.33865160727263693,,,
cost25,rank_ridge100,2018,247,-0.12007816385553266,-0.09530037646412888,0.12852441374152432,11.577074310887646,0.7399219656646787,0.26007803433532123,-0.09837618563822847,-0.14980633085864292,-0.08779723029425424
cost25,rank_ridge100,2019,252,0.1812499927147946,0.1946095161728345,0.0943734548060343,5.546039818616796,0.6801362939092432,0.31986370609075687,0.209364814724202,-0.062451236718507386,-0.05243478795158685
cost25,rank_ridge100,2020,253,-0.062241469266527426,-0.0033432616733543464,0.19815517083533815,9.225645930863129,0.4887285538430369,0.5112714461569631,-0.022985578825408193,-0.25980352329414236,-0.249797501250698
cost25,rank_ridge100,2021,252,0.0550384221806254,0.06800324232584043,0.09296888420403544,8.46947120264788,0.6797334982194709,0.32026650178052907,0.0657606008959637,-0.044860814769483115,-0.04362628640057631
cost25,rank_ridge100,2022,251,-0.18743716965681084,-0.14967359852404738,0.15866856679414792,3.0939547844959514,0.5681911240732168,0.4318088759267832,-0.14979426457468792,-0.18716112481328206,-0.08820258878725451
cost25,rank_ridge100,2023,250,0.16138151455113253,0.17208491392818998,0.08447247826780604,3.7203434913515356,0.5550289508474466,0.4449710491525534,0.18350446596328673,-0.07471973850673752,-0.04342253584859701
cost25,rank_ridge100,2024,247,0.1479417922676525,0.164972266935483,0.1065535066459742,7.978121734485963,0.7471259826253709,0.25287401737462906,0.17264555561910866,-0.06925092674856614,-0.0520470845697425
cost25,raw_gbm2,all,1752,-0.02485163789228949,-0.00498726271270161,0.11507787270536383,207.5779444995265,0.6791419527744361,0.3208580472255639,-0.011571621645605545,-0.2692641083828544,-0.17378499264897274
cost25,raw_gbm2,excluding_2020,1499,-0.032976176684666715,-0.016742665536085583,0.1040304799840929,181.76546915553394,0.7029708944551225,0.2970291055448774,,,
cost25,raw_gbm2,2018,247,-0.16066298015263558,-0.13665414392019362,0.1265143897808782,26.998858625646854,0.7389207822525024,0.2610792177474977,-0.13470318569831652,-0.17158121292522266,-0.07978506248789785
cost25,raw_gbm2,2019,252,0.09409545561771829,0.103077765779644,0.0773835045382228,35.81326240971798,0.7327534921101128,0.26724650788988724,0.1052547254676417,-0.03919071535879137,-0.032532057954826166
cost25,raw_gbm2,2020,253,0.023169548720079404,0.06466233741477892,0.16631854716116204,25.812475343992613,0.5379578279548746,0.46204217204512554,0.05197902788230069,-0.19370587591638644,-0.17378499264897307
cost25,raw_gbm2,2021,252,-0.04363534414698015,-0.03424367953489238,0.0791271744812858,31.79490566295602,0.6815171246036938,0.3184828753963062,-0.03667894635476898,-0.07593574278827131,-0.0555094978191617
cost25,raw_gbm2,2022,251,-0.22172605097244888,-0.19207870838332647,0.14058767748069156,31.676348189948875,0.6661229238953511,0.3338770761046489,-0.18290932402698645,-0.22898842653417617,-0.08518636552482195
cost25,raw_gbm2,2023,250,0.08825811682725121,0.09776076495368426,0.07959333358363224,28.839500543681318,0.6524651231814892,0.34753487681851075,0.09920850273374437,-0.09630153171402589,-0.05931750500534172
cost25,raw_gbm2,2024,247,0.04518839911435958,0.061059484784664046,0.10286264521293907,26.642593723582863,0.74708747962298,0.25291252037702,0.05736688601063067,-0.06825604406334262,-0.05802255586673444
cost25,raw_mlp16,all,1752,-0.03725098891541813,-0.015595491529102846,0.12015406051209222,170.35626757805574,0.6678114331483356,0.3321885668516643,-0.022590633244278457,-0.2708531356809941,-0.2174823854193616
cost25,raw_mlp16,excluding_2020,1499,-0.03360607120559638,-0.01590028184926165,0.10864556857456185,146.185996808123,0.6932691408815346,0.30673085911846537,,,
cost25,raw_mlp16,2018,247,-0.17824482065437208,-0.15309249037854383,0.12949216263498536,30.874194355644377,0.7461505411460887,0.25384945885391136,-0.14914225059209296,-0.18867973696603113,-0.08850519900382825
cost25,raw_mlp16,2019,252,0.13112838184468728,0.1399315091879909,0.076607777426332,28.780062760473925,0.7378601224629141,0.26213987753708584,0.14680135902376357,-0.03998640921419616,-0.02684427574077941
cost25,raw_mlp16,2020,253,-0.059009868077943145,-0.013789638999782512,0.17362839452532072,24.170270769932706,0.5169770304129001,0.4830229695870999,-0.02862245196877511,-0.22063611248798987,-0.2174823854193617
cost25,raw_mlp16,2021,252,0.02978544681134658,0.0394735604740859,0.08036630165576995,23.771106374097762,0.684348726423202,0.315651273576798,0.03691877129260224,-0.06491249234272556,-0.0485345819107027
cost25,raw_mlp16,2022,251,-0.24573386364493116,-0.2094609224621504,0.15550550083042242,13.232018071592316,0.5871880852202658,0.4128119147797343,-0.19877322755322668,-0.22272967036970237,-0.10504681005613103
cost25,raw_mlp16,2023,250,0.025833833637555405,0.03666812748603777,0.08498742592675054,23.12955363546192,0.6583545358439922,0.3416454641560078,0.03362736556918633,-0.11435577981721246,-0.050012145230885596
cost25,raw_mlp16,2024,247,0.033878525015647636,0.049299209486251286,0.1013925851023425,26.399061610852712,0.7471327337965608,0.25286726620343924,0.045157166023107154,-0.08778577418355171,-0.07722874578497296
cost25,raw_ridge100,all,1752,-0.016719101522155055,0.00838888731097187,0.12937797038941606,149.18112276492,0.6632499833730805,0.33675001662691967,-3.205457638910669e-05,-0.24689107919253872,-0.23671050592603204
cost25,raw_ridge100,excluding_2020,1499,-0.008730781998920486,0.010748359804755093,0.1139565466999756,133.3926507314042,0.6906007134489964,0.3093992865510036,,,
cost25,raw_ridge100,2018,247,-0.13025734049839502,-0.0992411055090655,0.14379669673843815,21.635500499919853,0.7455372197732221,0.25446278022677804,-0.10379310796187136,-0.17158119576856623,-0.0924875019911019
cost25,raw_ridge100,2019,252,0.13749906218058805,0.14919964032992128,0.0883197907203636,28.07050737486943,0.7076095546360923,0.2923904453639077,0.15635540657367986,-0.06131468182813948,-0.05296686103996284
cost25,raw_ridge100,2020,253,-0.0642573812194361,-0.005590754065237827,0.19776522639095456,15.788472033515783,0.5011996103145897,0.49880038968541024,-0.02509888799672777,-0.24689107919253872,-0.23671050592603193
cost25,raw_ridge100,2021,252,0.022927084738423833,0.03369322689604537,0.08471970316922164,22.04616520855283,0.694429729226351,0.30557027077364884,0.030575086814313757,-0.069382333150807,-0.0549238948249926
cost25,raw_ridge100,2022,251,-0.21965092956114196,-0.18316020078646042,0.15597164010311093,13.985021439811925,0.5874303326633713,0.4125696673366286,-0.17746219966415278,-0.2087001246619975,-0.0844044535733417
cost25,raw_ridge100,2023,250,0.0794231366538691,0.09084393640510406,0.08725747246410077,27.668364372588048,0.6632018110501625,0.3367981889498375,0.09094285998035989,-0.10553285198043727,-0.05514246453580085
cost25,raw_ridge100,2024,247,0.05650381910795474,0.07205493183501627,0.10182047183502779,19.98709183566212,0.7469773699663044,0.2530226300336956,0.06916483615057745,-0.056018934522650166,-0.04672215488372922
cost25,risk_gbm2,all,1752,-0.039310908558960786,-0.018856082765352604,0.11677564184825584,204.83491799595845,0.6789428249420159,0.32105717505798426,-0.025376482161532987,-0.3282355376605377,-0.19109487909860834
cost25,risk_gbm2,excluding_2020,1499,-0.048013034093304326,-0.031141211722082583,0.10605603038401208,183.97430432519516,0.7038941432463153,0.2961058567536847,,,
cost25,risk_gbm2,2018,247,-0.16946708110614506,-0.1431782822376093,0.13238529341417485,24.937439245741828,0.7404313651365197,0.2595686348634802,-0.14097878978901268,-0.1920603063047751,-0.08116910282907197
cost25,risk_gbm2,2019,252,0.059398798835019445,0.06808059456301874,0.07607801140057616,29.678684862876985,0.7439890770101807,0.25601092298981953,0.06736185089840552,-0.035574626560785916,-0.026812699764776404
cost25,risk_gbm2,2020,253,0.012134137208620971,0.053932092357723456,0.16692903711677903,20.860613670763257,0.5311087295343282,0.4688912704656718,0.04064859567005952,-0.1937288542453588,-0.1910948790986079
cost25,risk_gbm2,2021,252,-0.08082370549619916,-0.0709165991668822,0.08126953643818806,34.39996534571895,0.6894796612578191,0.3105203387421808,-0.07153468056830847,-0.09349107243209864,-0.059251352981337324
cost25,risk_gbm2,2022,251,-0.24441965678048314,-0.21276064357648516,0.14527907214277394,30.760840709615586,0.642145196168081,0.357854803831919,-0.20017885077364583,-0.22975973166796715,-0.08842222770255814
cost25,risk_gbm2,2023,250,0.07856123096335245,0.08874180027221898,0.08238353115708878,31.793539467123225,0.6612149749533128,0.33878502504668734,0.0890982782684695,-0.1020508268622784,-0.05225027425486861
cost25,risk_gbm2,2024,247,0.06897234399808365,0.08346762741337785,0.09830321600468013,32.4038346941186,0.7471030911637806,0.2528969088362194,0.0818156023106662,-0.046856479019797836,-0.02736275552755596
cost25,risk_mlp16,all,1752,-0.025023466397932206,-0.005397390665597608,0.11438553443606,190.2861340718881,0.6805645048101164,0.3194354951898836,-0.011902976121690001,-0.25944992655504584,-0.22132778795316765
cost25,risk_mlp16,excluding_2020,1499,-0.01816743429326428,-0.002762895538063644,0.10133949133219039,165.18206820557486,0.7059368647482348,0.2940631352517651,,,
cost25,risk_mlp16,2018,247,-0.1904417702002654,-0.16506543984591815,0.13006749620702643,28.969170684420085,0.7448388208958509,0.25516117910414926,-0.15934103453733783,-0.19948288243209555,-0.09215461903547872
cost25,risk_mlp16,2019,252,0.11399627922906538,0.12429051240627198,0.08284215181981776,23.59604667714448,0.7321729123367422,0.2678270876632578,0.12844548175056447,-0.05783116846221692,-0.05182559263432729
cost25,risk_mlp16,2020,253,-0.06580346121924932,-0.021006513970630858,0.1728138637351731,25.10406586631325,0.5302357793269562,0.46976422067304374,-0.03547719800795557,-0.2244660171597226,-0.22132778795316754
cost25,risk_mlp16,2021,252,0.05119307179609178,0.05881430797272036,0.07127989981581333,25.920345978213177,0.6780422112186787,0.32195778878132136,0.057889893100268264,-0.041464572587418314,-0.032428090174764
cost25,risk_mlp16,2022,251,-0.2245058661277008,-0.19713217726868926,0.13508932565531484,28.07104089369386,0.6800294206334537,0.3199705793665462,-0.18641545969757134,-0.19050570571121106,-0.08518973684910403
cost25,risk_mlp16,2023,250,0.06742907126036174,0.07834621708131483,0.08531176480397487,25.752959027643488,0.6544249967128389,0.3455750032871612,0.07757773861688455,-0.09185577886090679,-0.05123195559886817
cost25,risk_mlp16,2024,247,0.07182514710232381,0.08251332274894983,0.08441238316197462,32.87250494445979,0.7471916056807945,0.2528083943192056,0.08215386772125655,-0.042751890230927736,-0.029430298025762802
cost25,risk_ridge100,all,1752,-0.003412545290621287,0.020245293875377126,0.1255861966034973,126.94255666695256,0.6819164802990727,0.31808351970092724,0.012383828484798798,-0.27655331339604805,-0.23671050592603138
cost25,risk_ridge100,excluding_2020,1499,0.01160250497415849,0.029612486638969707,0.10957488053019944,108.714969256778,0.6982059411541682,0.3017940588458318,,,
cost25,risk_ridge100,2018,247,-0.13415216034911678,-0.10419597215852489,0.14131805308261666,20.62144605406661,0.745480143125383,0.25451985687461715,-0.10790784070356685,-0.1717161205297516,-0.08624574510855332
cost25,risk_ridge100,2019,252,0.15294110515873582,0.16408448438216472,0.08619117984043334,26.274571641820202,0.7198763640525829,0.2801236359474169,0.17390340553789208,-0.059942011115855176,-0.051374755229158464
cost25,risk_ridge100,2020,253,-0.09255797810743825,-0.03525439763697576,0.1954543091883838,18.22758741017455,0.585403034363151,0.41459696563684895,-0.053164886096667585,-0.24689107919253817,-0.2367105059260317
cost25,risk_ridge100,2021,252,0.027789494075914273,0.036053537121659596,0.07422507683052192,13.03072918737124,0.7168527237200811,0.28314727627991887,0.03386748841137455,-0.05743972238991124,-0.04916760050702951
cost25,risk_ridge100,2022,251,-0.23164843757560694,-0.19767961373855114,0.15048548952652277,17.99344710773763,0.6123023625170306,0.3876976374829693,-0.18864967252174214,-0.21802893581527083,-0.07903702344912089
cost25,risk_ridge100,2023,250,0.11989161071644233,0.1299837079168756,0.08202478162292692,17.847364549450337,0.6487387828084804,0.3512612171915195,0.13496752945419077,-0.08285942285662995,-0.05398120396464656
cost25,risk_ridge100,2024,247,0.13453937599183874,0.14903804552698358,0.09831469722323596,12.947410716331992,0.7471610996984711,0.25283890030152895,0.1550942087588847,-0.056018934522649944,-0.04350406434551091
cost25,zero,all,1752,0.04289678751521792,0.0563783051315294,0.09480336708616588,6.797186654334953,0.7359818918068023,0.2640181081931977,0.05323823912769199,-0.19793690785111262,-0.15859751219368312
cost25,zero,excluding_2020,1499,0.03211344630813376,0.04260372540234785,0.08362726466973991,5.777143162653374,0.7453641634148915,0.25463583658510847,,,
cost25,zero,2018,247,-0.062391207906824925,-0.05299581426640368,0.07914288193059962,1.5867615848235048,0.749731430135004,0.2502685698649961,-0.0545787678308558,-0.09480391485067508,-0.051821177175725985
cost25,zero,2019,252,0.15206184086493627,0.15670670743421078,0.05564690209571131,0.5068928329986754,0.7503673313452214,0.24963266865477868,0.1677942277165212,-0.026286225921705486,-0.023819879991858972
cost25,zero,2020,253,0.10672158438505233,0.13799132890245092,0.1443831581069357,1.0200434916815793,0.6803928596308112,0.31960714036918875,0.13597524683590767,-0.16140935118385025,-0.158597512193683
cost25,zero,2021,252,0.052624982439466346,0.059604160701404174,0.06821132976242694,0.7966849981032627,0.7249836004536826,0.2750163995463174,0.05895086681531869,-0.03670188750015424,-0.03193550205834761
cost25,zero,2022,251,-0.16988713159669822,-0.14598283370316928,0.1262386572951644,0.7717222827350838,0.7499045183080347,0.25009548169196516,-0.1426922197694609,-0.18926584233593435,-0.08527875134518448
cost25,zero,2023,250,0.12940877291581895,0.1385306566628863,0.0779824071914828,0.5380322025387007,0.750357452618901,0.2496425473810991,0.14507409057023612,-0.07405996545607385,-0.050433280641739575
cost25,zero,2024,247,0.09032290985789233,0.0989944891721461,0.07603323533935125,1.577049261454147,0.7470177556769663,0.25298224432303373,0.10086287628965884,-0.04035987120005713,-0.020141392170270445
delay1,fine_mlp16,all,1752,-0.00012848901787643544,0.02060145934876879,0.11755834967267738,170.57827527444897,0.6700724506795093,0.32992754932049073,0.013754487959964923,-0.23348824606390461,-0.21379376448115184
delay1,fine_mlp16,excluding_2020,1499,0.004937181536948634,0.02160846439805338,0.10542385201684594,146.8041678665192,0.6955064270548912,0.30449357294510876,,,
delay1,fine_mlp16,2018,246,-0.10925922931316001,-0.08522770291779594,0.12657415848785794,28.957893698320618,0.7466767675159485,0.2533232324840516,-0.08901925426311108,-0.1530487522101427,-0.08925739437931324
delay1,fine_mlp16,2019,252,0.15978599136775587,0.16712058749410397,0.06992660974835495,28.546689138231166,0.7409675346647351,0.259032465335265,0.17896430312361367,-0.028804589497524735,-0.024752285804888086
delay1,fine_mlp16,2020,253,-0.03030341910591828,0.014635053938185405,0.17308663157333223,23.774107407929737,0.5193786538941435,0.4806213461058566,-0.0004900327985514208,-0.21798265058843558,-0.21379376448115195
delay1,fine_mlp16,2021,252,0.08016338211802511,0.08796858416377051,0.07213506796625992,25.130026355605782,0.6931620831193586,0.3068379168806416,0.08910837582650966,-0.04634788092384212,-0.042279924245007705
delay1,fine_mlp16,2022,251,-0.22348063617835298,-0.18849925988138652,0.15271187750568382,14.586326477622379,0.5892364009502024,0.4107635990497977,-0.18143611396419213,-0.21028263879682085,-0.09605812431082583
delay1,fine_mlp16,2023,250,0.050859741832451205,0.06173649425919416,0.0851537919560562,23.17902894148221,0.6569955502983176,0.3430044497016825,0.05984639134333092,-0.09386542973305656,-0.045936195213577946
delay1,fine_mlp16,2024,248,0.06949994440544299,0.08449121958913275,0.09997091304871218,26.40420325525707,0.7473135542406733,0.25268644575932675,0.08273832684182114,-0.07944687649631144,-0.06854461816415225
delay1,momentum60,all,1752,0.008088012702074803,0.021338481411939284,0.09398747686035795,104.38609413439153,0.6796820494959126,0.3203179505040873,0.017058645028076747,-0.28884378588633786,-0.08940395796751999
delay1,momentum60,excluding_2020,1499,-0.005318488757805929,0.007105906227101756,0.09101060372252487,93.24750902846499,0.7031910819816529,0.2968089180183471,,,
delay1,momentum60,2018,246,-0.03142906631321079,-0.017137694509276633,0.09760932948557105,11.83905399642287,0.7498867290104785,0.2501132709895215,-0.021664494417113156,-0.08213801816816846,-0.052676102594732876
delay1,momentum60,2019,252,0.07581538327473246,0.08315185876653508,0.06993556792649752,16.61686672973098,0.7420386570691864,0.25796134293081374,0.084043992734534,-0.03948130363934388,-0.035682122003312666
delay1,momentum60,2020,253,0.08750115120854039,0.10566508300115453,0.1100422094550212,11.138585105926538,0.5403933550448269,0.45960664495517306,0.10473781314869401,-0.07802326932830539,-0.0738678425533219
delay1,momentum60,2021,252,0.08748675067914274,0.09667175564069597,0.07825175168030095,9.197500967814149,0.6372012631974007,0.3627987368025993,0.09812143906896686,-0.038884123433038154,-0.03810729486362818
delay1,momentum60,2022,251,-0.27430354348791575,-0.25400244719478643,0.11633599698897829,23.137306072714185,0.6980622923224367,0.3019377076775632,-0.22962884529385086,-0.28029568175042907,-0.08940395796751988
delay1,momentum60,2023,250,0.11706670940884109,0.12537985249337597,0.07444525095457677,17.01076119900189,0.6463130461471788,0.3536869538528214,0.13042250945864775,-0.059273377891022494,-0.04891989975005118
delay1,momentum60,2024,248,-0.006964197091058432,0.007910187804970806,0.09958040267719762,15.446020062780919,0.7469795957137658,0.25302040428623424,0.00295671268248876,-0.08664955907637706,-0.08506390280779852
delay1,passive75,all,1752,0.04772390445570753,0.061516926213215,0.09589237633064639,6.480790637188679,0.7496062913043041,0.25039370869569577,0.05855402157610956,-0.19649779669096112,-0.15883487932774398
delay1,passive75,excluding_2020,1499,0.0338197236440178,0.04444783692377813,0.08417487067512223,5.620779834733965,0.7495769213941845,0.25042307860581553,,,
delay1,passive75,2018,246,-0.05984402617921504,-0.05038464056530684,0.07941194542346135,1.5901888591476112,0.7498930399788019,0.2501069600211982,-0.05212654503987246,-0.09385103749743018,-0.05187762539484264
delay1,passive75,2019,252,0.1529348639940734,0.1575713949845372,0.055596948300326646,0.5383426765528949,0.7503568087018546,0.2496431912981455,0.16880711331577025,-0.026087284247708897,-0.023623974779836354
delay1,passive75,2020,253,0.13005965246996706,0.1626495935842264,0.147399550235088,0.8600108024547147,0.7497803051195986,0.25021969488040147,0.16381380055504247,-0.16163234186914943,-0.15883487932774432
delay1,passive75,2021,252,0.05391567628843022,0.06176789743329181,0.07235201515213238,0.5733636080688832,0.7500960806713785,0.24990391932862163,0.0609358657111474,-0.04365671395803494,-0.03184852283348205
delay1,passive75,2022,251,-0.16726979157160443,-0.14342363330654925,0.12608504607355353,0.8596303315835498,0.749487073218418,0.25051292678158193,-0.1404772396928573,-0.1877287218675885,-0.08523881789602528
delay1,passive75,2023,250,0.12923441240543707,0.13833771437024542,0.07790293946019558,0.4976757596594151,0.7503173644386354,0.2496826355613646,0.1448603238563655,-0.07403524506462666,-0.05042582530996664
delay1,passive75,2024,248,0.09281337888040117,0.10146504357217136,0.07594587850028545,1.5615785997216114,0.7472878738933906,0.2527121261066095,0.10359201292319264,-0.04106578068643296,-0.02003758809045597
delay1,past_mean,all,1752,0.04475369180985225,0.07115370670074689,0.13266502902899124,7.97413998895268,0.6177408424403761,0.3822591575596239,0.06426981231781559,-0.2537187930627979,-0.2465714370946226
delay1,past_mean,excluding_2020,1499,0.059818887603456605,0.08057485370039984,0.1176320990686449,6.728980550904345,0.6470680751069064,0.3529319248930935,,,
delay1,past_mean,2018,246,-0.07430991021817893,-0.045451114833286003,0.13870543220531037,1.4843435915435974,0.7468259606108266,0.2531740393891735,-0.0535740996218147,-0.167341598960839,-0.08656151267526802
delay1,past_mean,2019,252,0.17989193568845588,0.19362517920929834,0.09568435441889983,0.8675259054986124,0.676450801612302,0.3235491983876981,0.20802642386324122,-0.06228252566276293,-0.05226303013081479
delay1,past_mean,2020,253,-0.04469940697211826,0.015334341671182593,0.20005623983153814,1.245159438048335,0.44397988683907563,0.5560201131609243,-0.00494908852641307,-0.25371879306279854,-0.24657143709462315
delay1,past_mean,2021,252,0.10832910318651907,0.12128602609338213,0.09294056490346597,1.0945399868122176,0.5956154464241256,0.40438455357587455,0.12406789012537334,-0.04871735654500964,-0.04367501353515735
delay1,past_mean,2022,251,-0.1883427516096268,-0.15054436766409163,0.15874168523219342,0.9779582127535089,0.56648861309672,0.43351138690327995,-0.15054486850267923,-0.18567082729136164,-0.08753012963153117
delay1,past_mean,2023,250,0.17492833255164159,0.1857245096775451,0.08483779474543776,0.789588149241925,0.5524636379833353,0.4475363620166647,0.19970886386907116,-0.07470779179590081,-0.04322995260455076
delay1,past_mean,2024,248,0.15689603356214843,0.1772603430399716,0.11651697867070175,1.5150247050544845,0.7474621467205614,0.2525378532794385,0.18581592970820093,-0.07636143980761778,-0.04682778146508104
delay1,rank_gbm2,all,1752,0.01240148041485583,0.036436573604556606,0.1265835513003191,146.06136604834066,0.6535271140790502,0.3464728859209498,0.028787080452372216,-0.21226071785765277,-0.20546877658483753
delay1,rank_gbm2,excluding_2020,1499,0.019067859413206198,0.037951801199242394,0.11220202548984635,122.492808962823,0.6755839772525732,0.3244160227474268,,,
delay1,rank_gbm2,2018,246,-0.168905100154878,-0.14574562772315866,0.12425638127602497,24.064047067730442,0.7410184648675928,0.25898153513240724,-0.14229480607694378,-0.18655193554379523,-0.07983253891106279
delay1,rank_gbm2,2019,252,0.15174103944592549,0.16331723182666769,0.08784908415664602,22.91104795268514,0.7069100247265954,0.29308997527340475,0.17283050103516495,-0.06436215181620786,-0.05582638108216542
delay1,rank_gbm2,2020,253,-0.02729164111680905,0.027458999832090266,0.1910508500354453,23.568557085517646,0.5228423793078603,0.47715762069213996,0.009031750814556316,-0.2122607178576532,-0.20546877658483764
delay1,rank_gbm2,2021,252,0.04485923252494283,0.05734249296255722,0.09122594820047783,23.814553212668564,0.6499465777581404,0.3500534222418598,0.054627682614970086,-0.05396814758061841,-0.044539315863551865
delay1,rank_gbm2,2022,251,-0.19565886696926066,-0.15706082714867853,0.16041205237467276,20.57976084133472,0.6067936517464344,0.39320634825356554,-0.15627623778049315,-0.19420984542711217,-0.07990102420319989
delay1,rank_gbm2,2023,250,0.1665886536968512,0.17664616802988722,0.08188412273058411,16.21098534922242,0.6033603121776538,0.39663968782234604,0.18916295596381127,-0.07335665897684684,-0.044599971745624245
delay1,rank_gbm2,2024,248,0.113430642270508,0.13063568297388392,0.10709821256950998,14.912414539181718,0.7473253672792642,0.2526746327207357,0.1330136132924502,-0.0690824691582147,-0.061056138448973285
delay1,rank_mlp16,all,1752,0.012180681889776807,0.03572199843390336,0.12527653822411322,156.67768132342582,0.6526627304974326,0.3473372695025675,0.02821146582049172,-0.24780712696242513,-0.23842545561354433
delay1,rank_mlp16,excluding_2020,1499,0.02446411085919813,0.042367573971553926,0.10925036418659603,139.33550841430332,0.680663953121748,0.31933604687825196,,,
delay1,rank_mlp16,2018,246,-0.10027293879308777,-0.07850959055306957,0.12045289048702318,26.27619646642087,0.747028588650527,0.25297141134947304,-0.08219033339315895,-0.13361878958067785,-0.07077988992576778
delay1,rank_mlp16,2019,252,0.1628338071482438,0.17454181613908015,0.08834783148003252,28.06820238303097,0.707470548511222,0.2925294514887781,0.18600153086617155,-0.0513014770543504,-0.0476406677748521
delay1,rank_mlp16,2020,253,-0.060790192370211577,-0.0036523799492515973,0.1951713988967304,17.342172909122517,0.4867582533675945,0.5132417466324055,-0.02270591967610558,-0.2478071269624248,-0.2384254556135441
delay1,rank_mlp16,2021,252,0.0422817273934378,0.053949844319375995,0.08819719166329577,23.92339028756558,0.655016125636171,0.34498387436382916,0.05134307414201622,-0.049215005455681804,-0.04714873332047487
delay1,rank_mlp16,2022,251,-0.18088206264437823,-0.14452149088157298,0.15569322777565983,21.86444989431941,0.6166380463284573,0.38336195367154263,-0.14499353594922537,-0.1828441163908222,-0.09108935205101454
delay1,rank_mlp16,2023,250,0.10540973216926117,0.11604042495379836,0.08418508492022088,19.35778576669573,0.6123431956464779,0.3876568043535221,0.11905801115826309,-0.07688473405570107,-0.04569038521345892
delay1,rank_mlp16,2024,248,0.11584238354433304,0.1310775895028578,0.10078097028878934,19.84548361627075,0.7473292036139734,0.2526707963860265,0.13425595199620832,-0.08197710469947894,-0.07309422658760023
delay1,rank_ridge100,all,1752,0.03542239888554037,0.060659612675259704,0.12971048220227316,49.669688681732936,0.6361068757216106,0.36389312427838927,0.05357312358263577,-0.2558558673063326,-0.24532086531520458
delay1,rank_ridge100,excluding_2020,1499,0.051018097048878,0.07050834300666549,0.11398902273987466,40.42973826481349,0.6611331426899403,0.3388668573100597,,,
delay1,rank_ridge100,2018,246,-0.10237350604960865,-0.07752890457190095,0.12869758215213345,11.586215315108635,0.7406090834069423,0.25939091659305763,-0.08222490580999531,-0.1420161650619377,-0.08590340080299785
delay1,rank_ridge100,2019,252,0.18583612784807452,0.1990438069606174,0.09383559776738216,5.57192815242666,0.6796919768139709,0.32030802318602924,0.21479658789246048,-0.062282525662764154,-0.05226303013081579
delay1,rank_ridge100,2020,253,-0.05716925084924925,0.0023068586563772084,0.19912493482840776,9.239950416919456,0.4878287168855396,0.5121712831144605,-0.01764506320154202,-0.25585586730633236,-0.24532086531520425
delay1,rank_ridge100,2021,252,0.0861062260120058,0.09907923522824647,0.09299824090178863,8.464826167451523,0.6788137652083838,0.3211862347916161,0.09938659927947602,-0.044937294632769076,-0.0436750135351579
delay1,rank_ridge100,2022,251,-0.18697016845065154,-0.14917891733103694,0.15872670667873254,3.1238914288116,0.5686046043003563,0.43139539569964364,-0.1493807646085682,-0.1864336634741568,-0.08753012963153095
delay1,rank_ridge100,2023,250,0.1664663533481621,0.17705400898552892,0.08401450524509373,3.7142746735790673,0.5536792667903745,0.44632073320962556,0.1894415339085025,-0.07470779179590048,-0.04322995260455087
delay1,rank_ridge100,2024,248,0.1552768927511887,0.17265127445078046,0.10762398028813644,7.968602527436004,0.747442447610872,0.252557552389128,0.18154176749551176,-0.07307512617372347,-0.04809571714416161
delay1,raw_gbm2,all,1752,0.016735844478661114,0.035782673829130134,0.11268489798391804,207.82384506557503,0.6789281687096443,0.32107183129035577,0.029845058423243254,-0.22131301892642818,-0.1831997320829174
delay1,raw_gbm2,excluding_2020,1499,0.017143464586378873,0.03259216647276138,0.1014846519968496,181.98929908134255,0.7029957483599024,0.29700425164009775,,,
delay1,raw_gbm2,2018,246,-0.08304737880207405,-0.06043928105273283,0.12276833942929866,26.607810447361743,0.7395942233631657,0.2604057766368343,-0.06570377424099105,-0.12649681419805758,-0.06647491245432513
delay1,raw_gbm2,2019,252,0.16809468776950384,0.17570348106190303,0.0712216881406181,36.28602442210914,0.7325516517364205,0.26744834826357955,0.18900974097133338,-0.02857217441221016,-0.02696832151548545
delay1,raw_gbm2,2020,253,0.014177329714018652,0.05468611464808969,0.16433458742064624,25.83454598423245,0.5363301375011988,0.46366986249880127,0.041916236481013947,-0.18349074394597875,-0.1831997320829175
delay1,raw_gbm2,2021,252,-0.026724003057751217,-0.01807511687704333,0.07593368238451186,31.835255324266654,0.6813962331284938,0.3186037668715061,-0.02073309146966895,-0.0742317585465615,-0.051597637793099116
delay1,raw_gbm2,2022,251,-0.18094102428631562,-0.15160605447812356,0.1398450804955065,31.765102305182445,0.6664037729089449,0.3335962270910551,-0.14905003983866316,-0.20144502422556276,-0.08512449105828834
delay1,raw_gbm2,2023,250,0.13688049469574526,0.1461099510948765,0.07844087539512912,28.85173136171065,0.6516786961079383,0.3483213038920616,0.15373834907197903,-0.08896869138928698,-0.054980542992254744
delay1,raw_gbm2,2024,248,0.08768369585688171,0.10293147099736613,0.10082253432139866,26.643375220711924,0.7473732251252684,0.25262677487473156,0.10279699742362092,-0.06306449612580078,-0.05047147894807347
delay1,raw_mlp16,all,1752,0.002316561256139958,0.023185704431983957,0.11795237224078765,170.5529025524661,0.6675493049842816,0.3324506950157185,0.016330818776010503,-0.22784727171182695,-0.21379376448115106
delay1,raw_mlp16,excluding_2020,1499,0.008232839286085668,0.02513339806615615,0.10614631028308828,146.33965809647543,0.6929774141284012,0.3070225858715988,,,
delay1,raw_mlp16,2018,246,-0.10284577012498106,-0.07937428651363956,0.1250905901372854,30.45974782423211,0.7466968036953231,0.253303196304677,-0.08349989820184911,-0.15319666501778562,-0.08943519930628319
delay1,raw_mlp16,2019,252,0.18123023220318799,0.18912227564152162,0.07253524861901568,29.23634135110951,0.7377790988150108,0.26222090118498914,0.20495061470180387,-0.030071146873020038,-0.02578342716932136
delay1,raw_mlp16,2020,253,-0.03289624445398529,0.011645812109358965,0.1723215145463933,24.213244455990626,0.5168902709643786,0.48310972903562144,-0.00334117888035923,-0.21696121379644295,-0.21379376448115084
delay1,raw_mlp16,2021,252,0.07665754302011323,0.08549701921483299,0.07676577446892059,23.806592374007522,0.6829043276898333,0.31709567231016667,0.08604965100035167,-0.04870310272730671,-0.039925327568613556
delay1,raw_mlp16,2022,251,-0.22805594596767714,-0.19279270973378917,0.15332587568941297,13.253744350387032,0.5876129783423778,0.41238702165762214,-0.1850214755883558,-0.21220012591760862,-0.09605812431082517
delay1,raw_mlp16,2023,250,0.05085974183245143,0.0617364942591944,0.08515379195605628,23.17902894148221,0.6569955502983176,0.3430044497016825,0.05984639134333114,-0.09386542973305656,-0.045936195213577835
delay1,raw_mlp16,2024,248,0.06949994440544151,0.08449121958913118,0.09997091304871189,26.404203255257073,0.7473135542406733,0.25268644575932675,0.08273832684181959,-0.07944687649631088,-0.06854461816415214
delay1,raw_ridge100,all,1752,0.0082919364646701,0.03305858184647594,0.1284955132337464,149.33104478191223,0.6629275042744762,0.33707249572552384,0.025057351308306997,-0.24625622860541552,-0.23558532254895226
delay1,raw_ridge100,excluding_2020,1499,0.01968972065192454,0.038630808467179326,0.11237166847936594,133.58047650373186,0.6904105458039055,0.3095894541960946,,,
delay1,raw_ridge100,2018,246,-0.10680718825221241,-0.07633635592489685,0.14252679824584,21.59427937838477,0.7462236085464216,0.2537763914535785,-0.08285334296260927,-0.15919453673179063,-0.08485714251723941
delay1,raw_ridge100,2019,252,0.17976579046125898,0.19079555549574978,0.0857506658263394,28.19931211846225,0.70725689960598,0.29274310039401985,0.20570634341768868,-0.05746073683679287,-0.0490664685882376
delay1,raw_ridge100,2020,253,-0.05944332617430337,4.368973408709592e-05,0.19914319121073068,15.750568278180374,0.500093198928174,0.499906801071826,-0.01986636865561342,-0.2462562286054153,-0.23558532254895215
delay1,raw_ridge100,2021,252,0.03877388898097414,0.04866672300579944,0.0812109763715279,22.088447173536643,0.6935589173541545,0.30644108264584535,0.04642130879840711,-0.05724288052353088,-0.04412653291943913
delay1,raw_ridge100,2022,251,-0.20644565614022495,-0.17038109144542476,0.15505819272088397,14.04157392604389,0.5874912746194783,0.4125087253805218,-0.1667558839858918,-0.19750272555816517,-0.08088431179874611
delay1,raw_ridge100,2023,250,0.11883020911303918,0.12981871702985934,0.08559013929505414,27.69630778913853,0.6622736288416443,0.3377263711583558,0.1344422266046159,-0.09996186511559635,-0.05332119596311646
delay1,raw_ridge100,2024,248,0.09222536894635171,0.10747099178537425,0.10081541826203154,19.960556118165783,0.7472584574345986,0.2527415425654014,0.10780913330036901,-0.06048387238195174,-0.04717868213088883
delay1,risk_gbm2,all,1752,-0.004527983449341874,0.015290548228826169,0.1149450062078037,205.04712675514313,0.6786973447927186,0.32130265520728146,0.008701219166507679,-0.24219615083842916,-0.19705596442860251
delay1,risk_gbm2,excluding_2020,1499,-0.004952301032021426,0.011178542783480669,0.10370099265195776,184.19474832587707,0.703880744341794,0.29611925565820596,,,
delay1,risk_gbm2,2018,246,-0.11402727691510688,-0.088866526204619,0.12951383635346425,24.90551477523227,0.7411101955754178,0.25888980442458237,-0.09266212342960001,-0.15215118816118656,-0.07899589880891367
delay1,risk_gbm2,2019,252,0.0987827115300388,0.10659383439029857,0.0721624226323727,29.79574408151016,0.7436676839970667,0.2563323160029334,0.10957973899307083,-0.03395685854076558,-0.02634123484490114
delay1,risk_gbm2,2020,253,-0.0021605122633050547,0.039653774167849494,0.16696164515871012,20.852378429266064,0.5294881909426628,0.4705118090573372,0.025933195441014023,-0.19705596442860274,-0.19705596442860274
delay1,risk_gbm2,2021,252,-0.05269692967648276,-0.04310717998013691,0.07995727899466419,34.40944944006522,0.6892613985723293,0.3107386014276707,-0.04524384108050972,-0.07682430602225121,-0.05952141378876186
delay1,risk_gbm2,2022,251,-0.18867892260229052,-0.1578009082010644,0.14347593155003643,30.85407870365959,0.6425193611459957,0.35748063885400433,-0.15473270402631112,-0.1946745468396447,-0.08594949414534436
delay1,risk_gbm2,2023,250,0.14189123720320035,0.15166674788612394,0.08072798227349097,31.82515290903321,0.6603687525496111,0.33963124745038886,0.15995329443916195,-0.09349267887495727,-0.04834065581596714
delay1,risk_gbm2,2024,248,0.08441288228706097,0.09802623046108566,0.0952657622094622,32.40480841637661,0.7473445607429878,0.25265543925701217,0.09799799263178355,-0.043878093814196495,-0.02743037529067327
delay1,risk_mlp16,all,1752,0.015797508854257184,0.03494821828287362,0.11299176792615301,190.36485755361662,0.6803459493004002,0.31965405069959985,0.028945517669416,-0.21997696530229793,-0.21682171492301072
delay1,risk_mlp16,excluding_2020,1499,0.025211327974740388,0.03993787334627868,0.09908429196577458,165.2348045643449,0.7056615147009966,0.2943384852990035,,,
delay1,risk_mlp16,2018,246,-0.09478270760486054,-0.07138811083616294,0.1248855389778913,28.9272588333568,0.7455944943214091,0.25440550567859105,-0.07612335467945552,-0.16113316904809016,-0.08694711058598648
delay1,risk_mlp16,2019,252,0.13874716357199432,0.14839112474003968,0.08018296231347138,23.65068038136077,0.7318379862435124,0.26816201375648757,0.15620772306718056,-0.055873211457255656,-0.04985583690337081
delay1,risk_mlp16,2020,253,-0.040134792228032234,0.005385005081117892,0.17420255893480271,25.13005298927172,0.5303537258399503,0.4696462741600498,-0.009882789956107696,-0.21997696530229793,-0.21682171492301072
delay1,risk_mlp16,2021,252,0.08985708708450463,0.09705611006484316,0.06927733145523883,25.913381081738038,0.6765811360080408,0.3234188639919592,0.09926986280199235,-0.03947599618091835,-0.03731083587201556
delay1,risk_mlp16,2022,251,-0.19808285103178366,-0.17201417304122918,0.13182988530818668,28.067391484234896,0.6797730175961585,0.3202269824038415,-0.16534344599887918,-0.17494863742177857,-0.08017088798155758
delay1,risk_mlp16,2023,250,0.11683339655294046,0.12778762924397316,0.08545654915816459,25.80737981851881,0.6538895826566178,0.34611041734338216,0.13215728386522918,-0.08285152768576842,-0.0493161249680143
delay1,risk_mlp16,2024,248,0.09702845406235433,0.10808183211005078,0.08584240617820713,32.86871296513557,0.7473924316352638,0.2526075683647362,0.11003214070397305,-0.046471819068040654,-0.025242300583119825
delay1,risk_ridge100,all,1752,0.011704201501094209,0.03524495442026207,0.12527503853300243,127.09556406473483,0.6815806480318407,0.31841935196815935,0.027720335901284532,-0.26319889398080576,-0.2355853225489528
delay1,risk_ridge100,excluding_2020,1499,0.03252658776368472,0.05025148188447465,0.10870416772381183,108.88234611773001,0.6981204273393945,0.3018795726606055,,,
delay1,risk_ridge100,2018,246,-0.1138906695249035,-0.08476093550158587,0.1393550238857995,20.568419613823707,0.7461613629240301,0.25383863707597,-0.09014276151393619,-0.15678779594805892,-0.0860895862898986
delay1,risk_ridge100,2019,252,0.19048669309012095,0.2007129100354763,0.08256802022314837,26.351932827286525,0.7194587980651688,0.28054120193483123,0.21803899894577183,-0.057629006274889205,-0.0490318094380322
delay1,risk_ridge100,2020,253,-0.11181823996597082,-0.053667237946752405,0.19689422205712118,18.213217947004804,0.5835840900001279,0.4164159099998721,-0.07071349067724897,-0.24625622860541585,-0.2355853225489527
delay1,risk_ridge100,2021,252,0.06023683397946195,0.06809104428919222,0.0723611788633024,13.039310701775719,0.7167972286396846,0.28320277136031535,0.06766488532008186,-0.05203071577987495,-0.045241946524415266
delay1,risk_ridge100,2022,251,-0.23737257481994237,-0.20317504799702152,0.15099122893493042,18.09171292534775,0.6122895773044027,0.3877104226955973,-0.1931624102295615,-0.21542814446099667,-0.08419489959814308
delay1,risk_ridge100,2023,250,0.13509067381590434,0.14488860350525112,0.08082049941834796,17.876239638943133,0.6477696211050714,0.35223037889492853,0.1521118613552337,-0.0872993910041937,-0.052906663484519
delay1,risk_ridge100,2024,248,0.15929293211812087,0.17425141596508373,0.09986151693541367,12.95473041055319,0.7474323281981655,0.25256767180183437,0.18438705368671404,-0.06048387238195141,-0.04672418749916529
delay1,zero,all,1752,0.04440009691297613,0.0577459128469994,0.09432502649181805,6.786072952847348,0.735850284831209,0.26414971516879104,0.05472797785358585,-0.19649779669096223,-0.15883487932774398
delay1,zero,excluding_2020,1499,0.03375848102568155,0.04424138337620511,0.08359785623456925,5.830366604592032,0.7452793130792199,0.25472068692078004,,,
delay1,zero,2018,246,-0.05984402617921504,-0.05038464056530684,0.07941194542346135,1.5901888591476112,0.7498930399788019,0.2501069600211982,-0.05212654503987246,-0.09385103749743018,-0.05187762539484264
delay1,zero,2019,252,0.1529348639940734,0.1575713949845372,0.055596948300326646,0.5383426765528949,0.7503568087018546,0.2496431912981455,0.16880711331577025,-0.026087284247708897,-0.023623974779836354
delay1,zero,2020,253,0.1073864253941268,0.13775891552178454,0.1422966153911323,0.9557063482553156,0.6799842241839027,0.3200157758160973,0.13605693853277923,-0.16163234186914943,-0.15883487932774432
delay1,zero,2021,252,0.05355399599452692,0.06053982652927936,0.06824383017168385,0.7829503779269491,0.7245321327978392,0.2754678672021608,0.059939554630447534,-0.036372034327516234,-0.031848522833482384
delay1,zero,2022,251,-0.16726979157160676,-0.14342363330655158,0.12608504607355356,0.8596303315835501,0.749487073218418,0.25051292678158193,-0.14047723969285808,-0.18772872186758827,-0.08523881789602483
delay1,zero,2023,250,0.1292344124054384,0.13833771437024675,0.07790293946019561,0.49767575965941513,0.7503173644386354,0.2496826355613646,0.14486032385636705,-0.07403524506462666,-0.05042582530996664
delay1,zero,2024,248,0.09281337888039892,0.10146504357216908,0.07594587850028535,1.5615785997216118,0.7472878738933906,0.2527121261066095,0.10359201292318865,-0.04106578068643285,-0.020037588090456193
