candidate_ordinal,candidate_id,predictor,outcome_family,horizon_hours,status,rankable,directionally_consistent,pooled_n_obs,partition_1_complete_n,partition_2_complete_n,partition_3_complete_n,pooled_development_mean,pooled_development_population_std,pooled_coefficient,pooled_standard_error_hc3,pooled_p_value,pooled_confidence_interval_low,pooled_confidence_interval_high,partition_2_development_mean,partition_2_development_population_std,partition_2_coefficient,partition_2_standard_error_hc3,partition_2_p_value,partition_2_confidence_interval_low,partition_2_confidence_interval_high,partition_3_development_mean,partition_3_development_population_std,partition_3_coefficient,partition_3_standard_error_hc3,partition_3_p_value,partition_3_confidence_interval_low,partition_3_confidence_interval_high,family_bh_rank,family_bh_adjusted_q_value,failure_reason
0,return_trailing_24h__R__24h,return_trailing_24h,R,24,MULTIPLICITY_NOT_MET,true,false,403,135,134,134,0.00081334170503960328,0.028606545280473267,-0.0017729227170039438,0.0028472938867702509,0.53350180884471321,-0.007353516188474702,0.0038076707544668145,0.00077122966958377906,0.034015037865439079,0.0072375435884542878,0.0071105586503990743,0.30874513756002864,-0.0066988952762876315,0.021173982453196207,0.0010232467047216151,0.031479681459522228,-0.00079927753309707336,0.0054327589220397659,0.88303584520148992,-0.011447289356983661,0.0098487342907895153,13,0.9620085770959278,
1,return_trailing_24h__R__72h,return_trailing_24h,R,72,MULTIPLICITY_NOT_MET,true,false,399,132,134,133,0.00063504601661220174,0.028645059028761438,-0.0044446484834329411,0.0035972136143441686,0.21661438298497437,-0.011495057612244668,0.0026057606453787846,0.00026324813963790183,0.034133788917123133,0.0060125824308345215,0.0078047547491974815,0.44107789732586011,-0.0092844557857604849,0.021309620647429528,0.00077400794213724545,0.031516754195199587,-0.0086785144164769779,0.005234136618108419,0.097305284949792001,-0.018937233678131757,0.0015802048451778027,4,0.9620085770959278,
2,return_trailing_24h__R__168h,return_trailing_24h,R,168,MULTIPLICITY_NOT_MET,true,false,389,124,133,132,0.0001202345009850901,0.028538860768645185,0.00044553889481155508,0.0061253399724483073,0.94201539941702406,-0.011559906844250694,0.012450984633873804,-0.0011636646154820601,0.033996174632490619,0.015385121405654772,0.012172845461820425,0.2062699906101203,-0.008473217288885105,0.039243460100194652,3.9058643232814666e-05,0.031423501087699618,-0.019248465108063606,0.0081991100042590487,0.018893350018081095,-0.035318425421693389,-0.0031785047944338229,23,0.96867488297600135,
3,return_trailing_24h__M__24h,return_trailing_24h,M,24,MULTIPLICITY_NOT_MET,true,false,403,135,134,134,0.00081334170503960328,0.028606545280473267,-0.0042477941371929229,0.001940946211151256,0.028631950907118009,-0.00805197880697886,-0.00044360946740698614,0.00077122966958377906,0.034015037865439079,-0.011207838574502346,0.0050929946966867751,0.027761648526587149,-0.021189924753461924,-0.0012257523955427705,0.0010232467047216151,0.031479681459522228,0.0033663622320214037,0.0037016127617334827,0.36312254522089926,-0.0038886654656900663,0.010621389929732874,9,0.076351869085648019,
4,return_trailing_24h__M__72h,return_trailing_24h,M,72,MULTIPLICITY_NOT_MET,true,false,399,132,134,133,0.00063504601661220174,0.028645059028761438,-0.0010109190376877326,0.0024513607570397083,0.68005288153204879,-0.005815497834600402,0.0037936597592249373,0.00026324813963790183,0.034133788917123133,-0.010988035261047023,0.0052986026538225772,0.038101517709202101,-0.021373105630927626,-0.00060296489116641941,0.00077400794213724545,0.031516754195199587,0.0039499077239024604,0.0030136717730798426,0.18997168511129359,-0.0019567804125589974,0.0098565958603639182,17,0.89387601960310337,
5,return_trailing_24h__M__168h,return_trailing_24h,M,168,MULTIPLICITY_NOT_MET,true,false,389,124,133,132,0.0001202345009850901,0.028538860768645185,0.00067152746280222178,0.0044193442194018582,0.87922492465877122,-0.0079902280425106983,0.0093332829681151419,-0.0011636646154820601,0.033996174632490619,-0.0011891152979981727,0.0089597944456730576,0.89441735146458912,-0.018749989720399384,0.01637175912440304,3.9058643232814666e-05,0.031423501087699618,0.010035893608111402,0.0056530155031695641,0.075845586711300039,-0.0010438131821475152,0.021115600398370321,21,0.98971026250988026,
6,return_trailing_24h__V__24h,return_trailing_24h,V,24,MULTIPLICITY_NOT_MET,true,true,403,135,134,134,0.00081334170503960328,0.028606545280473267,-0.003634216807044914,0.0016216431914609323,0.025021505154572764,-0.0068125790580829326,-0.00045585455600689537,0.00077122966958377906,0.034015037865439079,-0.005301481343534648,0.0037535426331513633,0.15783396257577242,-0.012658289718946961,0.0020553270318776646,0.0010232467047216151,0.031479681459522228,-0.0065877777067027592,0.0041602456712782811,0.11330597629570756,-0.014741709389246852,0.0015661539758413329,10,0.06005161237097463,
7,return_trailing_24h__V__72h,return_trailing_24h,V,72,MULTIPLICITY_NOT_MET,true,true,399,132,134,133,0.00063504601661220174,0.028645059028761438,-0.0051106118914808901,0.0023256631261381606,0.027985763505379405,-0.009668827858884517,-0.00055239592407726242,0.00026324813963790183,0.034133788917123133,-0.0081418600613412957,0.004955990318632684,0.10041767341363374,-0.017855422593590541,0.001571702470907951,0.00077400794213724545,0.031516754195199587,-0.0045966026985330422,0.0044297734514464554,0.2994279552456024,-0.013278799123039784,0.0040855937259736998,11,0.061059847648100525,
8,return_trailing_24h__V__168h,return_trailing_24h,V,168,MULTIPLICITY_NOT_MET,true,true,389,124,133,132,0.0001202345009850901,0.028538860768645185,-0.007928056687283587,0.0041140246499856373,0.053969598263782011,-0.015991396832765438,0.00013528345819826398,-0.0011636646154820601,0.033996174632490619,-0.010334664582882951,0.0056070887739728403,0.065308182482251856,-0.021324356637988567,0.00065502747222266448,3.9058643232814666e-05,0.031423501087699618,-0.0026231694658083084,0.0051028916352191412,0.60721319456138967,-0.012624653287848528,0.0073783143562319107,15,0.077775466209580077,
9,return_trailing_72h__R__24h,return_trailing_72h,R,24,MULTIPLICITY_NOT_MET,true,true,403,135,134,134,0.0046657025171893095,0.048051202577120658,0.0010350595237679089,0.0028113789125718057,0.71274802980527807,-0.0044751418917682115,0.0065452609393040293,0.0083175798991933104,0.05040987698682757,0.0045015617108380389,0.0050548231338737462,0.37317180442887099,-0.0054057095797743916,0.014408833001450469,0.0060912457271169616,0.053258469536026302,0.0041434685068674707,0.0050900448729128264,0.41562559520034859,-0.0058328361237344247,0.014119773137469366,16,0.96867488297600135,
10,return_trailing_72h__R__72h,return_trailing_72h,R,72,MULTIPLICITY_NOT_MET,true,true,399,132,134,133,0.0046786775044595748,0.04824612459155634,0.00014780863560712052,0.0037638781380324531,0.96867488297600146,-0.0072292569571341652,0.007524874228348407,0.0085037782514415326,0.05084416755431849,0.0046754256502962712,0.0065072009171420492,0.47244887821579784,-0.0080784537874681525,0.017429305088060697,0.0061585358774197329,0.053497521911586757,0.0024118369632771031,0.0064094906747310916,0.70670018581698957,-0.010150533918441167,0.014974207844995372,24,0.96867488297600135,
11,return_trailing_72h__R__168h,return_trailing_72h,R,168,MULTIPLICITY_NOT_MET,true,false,389,124,133,132,0.0036962521791920888,0.046441864890455667,0.0082388313090985075,0.0057663726111436709,0.15306979670276571,-0.0030630513301812771,0.019540713948378294,0.0053799332890708861,0.045301373055119103,0.016820864968497811,0.0074954946735910372,0.024824033895301502,0.0021299653619475702,0.031511764575048049,0.0046791303445372582,0.051159350603571234,-0.0037082074228317018,0.0087994262850424713,0.67345230051707394,-0.020954766026130028,0.013538351180466625,1,0.9620085770959278,
12,return_trailing_72h__M__24h,return_trailing_72h,M,24,MULTIPLICITY_NOT_MET,true,false,403,135,134,134,0.0046657025171893095,0.048051202577120658,-0.00087439260885689924,0.0019900865279789291,0.66039044221903354,-0.0047748905298139631,0.0030261053121001646,0.0083175798991933104,0.05040987698682757,-0.005738654323328915,0.0033573157717059826,0.08739569801776334,-0.01231887232060094,0.00084156367394310882,0.0060912457271169616,0.053258469536026302,0.0075084153383120347,0.0032690194244251332,0.021627885456359994,0.0011012550016769162,0.013915575674947153,16,0.89387601960310337,
13,return_trailing_72h__M__72h,return_trailing_72h,M,72,MULTIPLICITY_NOT_MET,true,true,399,132,134,133,0.0046786775044595748,0.04824612459155634,0.0028036816946921429,0.0024154143380876224,0.24574534989194929,-0.0019304434157012508,0.0075378068050855366,0.0085037782514415326,0.05084416755431849,0.00095849383151058102,0.0041655308311616939,0.8180130972598092,-0.0072057965740575354,0.0091227842370786971,0.0061585358774197329,0.053497521911586757,0.0080843172762627008,0.0036820749644868164,0.028121491275722308,0.00086758295749194206,0.01530105159503346,12,0.49149069978389859,
14,return_trailing_72h__M__168h,return_trailing_72h,M,168,MULTIPLICITY_NOT_MET,true,true,389,124,133,132,0.0036962521791920888,0.046441864890455667,0.0064241116122210869,0.004248982828442935,0.13055484452820099,-0.001903741702456197,0.01475196492689837,0.0053799332890708861,0.045301373055119103,0.0072546061073434026,0.0057343439472879437,0.20583000876590318,-0.0039845015043062171,0.018493713718993023,0.0046791303445372582,0.051159350603571234,0.014790877448825282,0.0053543634888180364,0.0057378668900080615,0.0042965178506056984,0.025285237047044863,10,0.31333162686768234,
15,return_trailing_72h__V__24h,return_trailing_72h,V,24,MULTIPLICITY_NOT_MET,true,true,403,135,134,134,0.0046657025171893095,0.048051202577120658,-0.0015354370560000778,0.0014438741713379806,0.28759391762376119,-0.0043653784300301353,0.0012945043180299794,0.0083175798991933104,0.05040987698682757,-0.0024621817749706076,0.0019744510606550425,0.2123898275470768,-0.0063320347430914012,0.0014076711931501856,0.0060912457271169616,0.053258469536026302,-0.0037687419572128714,0.0042775934937674112,0.37829478036659459,-0.012152671145499859,0.0046151872310741153,22,0.31373881922592128,
16,return_trailing_72h__V__72h,return_trailing_72h,V,72,MULTIPLICITY_NOT_MET,true,true,399,132,134,133,0.0046786775044595748,0.04824612459155634,-0.0011693820670782686,0.0020738226139079075,0.57283745238511563,-0.0052339997006624808,0.0028952355665059441,0.0085037782514415326,0.05084416755431849,-0.0027734643697690875,0.0034072021784829535,0.41564464891086383,-0.0094514579276420898,0.0039045291881039147,0.0061585358774197329,0.053497521911586757,-0.0040296219253336072,0.0042054066857901912,0.33796176870079575,-0.012272067569826333,0.0042128237191591186,24,0.57283745238511563,
17,return_trailing_72h__V__168h,return_trailing_72h,V,168,MULTIPLICITY_NOT_MET,true,true,389,124,133,132,0.0036962521791920888,0.046441864890455667,-0.0030936337839640683,0.0036835295802685446,0.40098922712025786,-0.010313219097278357,0.0041259515293502217,0.0053799332890708861,0.045301373055119103,-0.0031373672475327389,0.0040467989710440012,0.43817934286273019,-0.01106894748345273,0.0047942129883872513,0.0046791303445372582,0.051159350603571234,-0.0036023079703652525,0.0045359327874528524,0.42709567147864624,-0.012492572870067218,0.0052879569293367134,23,0.41842354134287779,
18,return_trailing_168h__R__24h,return_trailing_168h,R,24,MULTIPLICITY_NOT_MET,true,false,403,135,134,134,0.0059826364902827271,0.088549237728551874,0.0025204401206668468,0.0027176766081443218,0.35370612701607351,-0.002806108152922997,0.0078469883942566907,0.0038194410224749089,0.10400211156089442,-0.00083907994031874643,0.0057861101760867534,0.88469804988794609,-0.012179647496029494,0.010501487615392002,0.0049462236215195837,0.099437594856996478,0.009064141853947395,0.0052855722705513275,0.086366547458024315,-0.0012953894340168061,0.019423673141911596,6,0.9620085770959278,
19,return_trailing_168h__R__72h,return_trailing_168h,R,72,MULTIPLICITY_NOT_MET,true,true,399,132,134,133,0.0057293810656537459,0.087746582148866575,0.0055118590759400251,0.0039225994097157194,0.1599752753161291,-0.0021762944928808599,0.01320001264476091,0.002927046604567691,0.10194788825118686,0.0084524888068741727,0.0081761683240820886,0.30123161646629748,-0.0075725066398639324,0.024477484253612278,0.0045160893532240273,0.098329105340224585,0.0074816092184080687,0.0062557859608736036,0.23171594686221642,-0.0047795059598954902,0.019742724396711629,2,0.9620085770959278,
20,return_trailing_168h__R__168h,return_trailing_168h,R,168,MULTIPLICITY_NOT_MET,true,true,389,124,133,132,0.0049709442221637793,0.086696592124790833,0.0070298065606187498,0.0053718461513945397,0.1906567150392855,-0.0034988184266046473,0.017558431547842146,-0.00049673235383585206,0.099453517018651433,0.019472265140909752,0.0096356125112332363,0.043293816442580901,0.00058681164990906018,0.03835771863191044,0.0030489744611720982,0.097186680242618159,0.0082517493268415357,0.008182534542220999,0.31323423585135346,-0.007785723678166559,0.02428922233184963,3,0.9620085770959278,
21,return_trailing_168h__M__24h,return_trailing_168h,M,24,MULTIPLICITY_NOT_MET,true,false,403,135,134,134,0.0059826364902827271,0.088549237728551874,-0.00062979897511801866,0.0019356049578468037,0.74489668300258605,-0.0044235149807949235,0.0031639170305588857,0.0038194410224749089,0.10400211156089442,-0.0036026321550828859,0.0042375520289966986,0.39523155596482062,-0.011908081514531045,0.0047028172043652745,0.0049462236215195837,0.099437594856996478,0.0054412226041026341,0.0040168872314307134,0.17554922683613894,-0.0024317316994603736,0.013314176907665641,20,0.89387601960310337,
22,return_trailing_168h__M__72h,return_trailing_168h,M,72,MULTIPLICITY_NOT_MET,true,false,399,132,134,133,0.0057293810656537459,0.087746582148866575,-0.002935307914543302,0.0027065737295673955,0.27813846720573465,-0.0082400949459976482,0.0023694791169110449,0.002927046604567691,0.10194788825118686,-0.0056155530163887772,0.005699603229748767,0.32449965469855824,-0.016786570072864531,0.0055554640400869775,0.0045160893532240273,0.098329105340224585,0.0045664767217449614,0.0041797091612955084,0.27459820721035455,-0.00362560270024635,0.012758556143736274,13,0.51348640099520249,
23,return_trailing_168h__M__168h,return_trailing_168h,M,168,MULTIPLICITY_NOT_MET,true,false,389,124,133,132,0.0049709442221637793,0.086696592124790833,-0.00014705684339645823,0.0036416502721729788,0.96778864129923781,-0.0072845602211459816,0.0069904465343530653,-0.00049673235383585206,0.099453517018651433,0.0066171050305873589,0.0073417967760378332,0.36743291744811901,-0.0077725522322590751,0.021006762293433793,0.0030489744611720982,0.097186680242618159,0.0026022477098869021,0.005352566877144937,0.62684792824706492,-0.0078885905941592019,0.013093086013933008,23,0.98971026250988026,
24,return_trailing_168h__V__24h,return_trailing_168h,V,24,MULTIPLICITY_NOT_MET,true,true,403,135,134,134,0.0059826364902827271,0.088549237728551874,-0.0031794075740286831,0.0018078053028220749,0.07862656087270542,-0.0067226408586204761,0.00036382571056311,0.0038194410224749089,0.10400211156089442,-0.0022743840430303167,0.0028117665222653502,0.41858369557788877,-0.0077853451596058432,0.0032365770735452094,0.0049462236215195837,0.099437594856996478,-0.0037661398463505191,0.0036345584240347621,0.30010751118351608,-0.010889743457165311,0.0033574637644642729,19,0.099317761102364746,
25,return_trailing_168h__V__72h,return_trailing_168h,V,72,MULTIPLICITY_NOT_MET,true,true,399,132,134,133,0.0057293810656537459,0.087746582148866575,-0.0051176421753424102,0.0025499973929581912,0.044758123135545225,-0.010115545226211498,-0.00011973912447332379,0.002927046604567691,0.10194788825118686,-0.0044600602118900915,0.0047574556995466904,0.34850731441287031,-0.013784502041046413,0.0048643816172662295,0.0045160893532240273,0.098329105340224585,-0.0019374196649729997,0.0042544378766829951,0.64883017598751414,-0.01027596467773473,0.0064011253477887307,13,0.077775466209580077,
26,return_trailing_168h__V__168h,return_trailing_168h,V,168,MULTIPLICITY_NOT_MET,true,true,389,124,133,132,0.0049709442221637793,0.086696592124790833,-0.006560161620995388,0.0034651225546831485,0.058331599657185054,-0.013351677030191782,0.00023135378820100718,-0.00049673235383585206,0.099453517018651433,-0.0044663846935614187,0.0058618541309390579,0.44609545294032005,-0.015955407672829311,0.0070226382857064736,0.0030489744611720982,0.097186680242618159,-0.0034082286294413811,0.0042873403756171265,0.42664158386567508,-0.011811261355115378,0.004994804096232615,18,0.077775466209580077,
27,realized_volatility_trailing_24h__R__24h,realized_volatility_trailing_24h,R,24,MULTIPLICITY_NOT_MET,true,true,403,135,134,134,0.025319382673972754,0.018863255627188782,0.00088729429841097654,0.00262274828026014,0.73513179286481367,-0.0042531978714132612,0.0060277864682352147,0.030362622298470834,0.02461886844524961,0.0079660635387390089,0.0077660515992541927,0.30500724731751039,-0.0072551178978788981,0.023187244975356916,0.029521690743960247,0.020836602552603622,0.0018905654911624051,0.010345344787025654,0.85499769138380777,-0.018385937699057071,0.022167068681381883,17,0.96867488297600135,
28,realized_volatility_trailing_24h__R__72h,realized_volatility_trailing_24h,R,72,MULTIPLICITY_NOT_MET,true,true,399,132,134,133,0.025337247677256144,0.018812171672428945,0.0028626350670596743,0.0034893096121927495,0.41198722353998163,-0.0039762861037475382,0.009701556237866886,0.030386180487074629,0.02462482226284203,0.0058308220014459148,0.012069137911231952,0.62901170508549509,-0.017824253629015685,0.029485897631907516,0.029523897083178926,0.020793808079161428,0.010700307583816602,0.010471911998604845,0.30687069150715129,-0.0098242627827217523,0.031224877950354956,8,0.9620085770959278,
29,realized_volatility_trailing_24h__R__168h,realized_volatility_trailing_24h,R,168,MULTIPLICITY_NOT_MET,true,true,389,124,133,132,0.025243738142535211,0.018922050107628229,0.0029226052792207502,0.0050294181995092719,0.56117166997262458,-0.006934873255007707,0.012780083813449208,0.030284890776487921,0.025174677042358328,0.0035469371965611948,0.015562142256670746,0.81970774806955271,-0.026954301148802349,0.034048175541924741,0.029495454498629711,0.021004351766037679,0.00247264599905162,0.017746502291152034,0.88918823419304016,-0.032309859343163917,0.037255151341267161,14,0.9620085770959278,
30,realized_volatility_trailing_24h__M__24h,realized_volatility_trailing_24h,M,24,SUPPORTED_RESEARCH_ASSOCIATION,true,true,403,135,134,134,0.025319382673972754,0.018863255627188782,0.0081461565650519877,0.0023106994109514936,0.00042283213822549344,0.0036172689404891422,0.012675044189614834,0.030362622298470834,0.02461886844524961,0.017807126787871112,0.0053533504732394743,0.00087990808109135704,0.0073147526637012874,0.028299500912040934,0.029521690743960247,0.020836602552603622,0.0089391554435691595,0.0058158342523772213,0.12428412216082835,-0.0024596702311446249,0.020337981118282944,3,0.0033826571058039475,
31,realized_volatility_trailing_24h__M__72h,realized_volatility_trailing_24h,M,72,SUPPORTED_RESEARCH_ASSOCIATION,true,true,399,132,134,133,0.025337247677256144,0.018812171672428945,0.0079936671973496222,0.0032738583167806821,0.014619681962443046,0.0015770228059725621,0.014410311588726682,0.030386180487074629,0.02462482226284203,0.019638094371405953,0.0085074835881214922,0.020980692522885397,0.0029637329396222378,0.036312455803189668,0.029523897083178926,0.020793808079161428,0.0033627162718099647,0.0052913512194350028,0.52509465673252453,-0.0070081415478347366,0.013733574091454667,8,0.04385904588732914,
32,realized_volatility_trailing_24h__M__168h,realized_volatility_trailing_24h,M,168,SUPPORTED_RESEARCH_ASSOCIATION,true,true,389,124,133,132,0.025243738142535211,0.018922050107628229,0.011504330470319324,0.0034885124702228655,0.00097454066857035021,0.0046669716690636498,0.018341689271574996,0.030284890776487921,0.025174677042358328,0.022001895120566009,0.011710012725371257,0.060258706205081856,-0.00094930807966737626,0.044953098320799398,0.029495454498629711,0.021004351766037679,0.012676419009964777,0.0095802588906600348,0.18577510718870383,-0.0061005433782985417,0.031453381398228092,4,0.0058472440114221008,
33,realized_volatility_trailing_24h__V__24h,realized_volatility_trailing_24h,V,24,SUPPORTED_RESEARCH_ASSOCIATION,true,true,403,135,134,134,0.025319382673972754,0.018863255627188782,0.012745964338183912,0.0010095899730764586,1.5395259019003585e-36,0.01076720435180129,0.014724724324566533,0.030362622298470834,0.02461886844524961,0.019965411443466141,0.0034158068086241849,5.065498725313795e-09,0.013270553120416037,0.026660269766516247,0.029521690743960247,0.020836602552603622,0.019520888375825388,0.0035742144204060685,4.7189289771387541e-08,0.012515556838805789,0.026526219912844987,2,1.8474310822804302e-35,
34,realized_volatility_trailing_24h__V__72h,realized_volatility_trailing_24h,V,72,SUPPORTED_RESEARCH_ASSOCIATION,true,true,399,132,134,133,0.025337247677256144,0.018812171672428945,0.017333481107299483,0.0019349306200841404,3.3004371319465735e-19,0.013541086779350814,0.021125875435248152,0.030386180487074629,0.02462482226284203,0.028506387984694521,0.0058631274277656398,1.1621940147812184e-06,0.017014869389504902,0.03999790657988414,0.029523897083178926,0.020793808079161428,0.021989429620521465,0.0030889726227852749,1.0895993815440847e-12,0.015935154530632097,0.028043704710410833,7,1.1315784452388253e-18,
35,realized_volatility_trailing_24h__V__168h,realized_volatility_trailing_24h,V,168,SUPPORTED_RESEARCH_ASSOCIATION,true,true,389,124,133,132,0.025243738142535211,0.018922050107628229,0.025369673184088996,0.0027782657250462954,6.7570211654845717e-20,0.019924372423516197,0.030814973944661796,0.030284890776487921,0.025174677042358328,0.041363285262132753,0.0077693642473634856,1.0156813270786186e-07,0.026135611154527179,0.056590959369738326,0.029495454498629711,0.021004351766037679,0.026471553036248065,0.0033315030188758674,1.9289649154468865e-15,0.0199419271048649,0.033001178967631231,6,2.7028084661938287e-19,
36,realized_volatility_trailing_168h__R__24h,realized_volatility_trailing_168h,R,24,MULTIPLICITY_NOT_MET,true,true,403,135,134,134,0.082457021876644984,0.046126593586365852,0.00043144747494115076,0.0028485876321237102,0.8796127535479451,-0.005151681690827554,0.0060145766407098547,0.093840776093923911,0.060406338919097073,0.011676866202320221,0.0065367100079429859,0.074042252427981597,-0.0011348499906305622,0.024488582395271005,0.093050909455867609,0.051388882212572984,0.0051232505571656671,0.0076262321128711535,0.50171538489077183,-0.0098238897218045941,0.020070390836135928,21,0.96867488297600135,
37,realized_volatility_trailing_168h__R__72h,realized_volatility_trailing_168h,R,72,MULTIPLICITY_NOT_MET,true,true,399,132,134,133,0.082449838130814274,0.046120783378708979,0.0017900879530491096,0.0037816874491721831,0.63595855379287713,-0.0056218832481155154,0.0092020591542137341,0.093789771303211644,0.060669718361794522,0.01369607106044193,0.0096240853768953909,0.15470610944644123,-0.005166789662411627,0.032558931783295483,0.093016690537490981,0.051431753403681398,0.005222525627312808,0.0077618426508333262,0.501045200034546,-0.009990406421987414,0.02043545767661303,15,0.96867488297600135,
38,realized_volatility_trailing_168h__R__168h,realized_volatility_trailing_168h,R,168,MULTIPLICITY_NOT_MET,true,false,389,124,133,132,0.08210009006892767,0.045992977444366062,0.0034423794814701343,0.0052981948005977912,0.51586866939263532,-0.00694189151077891,0.013826650473719178,0.093044184421702203,0.061186770848046447,0.011576487986102906,0.012327511491919973,0.34769098397928677,-0.01258499055706387,0.03573796652926968,0.092761146062395022,0.05146923317339059,-0.0035879770839239884,0.011876602732171674,0.76257227672051453,-0.026865690697670475,0.019689736529822498,12,0.9620085770959278,
39,realized_volatility_trailing_168h__M__24h,realized_volatility_trailing_168h,M,24,SUPPORTED_RESEARCH_ASSOCIATION,true,true,403,135,134,134,0.082457021876644984,0.046126593586365852,0.0089640817407684956,0.0021338014354535901,2.6574854353768477e-05,0.0047819077771195902,0.013146255704417402,0.093840776093923911,0.060406338919097073,0.013351057511369184,0.0039611403905186315,0.00075029580586879606,0.0055873650082457413,0.021114750014492627,0.093050909455867609,0.051388882212572984,0.0079424592325333006,0.0047034670643799981,0.09128857853265146,-0.001276166816121832,0.017161085281188433,1,0.0006377965044904435,
40,realized_volatility_trailing_168h__M__72h,realized_volatility_trailing_168h,M,72,SUPPORTED_RESEARCH_ASSOCIATION,true,true,399,132,134,133,0.082449838130814274,0.046120783378708979,0.0091519387176430596,0.0032123472821077772,0.0043858540715420733,0.0028558537388766875,0.015448023696409432,0.093789771303211644,0.060669718361794522,0.012615452160068888,0.0064727051919067904,0.051292662047221986,-7.0816898613840912e-05,0.025301721218751617,0.093016690537490981,0.051431753403681398,0.00027949333595420425,0.0054702619269005924,0.95925123278728919,-0.010442023026771635,0.011001009698680043,5,0.021052099543401953,
41,realized_volatility_trailing_168h__M__168h,realized_volatility_trailing_168h,M,168,SUPPORTED_RESEARCH_ASSOCIATION,true,true,389,124,133,132,0.08210009006892767,0.045992977444366062,0.0099489363911283348,0.0036383498458999529,0.0062481942074464093,0.0028179017300075711,0.0170799710522491,0.093044184421702203,0.061186770848046447,0.0040697572217530658,0.009404445617235262,0.66519768514557764,-0.014362617482593607,0.02250213192609974,0.092761146062395022,0.05146923317339059,0.00045596467437610758,0.0087163031908251611,0.95828032747133696,-0.016627675657972765,0.017539605006724978,6,0.024992776829785637,
42,realized_volatility_trailing_168h__V__24h,realized_volatility_trailing_168h,V,24,SUPPORTED_RESEARCH_ASSOCIATION,true,true,403,135,134,134,0.082457021876644984,0.046126593586365852,0.012790454777499053,0.00084880937963445556,2.6017819871749916e-51,0.011126818963675733,0.014454090591322372,0.093840776093923911,0.060406338919097073,0.017607231800090935,0.0031599000227218051,2.5170842247903379e-08,0.0114139415608089,0.023800522039372971,0.093050909455867609,0.051388882212572984,0.016941057764022518,0.0030154081991761923,1.9299727845641533e-08,0.011030966294950399,0.022851149233094635,1,6.2442767692199801e-50,
43,realized_volatility_trailing_168h__V__72h,realized_volatility_trailing_168h,V,72,SUPPORTED_RESEARCH_ASSOCIATION,true,true,399,132,134,133,0.082449838130814274,0.046120783378708979,0.018186085457430962,0.0017899863757768726,2.9937841911795419e-24,0.014677776628090913,0.021694394286771012,0.093789771303211644,0.060669718361794522,0.023091035012584801,0.0047542463148507229,1.1922054448499637e-06,0.013772883461845109,0.032409186563324491,0.093016690537490981,0.051431753403681398,0.021209414161246869,0.0036762659112281977,7.9610064653616015e-09,0.014004065377647278,0.028414762944846461,4,1.7962705147077251e-23,
44,realized_volatility_trailing_168h__V__168h,realized_volatility_trailing_168h,V,168,SUPPORTED_RESEARCH_ASSOCIATION,true,true,389,124,133,132,0.08210009006892767,0.045992977444366062,0.025390178989595225,0.0024016396944385693,4.0175356998212657e-26,0.020683051684653848,0.030097306294536601,0.093044184421702203,0.061186770848046447,0.032760748409600735,0.0058755815285411739,2.4647176632750859e-08,0.021244820225431234,0.044276676593770235,0.092761146062395022,0.05146923317339059,0.025747431183232423,0.0045024705448429587,1.0746102138073314e-08,0.016922751073887791,0.034572111292577055,3,3.2140285598570125e-25,
45,distance_from_mean_trailing_168h__R__24h,distance_from_mean_trailing_168h,R,24,MULTIPLICITY_NOT_MET,true,true,403,135,134,134,0.0032090042416358395,0.044710901365827158,0.0020277777612929719,0.0027728168244345328,0.46459222666095235,-0.0034068433503254341,0.007462398872911378,0.0033625404260802603,0.051284927632630414,0.0043045272649041696,0.0057413291674236148,0.45340888412468738,-0.0069482711266354502,0.015557325656443789,0.0038271526892422287,0.049888321079368629,0.0064045616428356324,0.0052319903889349864,0.22090857947932929,-0.0038499510869366505,0.016659074372607916,10,0.9620085770959278,
46,distance_from_mean_trailing_168h__R__72h,distance_from_mean_trailing_168h,R,72,MULTIPLICITY_NOT_MET,true,true,399,132,134,133,0.0030653264604723713,0.044526829059290077,0.0032856588778073818,0.0038385994884493797,0.39202404664434365,-0.004237857870627278,0.010809175626242042,0.0029396999044344939,0.050790870615679169,0.0097543478004874628,0.0081066291962541438,0.22887738574072936,-0.006134353460191545,0.025643049061166469,0.0036225620423709685,0.049623223914481915,0.0022127149104156116,0.0064600196795174241,0.73195622116611281,-0.010448691000858521,0.014874120821689745,7,0.9620085770959278,
47,distance_from_mean_trailing_168h__R__168h,distance_from_mean_trailing_168h,R,168,MULTIPLICITY_NOT_MET,true,false,389,124,133,132,0.0022953416445311483,0.043597253339700104,0.0065373814261607283,0.005823161812859164,0.261585527792359,-0.0048758060031922033,0.01795056885551366,0.0001697799166072702,0.048272174176783977,0.022239738367425245,0.0092834430167600887,0.016591616000226957,0.0040445244020456024,0.040434952332804891,0.0023910372912101362,0.04847892922233861,-0.0045665495871176111,0.0090127998525801178,0.6123837139102698,-0.02223131269804255,0.013098213523807328,5,0.9620085770959278,
48,distance_from_mean_trailing_168h__M__24h,distance_from_mean_trailing_168h,M,24,MULTIPLICITY_NOT_MET,true,false,403,135,134,134,0.0032090042416358395,0.044710901365827158,-0.0007586271475135219,0.0019861192448446551,0.70248765811795999,-0.0046513493364109355,0.0031340950413838915,0.0033625404260802603,0.051284927632630414,-0.0064891831846622498,0.0040949329560201813,0.11303767996320375,-0.014515104297567947,0.0015367379282434472,0.0038271526892422287,0.049888321079368629,0.0076326430806926606,0.0036481654716022339,0.036421822636870965,0.00048237014670970101,0.01478291601467562,18,0.89387601960310337,
49,distance_from_mean_trailing_168h__M__72h,distance_from_mean_trailing_168h,M,72,MULTIPLICITY_NOT_MET,true,false,399,132,134,133,0.0030653264604723713,0.044526829059290077,-0.00088418281296318696,0.0026359003159587223,0.73729422531772681,-0.0060504524990800321,0.0042820868731536579,0.0029396999044344939,0.050790870615679169,-0.0049946072517463996,0.0057290248217219978,0.38331336004102978,-0.016223289568857518,0.0062340750653647192,0.0036225620423709685,0.049623223914481915,0.0065058265662929918,0.0039862814015501503,0.10266810781914523,-0.0013071414129871518,0.014318794545573135,19,0.89387601960310337,
50,distance_from_mean_trailing_168h__M__168h,distance_from_mean_trailing_168h,M,168,MULTIPLICITY_NOT_MET,true,true,389,124,133,132,0.0022953416445311483,0.043597253339700104,0.0019335043152874387,0.0041300089244579227,0.63967028936650361,-0.0061611644324790953,0.010028173063053973,0.0001697799166072702,0.048272174176783977,0.0074402267441096692,0.0076669564725318044,0.33183335946315773,-0.0075867318130889237,0.022467185301308264,0.0023910372912101362,0.04847892922233861,0.010680375076491616,0.0055518542090944025,0.054386028146804641,-0.00020105922075052025,0.021561809373733754,15,0.89387601960310337,
51,distance_from_mean_trailing_168h__V__24h,distance_from_mean_trailing_168h,V,24,MULTIPLICITY_NOT_MET,true,true,403,135,134,134,0.0032090042416358395,0.044710901365827158,-0.0033033269814205951,0.0017180636468652677,0.054517297457714109,-0.0066706698524240608,6.4015889582871074e-05,0.0033625404260802603,0.051284927632630414,-0.0026042628042538636,0.0025326390281534936,0.3038179979400305,-0.0075681440852752354,0.0023596184767675082,0.0038271526892422287,0.049888321079368629,-0.0043502009455130934,0.0040326271706645021,0.28069870478707082,-0.012254004963093175,0.0035536030720669885,16,0.077775466209580077,
52,distance_from_mean_trailing_168h__V__72h,distance_from_mean_trailing_168h,V,72,MULTIPLICITY_NOT_MET,true,true,399,132,134,133,0.0030653264604723713,0.044526829059290077,-0.0047908466015309046,0.0024154060328394444,0.047316747628064919,-0.0095249554339369869,-5.6737769124822271e-05,0.0029396999044344939,0.050790870615679169,-0.0050595870703943066,0.0047206486840153487,0.28381027178901785,-0.014311888474730791,0.0041927143339421788,0.0036225620423709685,0.049623223914481915,-0.003597973832374526,0.0042707933165976224,0.39953035081851906,-0.011968574918320235,0.0047726272535711829,14,0.077775466209580077,
53,distance_from_mean_trailing_168h__V__168h,distance_from_mean_trailing_168h,V,168,MULTIPLICITY_NOT_MET,true,true,389,124,133,132,0.0022953416445311483,0.043597253339700104,-0.0071845585784468804,0.0037774637515917827,0.057177297146643866,-0.014588251484472332,0.00021913432757857121,0.0001697799166072702,0.048272174176783977,-0.0057200963046472432,0.0057442997503850575,0.31935387734988419,-0.016978716931804378,0.0055385243225098925,0.0023910372912101362,0.04847892922233861,-0.0031926522445384718,0.0045481529156071263,0.48269988249948992,-0.012106868155309279,0.0057215636662323356,17,0.077775466209580077,
54,range_position_trailing_168h__R__24h,range_position_trailing_168h,R,24,MULTIPLICITY_NOT_MET,true,true,403,135,134,134,0.54308026589672809,0.31390844927598011,0.0016375164790592095,0.0020612537571417428,0.42694665370950757,-0.0024024666479364777,0.0056774996060548963,0.54898690235585113,0.31643956080449487,0.0034124756851754996,0.0044559683107080247,0.44378260642249612,-0.0053210617200640138,0.012146013090415013,0.54796477594410897,0.30963773758294211,0.0037263643892237364,0.0026107743697865097,0.15349276399588532,-0.0013906593473180799,0.0088433881257655531,9,0.9620085770959278,
55,range_position_trailing_168h__R__72h,range_position_trailing_168h,R,72,MULTIPLICITY_NOT_MET,true,true,399,132,134,133,0.54344302526068478,0.31373098599793053,0.00063958709128180812,0.0031521888794963436,0.83921121859754044,-0.0055385895849986936,0.0068177637675623098,0.54938798510950682,0.31491940105962707,0.0028335926900764324,0.0064825639820521083,0.66203167073187674,-0.0098719992422222572,0.015539184622375123,0.54815228174955011,0.30879064975968895,0.00094120218949858092,0.0037114814913330836,0.79981074126057572,-0.0063331678628012712,0.0082155722417984328,20,0.96867488297600135,
56,range_position_trailing_168h__R__168h,range_position_trailing_168h,R,168,MULTIPLICITY_NOT_MET,true,false,389,124,133,132,0.54064760998733152,0.31349516690200147,0.0033865127402735772,0.0048508896051505284,0.48510090239722803,-0.006121056178801181,0.012894081659348335,0.53693058507722902,0.31341117951590108,0.014990533142860928,0.0091526122308795491,0.10145464801136249,-0.0029482571941237858,0.032929323479845646,0.54319153044268143,0.30802181263678885,-0.0033208923100823077,0.0051149397723602988,0.51617456655503435,-0.013345990046999996,0.0067042054268353808,11,0.9620085770959278,
57,range_position_trailing_168h__M__24h,range_position_trailing_168h,M,24,MULTIPLICITY_NOT_MET,true,false,403,135,134,134,0.54308026589672809,0.31390844927598011,1.890794445952071e-05,0.0014661150281145608,0.98971026250988026,-0.0028546247078379472,0.0028924405967569889,0.54898690235585113,0.31643956080449487,-0.0037569503619734367,0.0032822251719752627,0.25236031773793188,-0.010189993488195737,0.0026760927642488636,0.54796477594410897,0.30963773758294211,0.0034357171802653391,0.0018512621351266883,0.063470910052773555,-0.00019268993052569275,0.0070641242910563715,24,0.98971026250988026,
58,range_position_trailing_168h__M__72h,range_position_trailing_168h,M,72,MULTIPLICITY_NOT_MET,true,false,399,132,134,133,0.54344302526068478,0.31373098599793053,-0.00020189711887655835,0.0021394264584606751,0.92481545239908192,-0.0043950959250315591,0.0039913016872784425,0.54938798510950682,0.31491940105962707,-0.0023319202178744111,0.0043091380392334278,0.58839937232476958,-0.010777675579183476,0.0061138351434346545,0.54815228174955011,0.30879064975968895,0.0033211455727804825,0.002435543853692111,0.17268858236067475,-0.0014524326632239458,0.0080947238087849104,22,0.98971026250988026,
59,range_position_trailing_168h__M__168h,range_position_trailing_168h,M,168,MULTIPLICITY_NOT_MET,true,true,389,124,133,132,0.54064760998733152,0.31349516690200147,0.0020372095096043846,0.0035138730392782172,0.5620752323614564,-0.0048498550936272198,0.00892427411283599,0.53693058507722902,0.31341117951590108,0.0090909539841025032,0.006502690339867361,0.16210415976678283,-0.0036540848846540481,0.021835992852859053,0.54319153044268143,0.30802181263678885,0.0047568176806823299,0.0034636404107315846,0.16964113246837431,-0.0020317927797490962,0.011545428141113756,14,0.89387601960310337,
60,range_position_trailing_168h__V__24h,range_position_trailing_168h,V,24,MULTIPLICITY_NOT_MET,true,true,403,135,134,134,0.54308026589672809,0.31390844927598011,-0.0019125942539567229,0.00092832984127959772,0.039374369441908315,-0.0037320873086385195,-9.3101199274926586e-05,0.54898690235585113,0.31643956080449487,-0.0023114011802457023,0.0018107407715421428,0.20178066358998203,-0.0058603878778065721,0.0012375855173151675,0.54796477594410897,0.30963773758294211,-0.0010751983550537423,0.0013494552373939065,0.42558767512192219,-0.0037200820190947479,0.0015696853089872632,12,0.077775466209580077,
61,range_position_trailing_168h__V__72h,range_position_trailing_168h,V,72,MULTIPLICITY_NOT_MET,true,true,399,132,134,133,0.54344302526068478,0.31373098599793053,-0.0026411314829833379,0.0015814757337969147,0.094910980906083478,-0.0057407669636493448,0.00045850399768266898,0.54938798510950682,0.31491940105962707,-0.0037520718602804147,0.0032524060241337399,0.24865205765000187,-0.010126670530683654,0.0026225268101228256,0.54815228174955011,0.30879064975968895,-0.00089254031489916603,0.0016372368960580357,0.58565009579089944,-0.0041014656653330641,0.0023163850355347321,20,0.11389317708730018,
62,range_position_trailing_168h__V__168h,range_position_trailing_168h,V,168,MULTIPLICITY_NOT_MET,true,true,389,124,133,132,0.54064760998733152,0.31349516690200147,-0.0039704162388840966,0.0025787507298737178,0.12364165448964576,-0.0090246747945429608,0.0010838423167747677,0.53693058507722902,0.31341117951590108,-0.0035290993179934189,0.0041830082199484399,0.39885106026291239,-0.011727644776127363,0.0046694461401405249,0.54319153044268143,0.30802181263678885,-0.00053234832975173089,0.0018339421332495612,0.77160553887061101,-0.0041268088606514278,0.003062112201147966,21,0.14130474798816658,
63,drawdown_from_high_trailing_168h__R__24h,drawdown_from_high_trailing_168h,R,24,MULTIPLICITY_NOT_MET,true,true,403,135,134,134,-0.050657435435484344,0.052396655889313616,0.00029946602648616143,0.0026773016756438547,0.91093942949901696,-0.0049479488335245313,0.0055468808864968539,-0.058145263386631986,0.06259486056855991,4.0100227401284894e-05,0.0062194102499672109,0.99485560055352884,-0.012149719867613703,0.012229920322416273,-0.057579777805991127,0.058251678659500913,0.0041298626525135707,0.0040597059590673406,0.3090196653704308,-0.0038270148150810548,0.012086740120108196,22,0.96867488297600135,
64,drawdown_from_high_trailing_168h__R__72h,drawdown_from_high_trailing_168h,R,72,MULTIPLICITY_NOT_MET,true,false,399,132,134,133,-0.050715586811224921,0.052363928110869797,-0.0010497049859681422,0.004042875036834149,0.79513901493143035,-0.0089735944521591188,0.0068741844802228339,-0.058271437104842165,0.062604806801290866,0.0017042423985432615,0.010352399018233682,0.86924077131076161,-0.018586086830782569,0.021994571627869094,-0.057636012670885195,0.058206773704569816,0.00064647087839475256,0.0059563432412084311,0.91357142973587036,-0.011027747353932344,0.012320689110721849,18,0.96867488297600135,
65,drawdown_from_high_trailing_168h__R__168h,drawdown_from_high_trailing_168h,R,168,MULTIPLICITY_NOT_MET,true,false,389,124,133,132,-0.050962655868921229,0.052622944514755132,0.001107298211840646,0.0054146945891761396,0.83796377784266363,-0.0095053081702284915,0.011719904593909782,-0.05975641452144255,0.063394286653423407,0.012202475783490971,0.011973420959006586,0.30814112332277388,-0.011264998067898973,0.035669949634880918,-0.058317235342330763,0.058601222766221643,-0.0023340346080311827,0.0085220670299258981,0.78417585978261539,-0.01903697906052217,0.014368909844459803,19,0.96867488297600135,
66,drawdown_from_high_trailing_168h__M__24h,drawdown_from_high_trailing_168h,M,24,DIRECTION_INCONSISTENT,true,false,403,135,134,134,-0.050657435435484344,0.052396655889313616,-0.0061667632048273387,0.0017449257086522235,0.00040914738088260497,-0.009586754749483728,-0.002746771660170949,-0.058145263386631986,0.06259486056855991,-0.0092250705569343321,0.0042499902193743255,0.029960678228492188,-0.017554898321555493,-0.00089524279231317089,-0.057579777805991127,0.058251678659500913,0.0038703603360251753,0.002880002442661306,0.17898914240149377,-0.0017743407269783665,0.0095150613990287181,2,0.0033826571058039475,
67,drawdown_from_high_trailing_168h__M__72h,drawdown_from_high_trailing_168h,M,72,DIRECTION_INCONSISTENT,true,false,399,132,134,133,-0.050715586811224921,0.052363928110869797,-0.0072483190762566473,0.0027990414262719144,0.0096095347760439456,-0.012734339462985224,-0.0017622986895280699,-0.058271437104842165,0.062604806801290866,-0.011011304032671433,0.0067554064587984153,0.10310176276035835,-0.024251657392845592,0.0022290493275027249,-0.057636012670885195,0.058206773704569816,0.0048215751509903043,0.0036774434258054784,0.18981671709283054,-0.0023860815187720279,0.012029231820752637,7,0.032946976375007812,
68,drawdown_from_high_trailing_168h__M__168h,drawdown_from_high_trailing_168h,M,168,MULTIPLICITY_NOT_MET,true,false,389,124,133,132,-0.050962655868921229,0.052622944514755132,-0.0049328107271191099,0.0037998526811218371,0.19423290521572789,-0.012380385128675873,0.0025147636744376539,-0.05975641452144255,0.063394286653423407,0.0025365238187997838,0.0091776702497368221,0.78225627369513784,-0.015451379332669112,0.02052442697026868,-0.058317235342330763,0.058601222766221643,0.0071231515516851978,0.00594160804092843,0.23058269282390287,-0.0045221862187881127,0.018768489322158508,11,0.42378088410704268,
69,drawdown_from_high_trailing_168h__V__24h,drawdown_from_high_trailing_168h,V,24,SUPPORTED_RESEARCH_ASSOCIATION,true,true,403,135,134,134,-0.050657435435484344,0.052396655889313616,-0.010415498081226644,0.001108836094700309,5.821501114367098e-21,-0.012588776891597294,-0.0082422192708559942,-0.058145263386631986,0.06259486056855991,-0.011098162640718985,0.0017239116401582591,1.2123411770817796e-10,-0.014476967367958546,-0.0077193579134794237,-0.057579777805991127,0.058251678659500913,-0.0097672726752185898,0.0039919945624052643,0.014416481543873852,-0.017591438244012641,-0.0019431071064245388,5,2.7943205348962069e-20,
70,drawdown_from_high_trailing_168h__V__72h,drawdown_from_high_trailing_168h,V,72,SUPPORTED_RESEARCH_ASSOCIATION,true,true,399,132,134,133,-0.050715586811224921,0.052363928110869797,-0.014828553880830526,0.0018369781939471411,6.9012333013635831e-16,-0.018428964981352356,-0.011228142780308696,-0.058271437104842165,0.062604806801290866,-0.01619477826293542,0.0044151600753371085,0.00024446143945310522,-0.024848332996575302,-0.0075412235292955359,-0.057636012670885195,0.058206773704569816,-0.0099660504215633942,0.0037938542266701958,0.0086168337488722047,-0.017401868068432035,-0.0025302327746947522,8,2.070369990409075e-15,
71,drawdown_from_high_trailing_168h__V__168h,drawdown_from_high_trailing_168h,V,168,SUPPORTED_RESEARCH_ASSOCIATION,true,true,389,124,133,132,-0.050962655868921229,0.052622944514755132,-0.02058168074771272,0.0026800189148559034,1.5948968612144369e-14,-0.025834421298716409,-0.01532894019670903,-0.05975641452144255,0.063394286653423407,-0.020425742046835255,0.0060060134405182358,0.0006716885435149076,-0.032197312080914496,-0.0086541720127560149,-0.058317235342330763,0.058601222766221643,-0.011227932989247832,0.0040046390869516064,0.0050514943936238498,-0.019076881370754348,-0.0033789846077413171,9,4.2530582965718319e-14,
