anchor_ordinal,anchor_timestamp,partition,return_trailing_24h,return_trailing_72h,return_trailing_168h,realized_volatility_trailing_24h,realized_volatility_trailing_168h,distance_from_mean_trailing_168h,range_position_trailing_168h,drawdown_from_high_trailing_168h
0,2018-01-08 00:00:00,1,-0.061870394526220347,0.059165276601460814,0.16164623991221885,0.04866014636085976,0.14389276521558372,0.05301506709564574,0.71833724840172819,-0.065986938409812623
1,2018-01-15 00:00:00,1,-0.038061713575013562,0.044683531465174856,-0.15117132137774064,0.048759087968398708,0.18303203937195389,-0.035875477478206297,0.21394818543789815,-0.1402995990151954
2,2018-01-22 00:00:00,1,-0.05497234130363423,0.013455502601525737,-0.16009010905396923,0.075951722727650633,0.29238159840061617,-0.023696352575818036,0.48634636053684877,-0.17269782900784958
3,2018-01-29 00:00:00,1,0.01642429751072368,0.016258270518592341,-0.016275150374167512,0.039864561173611562,0.1846816974238408,0.037533195094668237,0.86395060288581804,-0.017916382252559648
4,2018-02-12 00:00:00,1,-0.026807436328142076,0.034332906335416663,-0.0016406614593677644,0.071388379969935176,0.30071178099752305,0.031448894393495852,0.72862581876420562,-0.093841716789057061
5,2018-02-19 00:00:00,1,-0.066094430579491978,0.020540934037665059,0.24118296945851098,0.083445302590125225,0.15385450632741496,0.081091689445534465,0.73530195250451402,-0.07162045881870327
6,2018-02-26 00:00:00,1,-0.0045772287001253848,-0.0082862246935784794,-0.083951695548793795,0.038414948102874491,0.14144049103813544,-0.078624827079152859,0.088381363952329317,-0.18496176720475788
7,2018-03-05 00:00:00,1,0.0083411804924117244,0.03925418423631246,0.17685824278619658,0.029949903969485627,0.10734212983983914,0.064441557035918473,0.98056021184073061,-0.0034824948276117595
8,2018-03-12 00:00:00,1,0.11721233479680383,0.022218310038142359,-0.17709490166438088,0.07293071050320496,0.18216431134114641,-0.037955220907091358,0.34785783758789479,-0.17575317448381067
9,2018-03-19 00:00:00,1,0.072994595064456533,0.028592929169228391,-0.14454390179653145,0.095102175411060363,0.19256056539815555,-0.023286671873728348,0.37787229565118835,-0.15627201449182559
10,2018-03-26 00:00:00,1,-0.021030584365464046,-0.031996352830853933,0.008400779340289169,0.036238535052252052,0.12126604812022868,-0.033581890070819576,0.20634389533911077,-0.078356236786469413
11,2018-04-02 00:00:00,1,-0.00098591325510960872,0.02463746021007502,-0.18088889179245884,0.070813958863999937,0.16553003671287908,-0.06393250624011948,0.26615888241030033,-0.17435476149668139
12,2018-04-09 00:00:00,1,0.012946461963785877,0.035066414161665151,0.0099871842531818068,0.023554297937190924,0.11246292870492125,0.014496550572361544,0.56648742301150423,-0.0549664722602492
13,2018-04-16 00:00:00,1,0.037486275439596838,0.059847552094953023,0.1720957375318847,0.0286757073394318,0.14362542495430278,0.12491538729470886,1,0
14,2018-04-23 00:00:00,1,-0.0016992357529598016,0.054765121586571701,0.051173955524708242,0.022751237201155024,0.082105997918880069,0.054526635064212625,0.85857165039321159,-0.017252675256606231
15,2018-04-30 00:00:00,1,0.0027947229486551205,0.018618909543354017,0.06392715231694418,0.023663314572897158,0.10490305176271444,0.026936451374335979,0.70104659702954153,-0.030227986286166852
16,2018-05-07 00:00:00,1,-0.044120188520038239,-0.015341253551606078,0.0044316557604204866,0.030448699535149656,0.072951889782780985,0.0042765250129486176,0.53790182981095547,-0.04764781157887199
17,2018-05-21 00:00:00,1,0.032915730305466011,0.063332485120291035,-0.023928496893990795,0.021298775025886188,0.085550835523386604,0.01415177197141082,0.60863866686950718,-0.037962685482845759
18,2018-05-28 00:00:00,1,0.013646096196504516,-0.026483868392567299,-0.14149405905049808,0.014852881582288185,0.078948156999759878,-0.050856829909156187,0.077155215773061045,-0.13949685593442385
19,2018-06-18 00:00:00,1,-0.015862308612585904,-0.033096063063221215,-0.049633784571875214,0.016490492438034677,0.083749864868569501,-0.024465258587067162,0.24150390780446565,-0.069250108995785542
20,2018-06-25 00:00:00,1,0.0060952055589112925,-0.085769419597840388,-0.03738150952924417,0.081465944908974991,0.11214654933511904,-0.043753029813710764,0.39087014271019582,-0.089969082992105487
21,2018-07-02 00:00:00,1,-0.0041720846127254749,0.073598396364530472,0.027024350040192983,0.01383170950107861,0.085311948381592062,0.026979799778886315,0.87194182756026795,-0.01115444617784711
22,2018-07-09 00:00:00,1,-0.0047324715492650868,0.026657814899174733,0.056952332638054284,0.0079462542231051488,0.071346377074992737,0.019654203868954001,0.9010943941977686,-0.0067823304158358688
23,2018-07-16 00:00:00,1,0.016455647722527333,0.017988001578128528,-0.054544568645780375,0.012775977343130579,0.051935065594757253,-0.00175721564226472,0.34872541623537184,-0.055200000000000027
24,2018-07-23 00:00:00,1,0.0042951222684061941,0.0079292743192003624,0.16104021239102545,0.024806141231886989,0.092675829158034212,0.035961559511316743,0.95396067367991677,-0.0072065409534501912
25,2018-07-30 00:00:00,1,-0.011195672352233016,0.033308421324238585,0.089154045196071938,0.014081614484683185,0.081292982077314196,0.0091707174170216899,0.71678973440026372,-0.032602252519264963
26,2018-08-06 00:00:00,1,0.017485975102989427,-0.04735997352576047,-0.14715458061549061,0.026429909157727534,0.084087799582662173,-0.066241790579772086,0.096052468370131899,-0.14203456764858857
27,2018-08-20 00:00:00,1,0.021480408036656341,0.026876470894381114,0.028688494510842766,0.028403178426843805,0.093222872470880763,0.025581940239592926,0.85967886091163981,-0.013786525359576141
28,2018-08-27 00:00:00,1,-0.0078926632507437238,0.032689777927076356,0.028161537977176306,0.021397382352354354,0.082948647526884439,0.023973365692254056,0.79623581211541572,-0.016574415337939352
29,2018-09-03 00:00:00,1,0.017532450740881993,0.047552468923516257,0.083468411271330076,0.018255759401881382,0.05558975813987891,0.039949655544405438,0.96118284962076028,-0.0033894362342639095
30,2018-09-10 00:00:00,1,0.011744676346651137,-0.035929130608260453,-0.15251149731357266,0.037143115723113636,0.091424703081674552,-0.072211174887672702,0.072205631399317585,-0.15315389740895025
31,2018-09-17 00:00:00,1,0.0018437203229253311,0.0089370422774101791,0.041812961863466162,0.011604193780635423,0.047838704580232164,0.018751270513227114,0.89449151300167151,-0.0054896278218425909
32,2018-09-24 00:00:00,1,-0.0012933347282940715,0.029041865067778765,0.025968132289653615,0.011632454521214027,0.070635789128371068,0.029076081316092184,0.83229284463928821,-0.015921056501661868
33,2018-10-01 00:00:00,1,0.010006181806611112,-0.010683920055336138,-0.0099997078511606195,0.015307473867631245,0.056061899177730211,0.011829811263195822,0.66203987541996656,-0.020377744622395944
34,2018-10-08 00:00:00,1,0.0015246206267494906,-0.0024330486492376837,-0.0092426374302215127,0.0073895845822505527,0.029511084877484328,0.0041552518206597888,0.71041003468427921,-0.0092000555475051371
35,2018-10-15 00:00:00,1,-0.00082640630964277552,0.0068879354777528646,-0.058191763136820146,0.0108199656631201,0.048146057079276376,-0.026387425569964651,0.08795597028821947,-0.066448187598549313
36,2018-10-22 00:00:00,1,-0.00112480949772376,0.00056990779185578757,0.033882874319394421,0.0050766145490809111,0.066546795629733826,-0.0011420366774350654,0.45983970353772596,-0.037660656023361549
37,2018-10-29 00:00:00,1,0.00011396233791240028,0.0013402691916786834,-5.9317721342777138e-05,0.0024848186555931073,0.01555731633903233,0.00015326393848891229,0.3871235475456436,-0.008004422640948583
38,2018-11-05 00:00:00,1,0.017751403137454474,0.0095501457197060199,0.0052919443721579987,0.014650439382986873,0.031129019336426339,0.018890509269806399,1,0
39,2018-11-12 00:00:00,1,0.0023960687673037929,-0.0062779009071628183,-0.010577517018110768,0.0094945590896712631,0.022843934752154772,-0.005074446985870007,0.28812941444520629,-0.023929146932498369
40,2018-11-19 00:00:00,1,0.0039960616744526044,-0.0015878411854573446,-0.13922985186548775,0.012592566658696304,0.11518680710598567,-0.046141363330561513,0.2894855961806177,-0.13047822043215662
41,2018-11-26 00:00:00,1,0.058248910123775192,-0.069902375869792019,-0.32633370856764554,0.088097041972094559,0.21231791363771041,-0.091170650357426331,0.20418105892663821,-0.2784356449573504
42,2018-12-03 00:00:00,1,-0.023784212361181785,-0.030278665204321913,0.017747466379394651,0.039654574792814631,0.15578507176099624,0.013076689788136031,0.61262905630407771,-0.063912496752881132
43,2018-12-10 00:00:00,1,0.046263075231608358,0.06947983419974943,-0.13496134027820367,0.036395359741795676,0.16422371040058084,-0.024363732444277808,0.38119538705628847,-0.12807895052848528
44,2018-12-17 00:00:00,1,0.0089439665852772358,-0.016327963175103394,-0.10087667130240671,0.020037011360254393,0.073156440937902828,-0.030144118887006521,0.18310128244931118,-0.096123150937457824
45,2018-12-24 00:00:00,1,0.047035253448463245,0.030026908391563675,0.26277073937923956,0.063600211118444092,0.16069569577437814,0.11096411626905223,1,0
46,2019-01-07 00:00:00,1,0.063126713150553765,0.073689559049029352,0.058404621625580105,0.059308112683447642,0.083363354040673007,0.06580457181180277,0.97591722960247074,-0.0023606037631814791
47,2019-01-14 00:00:00,1,-0.026071069428619222,-0.036181576344146524,-0.14191418288692709,0.032387276892563557,0.084681483402593696,-0.076702267111664835,0.03176370771025603,-0.13477000747943157
48,2019-01-21 00:00:00,1,-0.04183378425628248,-0.026276806731481101,0.0057219164847137332,0.035785226863577713,0.067979332937735698,-0.022107075155996747,0.10779740871613501,-0.050820393638661865
49,2019-01-28 00:00:00,1,-0.0081002040351168259,-0.011885031944498942,-0.0022927739575944561,0.0075295904668014153,0.03488252690523079,-0.0074304881961863023,0.139292152955687,-0.025061472579085531
50,2019-02-04 00:00:00,1,-0.011032452884730331,0.0027493820965261121,-0.031311560933200873,0.010433389816923964,0.038859530169924252,-0.00075680374781306181,0.36120735216395694,-0.030826430589522169
51,2019-02-11 00:00:00,1,-0.0027634910581352846,0.072207371598286427,0.054064297297942362,0.016535816272984963,0.068167216190408164,0.041517966385510752,0.82474693573946489,-0.014789080260576015
52,2019-02-18 00:00:00,1,0.020246414095507169,0.025403581674423689,0.012708379071981442,0.014491068948991746,0.027376076842183825,0.020727403123132371,1,0
53,2019-02-25 00:00:00,1,-0.092873352610313015,-0.036059703526707204,0.028157049408052547,0.076159659046716427,0.099205549666151485,-0.038277867681942523,0.22291727000675757,-0.096681055086750844
54,2019-03-04 00:00:00,1,-0.0025910252714814183,0.0024686301908533924,0.011577205164037907,0.0076631379380121406,0.039316734348624781,0.00027232411722688532,0.59670164917541124,-0.013944434796807847
55,2019-03-11 00:00:00,1,-0.0012343404248941192,0.0098885520101575052,0.025469529875266964,0.010432730005230454,0.043333798019705466,0.017132196164184377,0.89207398727820575,-0.00656518086704172
56,2019-03-18 00:00:00,1,0.0041989331660716072,0.031555889452873284,0.020458048820486515,0.0097123720079608043,0.032873496255798079,0.023492086959915559,0.85416259527066674,-0.0074382883713511871
57,2019-03-25 00:00:00,1,-0.0030030430876260279,-0.0036895531915756234,-0.0049883574444102331,0.0062665816520741475,0.033743114713268102,-0.0046538321686715456,0.25354592585346836,-0.018890203630998581
58,2019-04-01 00:00:00,1,0.0057058468203533908,0.023875507488188761,0.036579113170753692,0.007322044201943316,0.031872447160559134,0.024098634238264971,0.96186961869618792,-0.0021820388349513831
59,2019-04-08 00:00:00,1,0.042556557165236694,0.062313534993519347,0.24682153738962656,0.026093160763222802,0.14670853243844192,0.084312716160650281,0.97203523678409476,-0.0062530689329555189
60,2019-04-22 00:00:00,1,-0.0074743788145459674,0.0033987587024150367,0.026018316288707755,0.017260071631376883,0.048051644670130657,0.012576900637955912,0.85777874618688765,-0.0085625776563388323
61,2019-04-29 00:00:00,1,-0.0017323278450323729,0.011190197501755155,-0.022325427623822072,0.014647772551233089,0.072934919603442144,-0.027460819510295997,0.18583805834690084,-0.07757372606354529
62,2019-05-06 00:00:00,1,-0.014773014852425881,0.046475644156871498,0.090986569135928466,0.024330400990545498,0.067058167984701531,0.041538717336097042,0.7797807551766136,-0.026405498281786954
63,2019-05-13 00:00:00,1,-0.0078381694213974142,0.13817750997305894,0.21422049198465085,0.064056853258914276,0.11010737098710183,0.12378808542340747,0.73917489747885323,-0.067425835566248149
64,2019-05-20 00:00:00,1,0.084525738826330174,0.0048301096049743735,0.12266664192518879,0.071183781462109866,0.16423158283579151,0.028920991862203538,0.69476254185658104,-0.04841989649830436
65,2019-05-27 00:00:00,1,0.098416484525705283,0.12071811624711726,0.11327504138132787,0.070324634230714986,0.10410126073585209,0.11784401652734289,1,0
66,2019-06-03 00:00:00,1,0.012295151303159654,0.043814682033077042,-0.024138001564017957,0.024468795550396848,0.082040431160547822,0.0062533926974142062,0.66001743370769594,-0.030085577100439798
67,2019-06-10 00:00:00,1,-0.03686862129315447,-0.022961894015538942,-0.13105357384253433,0.027923342855148029,0.10804938563947115,-0.041081505767147641,0.13754851254751596,-0.12450029277810182
68,2019-06-17 00:00:00,1,0.039565893095143419,0.11083574677276094,0.18820929827676278,0.057555859149788322,0.089883530210879428,0.10567851093603031,0.91533712400611078,-0.01562022817941866
69,2019-07-01 00:00:00,1,-0.09497058839321898,-0.040689069274248583,0.033118175180507747,0.072716816885868132,0.22717306156123096,-0.056235287356069641,0.11965213603410166,-0.20428800106283052
70,2019-07-08 00:00:00,1,0.021045403720596552,0.023754090214937743,0.036339190196197836,0.034205781477261332,0.17422764373215974,0.025719180225609595,0.75200546554399783,-0.045766598031799166
71,2019-07-15 00:00:00,1,-0.12302242183415373,-0.13653392293100503,-0.13285685415106685,0.057455886034438505,0.14642952018534408,-0.14919584904619987,0,-0.23398129527574429
72,2019-07-22 00:00:00,1,-0.018902296111526419,-0.0074326863814670706,0.057618119932555771,0.032079839549093235,0.17610093515106331,0.028208156671877704,0.77452961369660622,-0.037684632913001281
73,2019-07-29 00:00:00,1,0.011303635849611695,-0.02056299406431316,-0.10703592256136488,0.016338667019756423,0.10970516735017863,-0.036630197684901056,0.10199448282596506,-0.10383831502562191
74,2019-08-05 00:00:00,1,0.03241600401603905,0.076668793015395545,0.16403132521214767,0.035870693603909168,0.068726830113826951,0.10389319312470313,1,0
75,2019-08-12 00:00:00,1,0.0084370062625416936,-0.041977411457337119,0.021622197150497093,0.019154377080498153,0.10769660532973153,-0.017935118484784018,0.24087913814607045,-0.063152932564377151
76,2019-08-19 00:00:00,1,0.01039983437248298,0.0026903453834752921,-0.10492089563821225,0.024659594385754071,0.097466393056272541,-0.020265546425076608,0.38887249270076801,-0.10097079432030032
77,2019-08-26 00:00:00,1,0.036519483231913057,0.037396286510930021,0.017681327602370289,0.04936420900680797,0.094622135922524192,0.01974947738744337,0.62910823542151695,-0.037637362637362615
78,2019-09-02 00:00:00,1,0.016167508620692692,0.035403621749306197,-0.071745320411566268,0.014085250158586252,0.06983857317366228,-0.0053454824712940718,0.34723393565289207,-0.069232086782757607
79,2019-09-09 00:00:00,1,-0.010543155493004819,-0.016504909744954239,0.06169210102261953,0.015599292871759108,0.072758521054035963,-0.0041524992374778469,0.5690008660457051,-0.044778586046665403
80,2019-09-16 00:00:00,1,0.0006099473807427545,-0.0044978519439520803,-0.0053555921397402152,0.0097138838605422828,0.050793929808664338,0.0092008980657083406,0.82020468801584578,-0.0078322147651007645
81,2019-09-23 00:00:00,1,0.0051729581084214186,-0.024414770332731525,-0.034936372076142308,0.016061920972194541,0.053258254493940026,-0.01231157364279023,0.33248708275973254,-0.036016430036328817
82,2019-09-30 00:00:00,1,-0.023003929152474428,0.0068425780169667667,-0.21903737121625813,0.020474718339960733,0.12802580484506887,-0.066783601954578331,0.052587694354209305,-0.19670830239507175
83,2019-10-07 00:00:00,1,-0.040778222277454618,-0.037608031924910988,-0.025847838232129345,0.034935905862515736,0.072802277636256213,-0.042042111349577471,0.091161852625512782,-0.07462958472085035
84,2019-10-14 00:00:00,1,-0.0070705194601213949,-0.030659658820412251,0.05647773590507571,0.023937980072890604,0.067791713544632232,-0.005354269494365349,0.50156940054405907,-0.051843391877712031
85,2019-10-21 00:00:00,1,0.037064727077605775,0.016839197789030484,-0.0067583264626771252,0.019229992003548937,0.049125158174799934,0.01636151708026512,0.70447546704988584,-0.017208216430230627
86,2019-10-28 00:00:00,1,0.049986085216979212,0.26830179589831954,0.16798912295535084,0.043402914226738733,0.16901725677038842,0.16746889067739157,0.86808746603574793,-0.03539302494661245
87,2019-11-11 00:00:00,1,0.03056154844622291,-0.016910613741776697,-0.014117959053556128,0.028149053626972068,0.05910623354014425,-0.0083441031605456795,0.40721741396573652,-0.045609824823573009
88,2019-11-18 00:00:00,1,-0.00024961027958782071,-0.012123318391192378,-0.062890575630229414,0.01937835442356205,0.04783098093261224,-0.016487823563376414,0.10819507447927337,-0.062708463479295484
89,2019-11-25 00:00:00,1,-0.052519830050665101,-0.10834376161746825,-0.2091356147789851,0.035363129620601771,0.086667222840893871,-0.10875194250239584,0,-0.18871479408114289
90,2019-12-02 00:00:00,1,-0.014557076936749631,-0.013509773180401995,0.068976227856874642,0.028826794522889811,0.10423705438312708,0.0030944077484473809,0.65518678725914248,-0.056065217391304434
91,2019-12-09 00:00:00,1,0.0068704080121084008,0.020898114340304249,0.020551244498378297,0.013372916149230904,0.076576096870312069,0.020899814243221515,0.90262356733524363,-0.005740043334028333
92,2019-12-16 00:00:00,1,0.0046470698549212139,-0.016788236363486038,-0.063633271423710502,0.019054700704355818,0.047816433248508268,-0.021769234147245631,0.064512319924428602,-0.062995235665582072
93,2019-12-23 00:00:00,1,0.056649549420311959,0.059389540457970666,0.066112001356885261,0.025250501405654231,0.085584278596593982,0.072493357261731228,1,0
94,2019-12-30 00:00:00,1,0.00481182440177265,0.018788882296721307,-0.029357552625439161,0.017566126231396091,0.055443167234419222,0.0054551126505388847,0.44330965936882488,-0.037342149263603797
95,2020-01-06 00:00:00,1,0.00054674056487794053,0.063547914288002327,0.0051618351786623757,0.019091177155867285,0.061308589924886775,0.017143946375586028,0.83589820210169918,-0.013229708424453368
96,2020-01-13 00:00:00,1,0.010169309360444424,0.041417777649184744,0.099592226147472013,0.016066967387489497,0.088588986656328833,0.023305864814242794,0.71880091234929855,-0.035757749386773341
97,2020-01-20 00:00:00,1,-0.0345062230446515,-0.0017904571023953141,0.061994487071050701,0.049119224473532348,0.081960174100199928,-0.00073830060187940472,0.559806751047218,-0.053160048292552275
98,2020-01-27 00:00:00,1,0.040712213114961725,0.029960071738709966,-0.0019300866676085356,0.01745569542605761,0.052986769040839911,0.017057924535280877,0.83176378261722606,-0.0098167838956662035
99,2020-02-10 00:00:00,1,0.024127653991153644,0.042563879929793519,0.081307528282196562,0.014828858533725396,0.05220620250960506,0.0596971085084681,1,0
100,2020-02-17 00:00:00,1,-0.00630821323529964,-0.03604673374096784,-0.032343210773324166,0.026609665605763964,0.074302068543500299,-0.024098667467519763,0.19163443518481615,-0.058051177889410832
101,2020-02-24 00:00:00,1,0.028525034115498355,0.037671117083656683,0.010697897860366054,0.016597408386483326,0.076927506918599134,0.019477195334623776,0.64072604451278936,-0.025562672851126567
102,2020-03-02 00:00:00,1,0.00069414573408938061,-0.035725103537338064,-0.15461128243596783,0.025932813096996528,0.081760797932660861,-0.04978017554822689,0.067912146691802774,-0.14325185418366793
103,2020-03-09 00:00:00,1,-0.08409362960635676,-0.10742809284822276,-0.055353729245166836,0.035753553906799226,0.061678545810409026,-0.087200551347694222,0.042149269494806782,-0.11863034065986766
104,2020-03-16 00:00:00,1,0.0079673292893211144,0.11633994703938871,-0.43456168577765153,0.18212472846713659,0.45644643825004777,-0.20763306644330937,0.26084591807170127,-0.35710452998893683
105,2020-03-23 00:00:00,1,-0.049684262051545483,-0.053994087138191926,0.12088140935544298,0.05945039523518076,0.23297007181796231,0.032111202962963992,0.60948154427255363,-0.13723019324165286
106,2020-03-30 00:00:00,1,-0.053066930666235503,-0.1478860869836347,-0.0013379265154043337,0.038795910971403468,0.14732239918835813,-0.084095756438573477,0.1049565846599131,-0.14361701355679823
107,2020-04-06 00:00:00,1,0.0011461552694984807,0.019151271682014786,0.15341514678030255,0.02145727910582413,0.10923037004044037,0.042830938094309046,0.82149994122487424,-0.029977339675028025
108,2020-04-13 00:00:00,1,-0.021077925984960617,-0.081775803235252659,-0.021912685778236088,0.04266816796994518,0.089133218493307895,-0.054180205493626565,0,-0.095134566800715747
109,2020-04-20 00:00:00,1,-0.0084918479371411254,0.013585010787717318,0.063889629374980841,0.022864288942271285,0.075734775007997288,0.029843431494016137,0.85323273095520002,-0.014140617377430775
110,2020-04-27 00:00:00,1,0.023579683858066535,0.033837790125715077,0.077865286623047328,0.023432489589023085,0.077010657038850544,0.066101470718854527,1,0
111,2020-05-04 00:00:00,1,-0.035305274439629213,0.011476091090064769,0.12848770790389227,0.031197747097274547,0.11738387009613878,0.041398531423238349,0.6724045436521825,-0.059893390191897544
112,2020-05-11 00:00:00,1,0.0060180723255629448,-0.13433562754546377,-0.0049109982066273625,0.068743968004145645,0.13779145062697551,-0.050233795649059942,0.28389553924657041,-0.12570342265937595
113,2020-05-18 00:00:00,1,0.030417554936683189,0.00024353705976713237,0.10780163626108062,0.033603123557102786,0.10472379205065398,0.057495424307087539,0.96180174531013218,-0.0052081424936386567
114,2020-05-25 00:00:00,1,-0.043623460652430092,-0.023619731106121991,-0.10399578230654946,0.046467419928986009,0.094469168066143999,-0.062005059791194084,0.078376847852729192,-0.11015409855276281
115,2020-06-01 00:00:00,1,-0.017110300502373027,-0.0015730842792021514,0.075173830000832775,0.015788365032054479,0.066539339246483073,0.029650131178833528,0.77332527856087963,-0.024288623524794217
116,2020-06-08 00:00:00,1,0.010227038136120964,-0.0036217787307608615,0.028742144172611679,0.02936170403556769,0.091339068637363421,0.010129647025057809,0.42712015875727755,-0.042698766573676439
117,2020-06-15 00:00:00,1,-0.013454495370358296,0.0023108021721853105,-0.046620832448513533,0.01444572688040565,0.07216763607129309,-0.026744941540737255,0.29906145302675574,-0.061467240982051252
118,2020-06-22 00:00:00,1,-0.0049984035507474522,-0.0053071716592713869,-0.0017393128145853306,0.0088440859252089526,0.049634518235471804,-0.0055927155249949623,0.5233875839847677,-0.027198049312526895
119,2020-06-29 00:00:00,1,0.016047506268471436,-0.017449929889332142,-0.021110100135479013,0.014748528937157897,0.05663635280536037,-0.019935464965584848,0.24777904253509614,-0.059319506938132038
120,2020-07-06 00:00:00,1,-0.007489560714942522,-0.0032083598948997581,-0.0054110305617862025,0.011181722348177376,0.034266826251929526,-0.0062493801157372797,0.19993449543287195,-0.023670811526075641
121,2020-07-13 00:00:00,1,0.0021376018641840475,0.0064873467199746187,0.02231865027199139,0.0095485548331015468,0.036674061852364208,0.00085747851066564351,0.53118430273300943,-0.019107714278158272
122,2020-07-20 00:00:00,1,0.001278153014522318,0.0082945595422268398,-0.0088412274155601038,0.0070569499400571769,0.022185248394111082,0.00060526066776511733,0.50805921688376954,-0.013658114650036968
123,2020-07-27 00:00:00,1,0.029180786567776843,0.039878315405373121,0.082859222491806078,0.025376863298605921,0.042119742115989851,0.052007032278289955,0.96338819751103966,-0.0031866082588261069
124,2020-08-03 00:00:00,1,-0.058387768358729192,0.0062520766662158616,0.10843710009765498,0.077756301980192968,0.12256221142547932,0.0022774473183331256,0.56755831265508649,-0.072614166666666757
125,2020-08-10 00:00:00,1,-0.0016642412729969036,-0.0039854666656082742,0.054275150722363878,0.017258734049331838,0.055529100968841907,0.017806767601778573,0.82921633207862833,-0.010999158249158203
126,2020-08-17 00:00:00,1,0.0030413435428201757,0.006626081231195579,0.0086658181075751958,0.015879693650122203,0.061447492747531064,0.011111802376856383,0.77652457901829652,-0.015293718832203651
127,2020-08-24 00:00:00,1,-0.0014386990116931802,-0.017420729636634165,-0.018522454390361126,0.010660805843159375,0.0549805760942505,-0.015591201116282205,0.21920270283542403,-0.063962848446668219
128,2020-08-31 00:00:00,1,0.016432334065982521,0.030418808500956893,0.0058731669536867728,0.014398568577051695,0.042453468483028278,0.016901705888853868,0.85469297436843306,-0.0073524297456166732
129,2020-09-14 00:00:00,1,-0.015499037041037809,-0.0065308935530047291,-0.00073338245289652983,0.021566121600089257,0.063368342824060661,0.00065584302428289831,0.53779295103326563,-0.02654483353713577
130,2020-09-21 00:00:00,1,-0.0089945795338876866,0.0046300274791027281,0.064154654842652578,0.017090993383956948,0.050926254976440662,0.0097922544452997418,0.78495677233429273,-0.016738658000190365
131,2020-09-28 00:00:00,1,0.010481495558118163,0.016650634998016806,-0.0060538900747417997,0.019012955541096534,0.050675917107132325,0.028498938338552549,0.90064050591859823,-0.0067054542801645578
132,2020-10-05 00:00:00,1,0.014926850768209038,0.010910549385614393,-0.016925123275169561,0.0089678457949423415,0.045516875726628776,0.0025090539040051318,0.5569757454292622,-0.019827018121911011
133,2020-10-12 00:00:00,1,0.0066031794601439393,0.045082532106993062,0.061183788737658382,0.011473838349273641,0.04451714860638336,0.04219339431553415,0.95461468515571679,-0.003494967177242958
134,2020-10-19 00:00:00,1,0.0086859013166393929,-0.0031684827981820836,0.0079777059024357527,0.0095250932989802556,0.048611107881650989,0.0057952837755859132,0.51686256781193496,-0.018284003421727979
135,2020-11-02 00:00:00,2,0.0056213583437341695,0.016208446481181898,0.055956956177724081,0.015546207703261422,0.069087571071127798,0.026849796426067218,0.87933418178155742,-0.0094484226102568014
136,2020-11-09 00:00:00,2,0.042444644906464393,-0.01975671891814771,0.11937783396542843,0.030008255448664832,0.091955956228869346,0.068080646812260781,0.8791048842187198,-0.01956283389035518
137,2020-11-16 00:00:00,2,-0.0043071613281418456,-0.026004173811385093,0.026716470981832163,0.015796156680245969,0.069878777148146623,0.0123136755556148,0.68155502707499926,-0.027921586841490931
138,2020-11-23 00:00:00,2,-0.022717392898863594,0.019239577459221044,0.12615654323219247,0.040758425363814146,0.098044177727632173,0.017658671420622385,0.74613621212739623,-0.039519992968481521
139,2020-11-30 00:00:00,2,0.04347905485841852,0.058340331466032049,0.017162246357164207,0.031885836761436095,0.12082792403171094,0.024530084971609911,0.66983282804633304,-0.049741529218089386
140,2020-12-07 00:00:00,2,0.0023284356938129604,-0.0084834730168729406,0.046236395762006777,0.021451759847757799,0.09899445728806365,0.011704482365270108,0.66978570661594405,-0.021790854562469653
141,2020-12-14 00:00:00,2,0.014712653043479003,0.056010210717536937,-0.014502430126271067,0.020342625203270698,0.069402500394335001,0.02372425453214988,0.81055786288699028,-0.01699473897416437
142,2020-12-21 00:00:00,2,0.007731123824678816,0.039476049634338095,0.21834335097348387,0.044468587236577491,0.10209807822954267,0.0966831525143792,0.90407338036305063,-0.020388211050228477
143,2020-12-28 00:00:00,2,0.0039252759730614758,0.12798844511012766,0.12474441650319013,0.059125200163139144,0.12544174403465419,0.10780611978708543,0.82569126227020073,-0.034450016490747415
144,2021-01-04 00:00:00,2,0.01255468677345895,0.12376869696252478,0.20325433339696333,0.058170384038687753,0.13856454841984994,0.1263265636970563,0.8031375498636727,-0.04672096634770162
145,2021-01-11 00:00:00,2,-0.089251694716996816,-0.043172872079599897,0.12327165123739599,0.061952640794179968,0.18067792054170023,0.012446853217161546,0.61651896925989313,-0.1037729418975859
146,2021-01-18 00:00:00,2,-0.011982160517086005,-0.091927013432562821,-0.034315084480074719,0.053975673607281914,0.21907536113285761,-0.001826031494991609,0.53376138394247341,-0.097688779611091792
147,2021-01-25 00:00:00,2,0.021426251650677366,0.10140907058066144,-0.098111857919320394,0.035793878491722879,0.15476563276677663,-0.038608007419004386,0.39630434152251409,-0.12808687134445051
148,2021-02-01 00:00:00,2,-0.045853810781974216,-0.049608270371248132,-0.00027338026582597428,0.045657764250296363,0.1957588441509325,-0.012875565351343488,0.3427930857321308,-0.1526685958211591
149,2021-02-08 00:00:00,2,-0.022106488665032183,0.04572648175368757,0.17338049239359513,0.043198816487846854,0.10673263607166868,0.04822698840926587,0.73719466875697537,-0.053700176456412452
150,2021-02-15 00:00:00,2,0.023766917395979661,0.016896864704137364,0.23062890939118552,0.037582952119670603,0.15412083684710098,0.055447321536540528,0.94159187591928795,-0.01340439655151493
151,2021-02-22 00:00:00,2,0.0080305935172759087,0.089000794833182878,0.14297396309901095,0.034755266881428729,0.094099952511099219,0.076150083802050128,0.83461081883769073,-0.032436553351816833
152,2021-03-01 00:00:00,2,-0.001660981801673972,-0.010735753450041395,-0.19521664763591484,0.05951123697946125,0.2027064190356625,-0.050668178389721263,0.22953481165960385,-0.18609827929622946
153,2021-03-08 00:00:00,2,0.044703523986010692,0.095268461729706641,0.10564131416774845,0.031788953564383271,0.11344887245449667,0.052444716360848576,0.83471070676287362,-0.02103725855295191
154,2021-03-15 00:00:00,2,-0.030262826518335735,0.035220679197291764,0.14366981775288012,0.03169198986770691,0.10348396239166523,0.058922052491971799,0.81668486772486748,-0.035148331963376078
155,2021-03-22 00:00:00,2,-0.031046939330145545,-0.0047424470473469505,-0.048997950085070664,0.037748958028029481,0.10915625152014226,-0.013543370734038107,0.40657162172596872,-0.06238238365590032
156,2021-03-29 00:00:00,2,-0.011892747411812062,0.061164439177326217,-0.021627967127421457,0.026992790175100968,0.10278674641712859,0.012395291774582651,0.63703686564638884,-0.043350196627122473
157,2021-04-05 00:00:00,2,0.021108576001484386,-0.012586297011029708,0.044660838893549645,0.018778698729090323,0.067546778674032068,-0.0081737346420741597,0.60304646039851795,-0.031809532629385795
158,2021-04-12 00:00:00,2,-0.0050690413893254797,0.025459348422380228,0.032002431997790841,0.019201344503469296,0.068379288262584409,0.024379319510696273,0.77516374136298494,-0.018855941623199146
159,2021-04-19 00:00:00,2,-0.044583586678959078,-0.10881908114365497,-0.050094350191798594,0.07293268181585405,0.10300044342719178,-0.068543992247751429,0.31191511527029131,-0.11979026749050159
160,2021-04-26 00:00:00,2,0.021058851225563838,-0.011552598212177608,-0.11023688552831837,0.058838507595150268,0.13268056700139061,-0.037780132561159196,0.33554570982325993,-0.11257126930346395
161,2021-05-03 00:00:00,2,-0.00097080595995570188,0.072622569007687904,0.12020403981248985,0.030686189796173741,0.084660505143274056,0.040267063304587181,0.8576344908032878,-0.018454050419065338
162,2021-05-10 00:00:00,2,0.0052070844887671707,0.043221987176698722,0.025348355756765594,0.038864523868690701,0.098210556186067929,0.032467465648547522,0.95232413754966383,-0.0048051402553407341
163,2021-05-17 00:00:00,2,-0.036656302400792762,-0.09424032138813275,-0.25720458200593632,0.073416053992217872,0.1534018747744236,-0.12764598616144296,0.097603769409988536,-0.23332723065304517
164,2021-05-24 00:00:00,2,-0.079901442122318866,-0.16911518426018021,-0.25552017107581337,0.09120744324215789,0.28385161119445962,-0.11446093446399841,0.22295158771857865,-0.22957488977839535
165,2021-05-31 00:00:00,2,0.042082103519145764,-0.073116230756842759,0.0015955901113969789,0.047499142453296235,0.16372560556472893,-0.050282293374406595,0.21751727145378882,-0.12910376285704228
166,2021-06-07 00:00:00,2,0.019720540379309832,-0.063350651038492772,0.026789714021598961,0.036212237914934664,0.11715850461432248,-0.015825085741971834,0.37945200340153101,-0.075794234496790125
167,2021-06-14 00:00:00,2,0.090750863943407631,0.071680248894043688,0.075118037226579976,0.059123627523272416,0.13698824224282849,0.096036674164755143,0.98342495242089401,-0.0031810241935114059
168,2021-06-21 00:00:00,2,0.0049291450303107819,-0.05817974357557136,-0.095817564599861807,0.042097396932366402,0.099818199429424978,-0.062774620633987865,0.24661503037830773,-0.12636535432142326
169,2021-06-28 00:00:00,2,0.065564667108201094,-0.00051566615418483332,-0.028306173880189352,0.058786877474976608,0.17383508114586477,0.048722434394255387,0.84334492969573771,-0.027909307545687323
170,2021-07-05 00:00:00,2,0.0097120557735673688,0.030992370248889973,0.0081718622153752942,0.029147732942917778,0.097191853088902658,0.0097047514902965926,0.56035555705059137,-0.043063745942103382
171,2021-07-12 00:00:00,2,0.013695000663547152,0.053667413276137207,-0.019439487900943506,0.022849489720087011,0.083282993238225092,0.012054978614624678,0.68711840541070968,-0.023240482281371877
172,2021-07-19 00:00:00,2,-0.01215420285879547,-0.0012860526113220286,-0.078382584039149786,0.022146338691168731,0.073405338454150593,-0.021650804734574813,0.15303520919837693,-0.082817718424342712
173,2021-07-26 00:00:00,2,0.077494915081234836,0.1284485843367813,0.15220139723658485,0.046801326176823387,0.087189734980810882,0.14299090796164204,1,0
174,2021-08-02 00:00:00,2,-0.055196407583137055,-0.010037686894886587,0.071368027915506796,0.033612120875535875,0.12646661627721387,-0.0068967695164978693,0.50159639593324878,-0.069397772608457475
175,2021-08-09 00:00:00,2,-0.031647245977624139,0.075728836626556925,0.089638278085916456,0.038753695194959512,0.099732646635322331,0.059511467523141404,0.74809267175468774,-0.041111016959303748
176,2021-08-16 00:00:00,2,0.0073445815265596702,0.066549143455716372,0.095949004358636,0.028582073137804399,0.081080692188588516,0.036367235415402321,0.9460904034268911,-0.0052883284650718787
177,2021-08-23 00:00:00,2,0.0092978631745217338,0.04797928514683155,0.0386915688748646,0.025187357632683625,0.081078204212641392,0.051614517468750787,0.95732010981006554,-0.0048456142080604003
178,2021-08-30 00:00:00,2,-0.02346220001318582,0.024570849864813577,-0.020884936508053842,0.024642813120620527,0.069622990069293081,-0.0019453122237281795,0.45113400134188247,-0.039579374586196758
179,2021-09-06 00:00:00,2,0.031378287578553071,0.063573946220338198,0.066894910075621067,0.024166992034252884,0.073604237869850583,0.055933924445510153,0.98644475455105596,-0.0013281185668352347
180,2021-09-13 00:00:00,2,0.023927453199650634,-0.011566635502867231,-0.11737430079102618,0.030135305577335594,0.10246133170384729,-0.026758824046570373,0.19220700911494915,-0.12653989530893117
181,2021-09-20 00:00:00,2,-0.019935439791404441,-0.01128161214538565,0.020322284430715442,0.023967484922380888,0.089183393884025283,-0.0028467296331923242,0.64243578231899034,-0.034601922593794576
182,2021-09-27 00:00:00,2,0.029565364887836648,-0.018014098670911451,-0.068506480953179849,0.051668304252534075,0.1305487721240699,0.016369723499712441,0.50257038417345801,-0.070767736188365071
183,2021-10-04 00:00:00,2,0.012505586300097384,0.091613573721066599,0.087398470335361536,0.027635808011613288,0.090991961473522495,0.07199881253929985,0.86862277812352884,-0.021225569187978022
184,2021-10-11 00:00:00,2,0.0040661870249573493,0.018568841238226615,0.14106649333943305,0.028733467586072283,0.083236071685563684,0.042773687308866437,0.91309716563172816,-0.013110439927976003
185,2021-10-18 00:00:00,2,0.024770118185812106,0.090180399576041154,0.12437546553461565,0.037411193865587777,0.090424190926218659,0.067925464894664556,0.98941428573230361,-0.0013420923528399964
186,2021-10-25 00:00:00,2,0.011813170508655249,-0.016046162153720921,-0.010298513842350313,0.027342877075989459,0.082174503720591152,-0.01150413266834116,0.27712263479464,-0.075915236328039759
187,2021-11-01 00:00:00,2,-0.012639443304504928,0.0035584532595409773,-0.0032724671232269038,0.018476318106260652,0.07406880460941076,0.0051542055007911536,0.62319276598705153,-0.031501125444412637
188,2021-11-08 00:00:00,2,0.048379077135897973,0.065443365302384024,0.054178242912045892,0.030859727310239504,0.078277467018694438,0.050571362913004902,1,0
189,2021-11-15 00:00:00,2,0.013537127993022946,0.015775745628222922,0.012787165640556012,0.021767580208198675,0.075037090828652467,0.0069834523208993637,0.50172489697529465,-0.040233608485360617
190,2021-11-22 00:00:00,2,-0.02093556292365549,0.011564475896341945,-0.12427163940570812,0.024988223094882234,0.085323072901284894,-0.02971962987297172,0.22376132178660954,-0.11839811955642532
191,2021-11-29 00:00:00,2,0.055056621078471681,-0.016057882363242688,-0.0063814938159982883,0.039919184830992861,0.090444342875666509,0.026329992780207201,0.74301073496912096,-0.023703755494150047
192,2021-12-06 00:00:00,2,-0.004563312167947752,-0.14728133583113559,-0.16896664257238941,0.037808550748863197,0.11192046033064508,-0.10727291335169431,0.18426291287414109,-0.16841909116473841
193,2021-12-13 00:00:00,2,0.0058844100267819947,0.032871694520821559,0.016871673626182769,0.025855122244238329,0.094410229303189458,0.0061210820491648388,0.53611968540675203,-0.041457586918713707
194,2021-12-20 00:00:00,2,0.004639785456994062,-0.019105474723698009,-0.057139778761583507,0.031287000678627941,0.089289985811532968,-0.014148391885373646,0.30655917439497832,-0.055537955595334032
195,2021-12-27 00:00:00,2,0.0046963828537267436,-0.0050149198464559232,0.07704728950164573,0.020143540537033724,0.066126149713030533,0.027263925346072915,0.83256982664370871,-0.019186481414675383
196,2022-01-03 00:00:00,2,-0.012089171769119823,-0.00034733157821556379,-0.073434481990237346,0.020954028166615579,0.074547933744801342,-0.020047875938369208,0.22039820461909598,-0.092926600580303442
197,2022-01-10 00:00:00,2,-0.0029235427211133664,-0.026363489951056314,-0.12209477189842367,0.030493970631759668,0.086634709672121862,-0.052111487111390797,0.14571809406804126,-0.12091771959562125
198,2022-01-17 00:00:00,2,-0.0041179385197200784,0.0034132501890757057,0.029923800700239513,0.016596164350422282,0.070332977257285517,0.0030909040185007619,0.62982812463312121,-0.028545943143050478
199,2022-01-24 00:00:00,2,0.012804877853310455,-0.13121774182799423,-0.17928815438202197,0.042137287133741985,0.11669641464868406,-0.096349256892940494,0.16643727670934771,-0.17159186316191011
200,2022-01-31 00:00:00,2,-0.026397943344207999,-0.0090685449966155518,0.026797873544800656,0.033985745056723825,0.11809670904057656,-0.0016098954338276128,0.70967705244959411,-0.039901547523485625
201,2022-02-07 00:00:00,2,0.0088888109421327872,0.11799905219199786,0.12771386521500722,0.027798446010495744,0.08760972874674941,0.07343875079204798,0.91000201600243169,-0.012840456101073427
202,2022-02-14 00:00:00,2,-0.0067177037086958756,-0.02191035578826285,0.0062848816910945652,0.01920326547388768,0.087032585244927088,-0.027282658984618124,0.074190656327903379,-0.072512594472300074
203,2022-02-21 00:00:00,2,-0.029812898645824593,-0.04592512246102147,-0.08343189429711749,0.033185985148075567,0.070899726439385233,-0.070331522322066187,0.094159365289791436,-0.13058008878617022
204,2022-02-28 00:00:00,2,-0.032139287245341999,-0.017402495084067722,-0.030810768489935747,0.052026521568486965,0.12242419394486519,-0.014828578610294518,0.57067645835895531,-0.055279586316762774
205,2022-03-07 00:00:00,2,-0.032292822964028786,-0.08032279524970963,0.021294972151769457,0.030589487277251012,0.10654643346736153,-0.071035120010344621,0.11155652636775501,-0.14369012112435631
206,2022-03-14 00:00:00,2,-0.028238608326974238,-0.03777599595210273,-0.014330458159519598,0.030120537991936269,0.10084837742137537,-0.036279080605625014,0.10323331505090143,-0.11030600412355807
207,2022-03-21 00:00:00,2,-0.0152148119847431,0.026318302483658594,0.090700579621622424,0.014191593997109116,0.087437373078502564,0.023147240167045835,0.81968361143743429,-0.018717444910596903
208,2022-03-28 00:00:00,2,0.048208840097996607,0.0646804843628008,0.12458852209818043,0.031692900114326336,0.065877771419255021,0.083809652038782323,1,0
209,2022-04-04 00:00:00,2,-0.0046303115086497358,0.0070085275700498082,-0.02299569629478684,0.024990956277413896,0.064110520038134111,-0.018482802014322397,0.40670656819103829,-0.044475096462205377
210,2022-04-11 00:00:00,2,-0.0078449370835320855,-0.023989369601066384,-0.080812824434975436,0.02107475317578834,0.057699573967668526,-0.040860776483523931,0.039447876140299001,-0.095383181957927277
211,2022-04-18 00:00:00,2,-0.016169036317353423,-0.0030137785931119002,-0.062696468549389858,0.015678289432683006,0.063018789054203453,-0.017614816719382587,0.14458664249777339,-0.061097677231720549
212,2022-04-25 00:00:00,2,-0.017824453109802595,-0.039492312869702478,-0.022118952470619558,0.020463257909443758,0.062485706331945223,-0.039325981647673647,0.0083267227657584601,-0.089593634709681402
213,2022-05-02 00:00:00,2,0.025692388382576346,-0.029779472850660387,-0.0051902840243321317,0.026222960097337066,0.070145305259743121,-0.0082045525359741855,0.34793623876547375,-0.047363558875263001
214,2022-05-09 00:00:00,2,-0.027436641726263384,-0.063043001598365511,-0.12484167054210242,0.02940800871223704,0.07589999566505326,-0.082653315025369101,0.017804959756736464,-0.14347272035566472
215,2022-05-16 00:00:00,2,0.037935343441832386,0.052687063473004538,-0.093992327311723356,0.033977391526980774,0.19993979610942944,0.024181348760645927,0.60977415724752437,-0.08971025341656047
216,2022-05-23 00:00:00,2,0.027277436528545657,0.00042068779104503871,-0.026979645354085528,0.027488427895717333,0.090239084016748711,0.016976255265538365,0.65491976333731228,-0.026618945850606313
217,2022-05-30 00:00:00,2,0.010794860011051849,0.0090778385190798238,-0.031689309304601544,0.014352788471081561,0.071686583924295541,-0.0010683831530007293,0.45111431306936162,-0.038022120826981531
218,2022-06-06 00:00:00,2,0.018531119957546627,-0.0031340441797006132,0.0328452890169708,0.01794945151015083,0.068331339192517604,-0.0041573966215416869,0.34366086357824344,-0.058123597414046713
219,2022-06-13 00:00:00,2,-0.080522741941061599,-0.12360121962815357,-0.14177037919622693,0.050614818238200306,0.1001801083324019,-0.1146356293750469,0,-0.166353254939685
220,2022-06-20 00:00:00,2,0.055606570162805839,-0.015344312608338306,-0.27145857522628597,0.093687525291618196,0.20030489748959315,-0.053409276874526457,0.26481509597402209,-0.237733140453815
221,2022-06-27 00:00:00,2,-0.019874109679134555,0.0021331491392941083,0.049167357023328022,0.025079760443611109,0.10657246752256493,0.009835819600589657,0.65790156920169085,-0.030364398592993003
222,2022-07-04 00:00:00,2,0.0011808866236697488,-0.051497559104004685,-0.08921437712785088,0.024221070135031619,0.10063298291634655,-0.030995801532654244,0.18648919317540269,-0.10401400971199726
223,2022-07-11 00:00:00,2,-0.026345251423026614,-0.043235772924713256,0.077726619239843336,0.020645383088879723,0.090508773726173594,0.0041025269210743787,0.56666731496068101,-0.060395286344965715
224,2022-07-18 00:00:00,2,-0.022533669477864966,0.021016666295737868,0.00091649497813377353,0.027116054385525674,0.093483322241314309,0.020068662419318706,0.6901046402063048,-0.03476897268178647
225,2022-07-25 00:00:00,2,-0.0098997670326334778,-0.04173859772046732,0.070024280976138192,0.028449490394631918,0.1105033119103648,-0.017962375914687523,0.44535517513951028,-0.077682091218799432
226,2022-08-01 00:00:00,2,-0.015700197662491859,-0.021233643033594731,0.046360901013056566,0.018788919222174769,0.091077305912911646,0.025185858469563449,0.68751121875333354,-0.048854101847671805
227,2022-08-08 00:00:00,2,0.016095603810666246,0.027680903054771014,-0.0050111472986460893,0.013914263082646691,0.063676375670686194,0.0081570296221367133,0.78267800719760983,-0.0096887933694368433
228,2022-08-15 00:00:00,2,-0.0045729328770654516,0.017712343978432393,0.047748020720441028,0.018997749680125225,0.071055209363970029,0.016237157190661433,0.77250294218138937,-0.019263053591792034
229,2022-08-22 00:00:00,2,0.013388625054041989,-0.066671599624709157,-0.12910779817065529,0.015989011540901134,0.077888064682171021,-0.059183313616409938,0.15390190632311632,-0.13954188001275569
230,2022-08-29 00:00:00,2,-0.017801509806860068,-0.089291311384672473,-0.088196874522482815,0.02075306436165851,0.068359945205966013,-0.064121537436380827,0.039303177093993648,-0.097098367182191891
231,2022-09-05 00:00:00,2,0.0052499187951294494,-0.007787687159030574,0.013900085237590835,0.017357625384664038,0.059500632159384309,-0.0043475714984232416,0.35167376606213402,-0.026848539931980775
232,2022-09-12 00:00:00,2,0.0039455764208215973,0.11098378170479442,0.083122438560818704,0.021544366683062165,0.079694564764283174,0.07143617366473376,0.94089442970162807,-0.0087125521946966877
233,2022-09-19 00:00:00,2,-0.026673940902388418,-0.016822630406516121,-0.10636572571354148,0.021940215522968997,0.087520291750654358,-0.049492128534472823,0.012877463636801459,-0.13657124828437284
234,2022-09-26 00:00:00,2,-0.01023676141954321,-0.028082245855648971,-0.035940238455079661,0.015809812631395647,0.098300474735201301,-0.014358318151148075,0.26445028434766943,-0.053356491462709266
235,2022-10-03 00:00:00,2,-0.0097649620060518347,-0.023525308438629797,0.016984132080795415,0.013387331888582956,0.087664778151454265,-0.01256677204030443,0.28148974837474189,-0.058122136553499515
236,2022-10-10 00:00:00,2,0.004903983321747428,-0.025218958153542997,0.020875857884027127,0.0090226944244507189,0.050186105416410394,-0.012835008410654769,0.31425361255890971,-0.043137204857549349
237,2022-10-17 00:00:00,2,0.0047210185652261059,-0.0094019682192373714,-0.013709216560173744,0.018374426466585544,0.062767609095770185,0.0017431602980109151,0.57392347415931477,-0.031659570610999332
238,2022-10-24 00:00:00,2,0.016561688245574406,0.02454481274183247,0.014975906754703264,0.016420383166610264,0.039599082584564294,0.014038883831033244,0.80823164949105375,-0.0077096110880942037
239,2022-10-31 00:00:00,2,-0.0083589492085743618,0.012716262490342481,0.051216267421427021,0.014514062264359674,0.05298029583026944,0.012331696292942729,0.7549255052367605,-0.01981488487434524
240,2022-11-07 00:00:00,2,-0.020151854812195315,0.03010729214733817,0.017108036693940565,0.014235804979367713,0.052999170424797869,0.009371723067026716,0.59042858313529334,-0.025630805078049157
241,2022-11-14 00:00:00,2,-0.03511232516197501,-0.075284950545657564,-0.25256235864740734,0.021010213955534165,0.15984355139066883,-0.091706347892187234,0.10228629056626588,-0.22647394856128444
242,2022-11-21 00:00:00,2,-0.028335010875082445,-0.042190188922572286,-1.2318745065438598e-06,0.019618949270423128,0.077084742271790269,-0.024002348469112089,0.34193449360882011,-0.04537626277919915
243,2022-11-28 00:00:00,2,-0.00095820856391883188,-0.0046850204154768177,0.012491099640852902,0.010756948182919314,0.055255800589370539,0.0044607209471940745,0.73359645692563813,-0.01750733008136296
244,2022-12-05 00:00:00,2,0.015709922914910603,0.010253129086746155,0.046232998993354792,0.0093010949420651058,0.046222662260429523,0.025157412254544598,1,0
245,2022-12-12 00:00:00,2,-0.011219684684777884,-0.014930229514768431,-0.015517599679134249,0.00956297348790878,0.032338273296370811,-0.0069236776891975493,0.3163835194970217,-0.023548636635142284
246,2022-12-19 00:00:00,2,0.0016311130458771148,-0.037743925440133358,-0.010131815750133921,0.0062502605734084393,0.055623817725819077,-0.024626723502015113,0.092730220088533835,-0.079794193416075743
247,2022-12-26 00:00:00,2,-0.00090995924529907132,0.0030066082281199717,0.0027902735271009738,0.0052796785406229157,0.028698451571905308,0.0020836186659032307,0.81951810579425033,-0.0053702556634152021
248,2023-01-02 00:00:00,2,0.0037792129305874757,-0.0024309545332070301,-0.014720136302034361,0.0040759819102191295,0.023523793312146449,-0.0035956005158882531,0.34309426871280874,-0.019836907050258978
249,2023-01-09 00:00:00,2,0.015138207031968921,0.019426153312669291,0.035616542791554108,0.011601452231599935,0.023409478656437797,0.021602087021380223,1,0
250,2023-01-16 00:00:00,2,0.0096244357560652093,0.11084204947447386,0.19920501270681001,0.015024039534660295,0.086721801402326118,0.11882680945000113,0.99052986834143564,-0.0017284105762924717
251,2023-01-23 00:00:00,2,-0.0057959538966999569,0.07743651609811418,0.081322348567823347,0.02100049823282607,0.070188063773361661,0.052568883004516564,0.79543188094507444,-0.022908757128517254
252,2023-01-30 00:00:00,2,0.027074389379042021,0.035419768491688292,0.043225033480601145,0.018033971080938835,0.062541926047911034,0.032228458247280045,0.90007324402582067,-0.0061082130317750005
253,2023-02-06 00:00:00,2,-0.010067148440406078,-0.021379192175325887,-0.029612805322217144,0.015500579130595795,0.056441514100672635,-0.011311377302735126,0.24211959786918774,-0.046923298517930978
254,2023-02-13 00:00:00,2,-0.00010631740797179566,-0.00041329130752134745,-0.055255341095471693,0.013735174986596006,0.048402560896726128,-0.026137471318969374,0.1576009289031795,-0.064684240824747219
255,2023-02-20 00:00:00,2,-0.021559837814339851,0.020921845770500515,0.10411300830925165,0.023298352061475965,0.081930286967013752,0.031891330135155549,0.76068760462733909,-0.034375528381883291
256,2023-02-27 00:00:00,2,0.016804874545695566,-0.019752956497919378,-0.030271632242219213,0.017375449968410527,0.060054201204218165,-0.017882758296379087,0.26846213673268043,-0.06161559029616881
257,2023-03-13 00:00:00,2,0.094965505452803856,0.1194158114916439,0.010030081001987757,0.047090006848566859,0.087873636858777873,0.062219556025530087,1,0
258,2023-03-20 00:00:00,2,0.027298589276688465,0.11098868571153207,0.20762392947740249,0.028974850519886724,0.11293704048379155,0.091799357952039529,0.92400298250066626,-0.01698136734350264
259,2023-03-27 00:00:00,2,0.016487218959190773,-0.0080238471909240706,0.0041322225087352428,0.020978607145063125,0.096000936073537629,0.0050494200864432681,0.64868858514961247,-0.024174348649244393
260,2023-04-03 00:00:00,2,-0.0087296364633068103,-0.0045663459294337256,0.0037576421317451923,0.013160088149958504,0.067881230707680332,0.004311268459135098,0.62160538712023072,-0.028923872318345811
261,2023-04-10 00:00:00,2,0.01224051541862951,0.010084530659908287,0.0095866979996276983,0.014843855133191518,0.047577658868970224,0.011930085381294475,0.75533202593527426,-0.0090978524183539244
262,2023-04-17 00:00:00,2,-0.01445352260943243,-0.029928446307653123,0.050443298773580371,0.018148871601396444,0.049846647855004964,-0.0061660179459110953,0.5970019906955828,-0.035874074702902714
263,2023-04-24 00:00:00,2,0.0094641036118979088,-0.017009121564982275,-0.071451623359432628,0.013622245650387662,0.058693529362110697,-0.030497512711319397,0.18536078173786691,-0.086007387020588077
264,2023-05-01 00:00:00,2,0.0057596504353063412,-0.0080845582122944584,0.05314600065312431,0.014641211072759591,0.097223196057062727,0.021009891157680372,0.77507549857051317,-0.021446672772742259
265,2023-05-08 00:00:00,2,-0.013438184346497658,-0.012019517024105314,-0.024717350863154835,0.015165016467815904,0.05941278602739828,-0.0064236754722137857,0.46039220713901857,-0.036839045422580319
266,2023-05-15 00:00:00,2,0.0020808592608612961,-0.0086469275228956179,-0.065026604577037947,0.010271839922090614,0.05787592636875228,-0.016251350487572647,0.22361774390979897,-0.062957466574488863
267,2023-05-22 00:00:00,2,-0.022122647124079665,-0.0087370400733680666,-0.0057846788442333487,0.010500391968594407,0.044229939078853017,-0.014523070626202284,0.1626285481223938,-0.031336148971536248
268,2023-05-29 00:00:00,2,0.040273262828691939,0.063250152550486147,0.056399994639365437,0.018373431941790478,0.039419456165969445,0.051966776781655843,1,0
269,2023-06-05 00:00:00,3,0.00064719999461573547,0.0090136579689277449,-0.042340458867862266,0.0081684539192166481,0.037185300482649924,-0.010005760927721097,0.2088081639282125,-0.041456619581370258
270,2023-06-12 00:00:00,3,0.0081726540113403797,-0.01855426982425468,-0.039868979208662302,0.012236731900834078,0.06657908806952785,-0.011161693256277361,0.25891165532243338,-0.046519131261142599
271,2023-06-19 00:00:00,3,-0.0031879466957477026,0.034163790968614327,0.014564497751534006,0.0097897921493111297,0.054261971695188149,0.016112739987010238,0.82694492082229032,-0.011654338616283511
272,2023-06-26 00:00:00,3,-0.0038196625747553658,0.013131527900834231,0.14312578258137099,0.01167369555597926,0.065256490328707631,0.039018544740818228,0.82873880998064897,-0.026819087236510608
273,2023-07-03 00:00:00,3,0.0020537577969870825,0.0065549934665216853,0.0073914534394124518,0.0083265109458161499,0.049670763370394423,0.006210781900480411,0.61143479095972897,-0.011745356642558158
274,2023-07-10 00:00:00,3,-0.0080839209481588254,0.0010472834427198026,-0.017954020023449799,0.0060896637310414179,0.040570478661104172,-0.01391297707692607,0.13538536619374553,-0.039579073413857802
275,2023-07-17 00:00:00,3,-0.0026537407843046637,-0.039632110323358623,0.0045341973679877117,0.0073800585619342354,0.047646547358768103,-0.0098615424645187577,0.10971406019720516,-0.045581434409460386
276,2023-07-24 00:00:00,3,0.0075670216244724808,0.00738739440586598,-0.0074003741248485555,0.012515648273652157,0.034865894073188755,0.0012153161798531542,0.4986258463711562,-0.010765151567598052
277,2023-07-31 00:00:00,3,0.0036129801737954719,0.0065308334062738537,-0.018471683688462352,0.010976401474769101,0.032343657039760831,0.0053373965062777362,0.44956151340516454,-0.018302127738987317
278,2023-08-07 00:00:00,3,-0.0010424670134801738,-0.0068419352523470933,-0.015258270098492965,0.0048020230003639509,0.032284798974090013,-0.0052094849879357197,0.19689881683332219,-0.027618463477252497
279,2023-08-14 00:00:00,3,-0.0067029584140210772,-0.0073193869148458039,0.007756914142325582,0.0039281962269817903,0.028333647697026919,-0.0057307543826877749,0.33798641932547657,-0.027341021079202998
280,2023-08-21 00:00:00,3,-0.0016831992780685801,-0.022549484757382127,-0.11213912384725438,0.0087406003509272814,0.056716459069705807,-0.058154138615621909,0.080642736773815102,-0.11768435145697742
281,2023-08-28 00:00:00,3,0.00090443664611277569,-0.0043676029702858984,-0.0045868605603754638,0.0063100395544883944,0.036669782100236387,-0.0026608889361882104,0.36888447879674258,-0.022697383619703526
282,2023-09-04 00:00:00,3,0.0013463041547444442,-0.0052750028849226039,-0.004383288146102224,0.0075079735636854597,0.073949869300936583,-0.017414202368229326,0.17877535408885356,-0.07512873447813162
283,2023-09-11 00:00:00,3,-0.0055671724879887922,-0.02493311682120582,-0.0070035524707910395,0.0079489968672498464,0.029211397508285428,-0.0044156337402226908,0.18291854349631501,-0.024624853962936788
284,2023-09-18 00:00:00,3,-0.00023459878898231577,-0.00084558169744707859,0.028562612841317857,0.0061439873400029659,0.050276442639110033,0.0096172408166408374,0.82624331049527788,-0.011423621966073161
285,2023-09-25 00:00:00,3,-0.0121682161312069,-0.01475522461960856,-0.0082465862855983802,0.012169793461440672,0.042554626097501734,-0.020242248359692905,8.3956711905895339e-06,-0.043404601744886362
286,2023-10-02 00:00:00,3,0.034549646057853593,0.031886241964488041,0.062603215674157525,0.02969547103347199,0.04513366385153935,0.048335729927176496,0.97455563922960364,-0.0017620714215804689
287,2023-10-09 00:00:00,3,-0.0052809255817719905,0.013752219499880029,-0.0039396003582335441,0.0083411866805198978,0.047418983099767206,0.002946798291803443,0.4429909511848194,-0.025766419832244036
288,2023-10-16 00:00:00,3,0.01141918580051852,0.012458094667114891,-0.024661942621973305,0.0085260078455715281,0.032792359741506072,0.0026250742478142186,0.39619829100193465,-0.029248213048064353
289,2023-10-23 00:00:00,3,0.0047861960668065858,0.050091374208511633,0.1038196071058817,0.016032085819850855,0.05401170870735101,0.041549948631532274,0.96915835415538487,-0.0031283282948113555
290,2023-10-30 00:00:00,3,0.011229939886950518,0.013060030401630214,0.13456502735007411,0.015277094761609641,0.084223875035518814,0.021533476761222525,0.9183749478892238,-0.011066491042689197
291,2023-11-06 00:00:00,3,0.0020908738496157025,0.016052415586481395,0.017689066725438823,0.018745354173263794,0.052383188594106442,0.010496888436124285,0.59935043088946827,-0.017344537476199795
292,2023-11-13 00:00:00,3,0.0054358970244206264,0.016878129493658068,0.056439503404953163,0.0068548936041639714,0.057111172269221744,0.025926664449163361,0.76367195930322218,-0.020231573162977745
293,2023-11-20 00:00:00,3,0.022476868819863608,0.025836599117641711,0.0053995414054252948,0.014193958135198375,0.059085306041781298,0.021013700828784287,0.78689399386897874,-0.014863001133683551
294,2023-11-27 00:00:00,3,-0.0070684817124224012,0.0053816613752221002,0.00479953364446516,0.012654882608077535,0.051368281061526411,0.0038196354215960238,0.70386012332122594,-0.019254627847423378
295,2023-12-04 00:00:00,3,0.017652979814614767,0.065066844207099656,0.070027876537249137,0.016180862554735356,0.045594828059856388,0.053052422622744011,1,0
296,2023-12-11 00:00:00,3,-0.0032940915003688244,0.0052166860243069669,0.081409695732880982,0.010589778994805187,0.052640966523635618,0.0083841558084976064,0.78667736646581476,-0.020760947479120828
297,2023-12-18 00:00:00,3,-0.018448394210154151,-0.036789488980116733,-0.053989951965186231,0.016345095431975539,0.066680803519499579,-0.01748238942493241,0.22800550724930357,-0.052558373619583931
298,2023-12-25 00:00:00,3,-0.018403616245234893,-0.0208546633455103,0.038019570078460144,0.015360311917842441,0.059435647674323536,-0.0051233877155092422,0.63382245262572001,-0.02829076691955279
299,2024-01-01 00:00:00,3,0.0024596411760117879,0.0004179645658002317,-0.01146708276597898,0.014248388637871052,0.048336993318159244,-0.0051550843725189921,0.41694526338557403,-0.028380052850982329
300,2024-01-08 00:00:00,3,-0.011257210939394436,-0.014002410941550551,0.027887704507545463,0.017799035439120477,0.076963651522820989,-0.0055297867046355531,0.40172582293101283,-0.047040619698668684
301,2024-01-15 00:00:00,3,-0.0098493734197842384,-0.091149406333905544,-0.032414968561325988,0.023431497836500791,0.10618648925810456,-0.059385774636023458,0.081252063488401902,-0.13103134882611533
302,2024-01-22 00:00:00,3,0.00012829241847856881,0.0090992416592041037,-0.01512940895353199,0.0082032879971012992,0.055110118816791696,-0.011936190709719297,0.41360530938903073,-0.041503804273616662
303,2024-01-29 00:00:00,3,-0.00073288789322084114,0.051052282065420507,0.0082033544574508094,0.017405656332633544,0.061442862974519473,0.030815664428386347,0.8154774698223074,-0.017288047965300812
304,2024-02-05 00:00:00,3,-0.015631688421089578,-0.019226540836860227,0.0086526379797863262,0.012631080224412596,0.0517070351871107,-0.012871600830472008,0.22176674037534616,-0.031404253371924096
305,2024-02-12 00:00:00,3,0.017845596216835631,0.070507525133544927,0.13834508436103146,0.021260294600487881,0.052715945832755531,0.075582835570191298,1,0
306,2024-02-19 00:00:00,3,0.0096537379962517312,0.0044197916778206626,0.071087596952316867,0.01483022822716492,0.065572196038119854,0.023559136393596081,0.90306090473424971,-0.0088116693900687215
307,2024-02-26 00:00:00,3,0.0038117942546763372,0.0049782788511479621,-0.0099433611042024708,0.0093373843949525696,0.048620113695882435,0.0023569201999833478,0.48171914705557167,-0.022188661710037305
308,2024-03-04 00:00:00,3,0.027271192653655654,0.031641443477790715,0.20590263664822347,0.017618084557706203,0.088809130054351315,0.066289435041595235,1,0
309,2024-03-11 00:00:00,3,-0.0051482960178281167,0.014425366817866183,0.07084094128373529,0.023184213702077034,0.10405373290567493,0.014803574770875905,0.79270505685942361,-0.025001963370164693
310,2024-03-18 00:00:00,3,0.031324413082880434,-0.066453734881940799,-0.01344581357289404,0.039717097498124881,0.10263514534220669,-0.041677086817377473,0.26715962692289613,-0.086585595603912546
311,2024-03-25 00:00:00,3,0.031163221954854169,0.011966210468260643,-0.010050600217959116,0.024438599523272413,0.099893346842810274,0.019697558336223997,0.70821028258105911,-0.030321943062970758
312,2024-04-01 00:00:00,3,0.01836074704009711,0.0059775261234985746,0.066907295693696606,0.010324034482535415,0.059281277796857795,0.018034865400611944,0.92091465016840479,-0.0055503887535369723
313,2024-04-08 00:00:00,3,0.0041637470691848859,0.010115925100329427,-0.026328708351371556,0.016139017797108249,0.071663760409013275,0.023749300108774962,0.70575209272581085,-0.025985129839952603
314,2024-04-15 00:00:00,3,0.028318349269583411,-0.069673625853279048,-0.055687021290562591,0.037584769623085684,0.098791034554164658,-0.045607664644362611,0.34613699416343363,-0.093828735466520152
315,2024-04-22 00:00:00,3,0.0019084253331720655,0.034138372257902228,-0.010116346249089829,0.014581831657280936,0.094456311769193418,0.018869379684570697,0.73037797293534656,-0.026290116749633663
316,2024-04-29 00:00:00,3,-0.005083741897958456,-0.016600583835404966,-0.026053216900137729,0.013509372397667847,0.052559857393092574,-0.023075495152067083,0.14723130381963079,-0.056938720157767908
317,2024-05-06 00:00:00,3,0.01100729326881557,0.084108261175789928,0.01549182466530526,0.013604520385524177,0.096648309088841089,0.04786753561129875,0.95753228601922125,-0.0050968434327202106
318,2024-05-13 00:00:00,3,0.0086193038599685131,-0.021842853339813562,-0.043784833497947845,0.010222307866646305,0.062324384552166878,-0.011713266620808849,0.23122370590963284,-0.056716284638659964
319,2024-05-20 00:00:00,3,-0.007039324037413106,0.014288605444627515,0.077688341547544254,0.014828339660203031,0.052833182648395538,0.024718565076281118,0.86255031363644052,-0.013240197596892433
320,2024-05-27 00:00:00,3,-0.0052789149106551563,0.014124000642501586,0.034542258862994724,0.011620546909558657,0.061129954735994883,-0.0023655748197185522,0.4711609918253517,-0.037059212956851217
321,2024-06-03 00:00:00,3,-0.0007630780346897754,-0.0097948223793458827,-0.014740378116288744,0.014062674191606922,0.046240680572395443,-0.0048751413167237301,0.20353879449799989,-0.03606092437273567
322,2024-06-10 00:00:00,3,0.0040619464009461793,-0.0185429030408823,0.025924107297889666,0.0073017750198373825,0.045916674526451935,-0.0065152426982588718,0.45546239128821464,-0.029687498692226977
323,2024-06-17 00:00:00,3,0.0061204934634083875,-0.0021739514333412816,-0.044448841556082308,0.0095045179017146635,0.055199201902247079,-0.012240032606741003,0.26961951292345399,-0.050274692491148687
324,2024-06-24 00:00:00,3,-0.022327156555659731,-0.027676131985338179,-0.054143166433228494,0.011659355398156752,0.044543829578471188,-0.028675274048097776,0,-0.060267490721260031
325,2024-07-01 00:00:00,3,0.031147096252626696,0.021819959966175313,-0.0028633075926283893,0.020055638173363567,0.058025763230764547,0.025843994999516395,0.89295325301686101,-0.006776770820739797
326,2024-07-08 00:00:00,3,-0.050328626390053387,-0.040261123086419881,-0.13176278083135806,0.026968032813934249,0.081073143422613431,-0.068934192182320553,0.1205443559608893,-0.13411000218794722
327,2024-07-15 00:00:00,3,0.024392922753413319,0.068560556017760774,0.10584964042716703,0.028598377456481795,0.07613993673878619,0.056263781107719124,0.99068126229260212,-0.00096461433126837637
328,2024-07-22 00:00:00,3,0.016426951445705811,0.07006218772085801,0.10776440141047458,0.022356990167410756,0.061026926443455171,0.047510747286793276,1,0
329,2024-07-29 00:00:00,3,0.011236604323468416,0.034799321179060656,0.0075572643508387541,0.015673624137677797,0.062703299716572958,0.027272805580011994,0.90175425824781053,-0.0074067237794497309
330,2024-08-05 00:00:00,3,-0.078301662751866757,-0.14416581532140516,-0.2022291647326778,0.051507709653301682,0.089638706422281875,-0.12578255410899475,0,-0.19566636041065333
331,2024-08-12 00:00:00,3,-0.044308113784608714,-0.046344195664446315,0.040380562841228193,0.026364421804472855,0.13086553657191954,0.0080502799309956075,0.68942222647192397,-0.062509883140781208
332,2024-08-19 00:00:00,3,-0.02231178999114283,0.01534944888370768,-0.001635730434669485,0.025676484904596997,0.088987315509538784,-0.014888885931319318,0.35873239951881758,-0.0485798080544112
333,2024-08-26 00:00:00,3,-0.0013370308846562,0.05430396778255988,0.094261441105092325,0.0074274664561167544,0.062313368843987575,0.045051078384108489,0.94197000655383822,-0.0058337697305003156
334,2024-09-02 00:00:00,3,-0.024941935425063889,-0.029553516451285629,-0.10959366418980744,0.025734412878249392,0.070828062558569341,-0.044622985137266924,0.025342184515885855,-0.10398872635675582
335,2024-09-09 00:00:00,3,0.016741453135394137,-0.019886684104976817,-0.043036425450212981,0.019488952133260105,0.070513990653287478,-0.023169000563154185,0.33430438922373207,-0.073101597606326618
336,2024-09-16 00:00:00,3,-0.023339758359073266,0.010823751506971555,0.063508909222447965,0.013842734487180356,0.064338892997885477,0.010014161755666606,0.66799880992973293,-0.032751737211791365
337,2024-09-23 00:00:00,3,0.0051625581941277237,0.012716113813811391,0.080369485652678568,0.02158451630530563,0.061699102465763149,0.03492621558087472,0.95212298100093018,-0.0047127531474587814
338,2024-09-30 00:00:00,3,-0.0032502937903173532,0.0032221248232348837,0.029477842874714378,0.0078737425345718672,0.042220305254442717,0.013351295578320821,0.75087138528365915,-0.012866981336612571
339,2024-10-07 00:00:00,3,0.027941556440710977,0.051145386145190229,-0.027868482303449935,0.018234763501309197,0.06036415985364188,0.02486258196791491,0.66173263753120593,-0.027483738510576283
340,2024-10-14 00:00:00,3,-0.010723878443818901,0.038344328370532185,-0.018737178621239425,0.013991952641617837,0.053219699789296374,0.0049342194784633975,0.67432930036822647,-0.023224723395176228
341,2024-10-21 00:00:00,3,0.013380570741008986,0.028563727589819669,0.10105867681926262,0.0094107179096370782,0.068756961077702794,0.028333707754067738,1,0
342,2024-10-28 00:00:00,3,0.012461919417025274,-0.0026903675602712573,-0.020022605788566454,0.0099351033610045117,0.044001906664283622,0.0064708916084217361,0.60147304556516301,-0.020545011924909096
343,2024-11-04 00:00:00,3,-0.0066937117625599689,-0.019971036578695416,0.013345672365055449,0.021439394788722831,0.059336128778090379,-0.021896702221970044,0.18642146137908103,-0.061393644448623497
344,2024-11-11 00:00:00,3,0.047208038062771934,0.058217060682499752,0.16057296946705066,0.034436721421728919,0.077703733196890515,0.086968278040139069,0.99822306396748917,-0.00029939566705672327
345,2024-11-18 00:00:00,3,-0.0097737725595926899,0.023197387981771084,0.10945949198372185,0.018314399544975251,0.096097017368433846,0.014098799318210453,0.75689498620962214,-0.032227955140882614
346,2024-11-25 00:00:00,3,-0.002040031590823237,-0.0028852336868965883,0.083797567691898042,0.022452936653135965,0.069915997576429093,0.024216626492090665,0.83403831250144078,-0.016639133299526043
347,2024-12-02 00:00:00,3,0.011539205887069165,0.02082508356888799,-0.0033040314734171178,0.014837688685474927,0.064177373162810802,0.018357124056919361,0.85885062341595886,-0.010947835613781653
348,2024-12-09 00:00:00,3,-0.0035339040623687278,0.021192523655447486,0.022313452232857682,0.02288589088719729,0.08344642296294999,0.014375858390218488,0.60740879153556471,-0.037715443402321247
349,2024-12-16 00:00:00,3,0.038272373372404078,0.051342594621040447,0.05535769189196324,0.020246467407047861,0.072874581877944156,0.053957050599241274,1,0
350,2024-12-23 00:00:00,3,-0.030016902421866526,-0.029674804524809639,-0.11103194530662076,0.028886316401857765,0.086783652611921266,-0.064845790561923189,0.11030043082473233,-0.12900674689773206
351,2024-12-30 00:00:00,3,-0.016940299356147347,-0.024079608559070258,-0.0097638625485291994,0.01319256519599687,0.064538361439167122,-0.023979278256042402,0.11671087139687067,-0.059937523579141505
352,2025-01-06 00:00:00,3,-5.0915812547952591e-05,0.014908622608531076,0.050191615729353538,0.0089173694999336566,0.054692289017637695,0.02545256964643583,0.93441528141067198,-0.0046584974703628435
353,2025-01-13 00:00:00,3,0.0091278868006622865,0.026675202406868399,-0.030171755059385061,0.014206853229548733,0.066834236849965423,-0.0074820488006079877,0.32754279016366722,-0.068431857399255613
354,2025-01-20 00:00:00,3,-0.042869284727870854,-0.0047171561052333092,0.044852139546808049,0.041174236964352413,0.080499048103127913,-0.00024769904794708086,0.58038167850420608,-0.061358883694784039
355,2025-01-27 00:00:00,3,-0.028171926031489505,-0.017226631858171252,0.020134505007951119,0.02056709304701463,0.098236889668127381,-0.026167482978901035,0.23768427990256893,-0.060089300834845094
356,2025-02-03 00:00:00,3,-0.048240824809891225,-0.083814864421094273,-0.052491183199377719,0.034878801867441786,0.069612846999396294,-0.055352947772523087,0,-0.089239591181363709
357,2025-02-10 00:00:00,3,0.0012805392447953656,0.0021750650100967801,0.0026276033386290515,0.020079598992065417,0.082927288675241531,-0.0067201800993282879,0.42047830922045892,-0.052523134462562404
358,2025-02-17 00:00:00,3,-0.013131799139492532,-0.0045142725942415767,-0.0041723557106147415,0.011478536165010648,0.04847018534702946,-0.006956214912885561,0.37825852857123149,-0.022841398893033049
359,2025-02-24 00:00:00,3,-0.0043592847054676242,-0.02068728859538049,-0.00076953189363419675,0.0094636877463873132,0.043441769668822766,-0.0018904353975787158,0.43427321324093154,-0.031332785072491598
360,2025-03-03 00:00:00,3,0.081526923859977174,0.10277137636731312,-0.031379781091547244,0.064589342068323827,0.10688476484851005,0.066166778682693161,0.82871406953924132,-0.030892545508681701
361,2025-03-10 00:00:00,3,-0.061305645438603375,-0.051083646209280867,-0.13801252965556718,0.033061383874417948,0.12930542171525464,-0.071420146284599251,0.070614872457918199,-0.13152792610383812
362,2025-03-17 00:00:00,3,-0.014442491250319446,0.019340947295022972,0.021779989233364671,0.025621808493889644,0.086799616058035545,0.0061378572462575942,0.75810963136141629,-0.020501529063529977
363,2025-03-24 00:00:00,3,0.02392824126631355,0.018672994104415527,0.035460520611152666,0.011685372990493617,0.052497817073153485,0.023400702028703924,0.84923521048647532,-0.0096061187440406037
364,2025-03-31 00:00:00,3,-0.013897190472926329,-0.067705650527205924,-0.05273987752236213,0.016067695300108507,0.045852085234395976,-0.04790365989879819,0,-0.077567423646204059
365,2025-04-07 00:00:00,3,-0.064561085633764961,-0.058747219823108064,-0.041886997015894309,0.033352975721572774,0.074250978360860767,-0.059592083803743812,0.032010220714568889,-0.1009486157836158
366,2025-04-14 00:00:00,3,-0.013998694806950674,0.065153411732664188,0.074233903411362712,0.02321871788891575,0.10791202738548294,0.041564899452409376,0.88888940395079341,-0.014016264555443803
367,2025-04-21 00:00:00,3,0.017074408201941525,0.020883950961316768,0.027105712124823943,0.020425353496592295,0.050583139506097982,0.022847282492441501,1,0
368,2025-04-28 00:00:00,3,-0.015378426329104024,-0.0052254130060342772,0.075978605893404008,0.012111813224107114,0.051463675847858298,0.011606671417559111,0.76470509294931654,-0.022016451646995949
369,2025-05-05 00:00:00,3,-0.01213777382065442,-0.024482788685288123,0.013394461814309734,0.013736944396723218,0.043720789127423811,-0.0080895350536669408,0.36202639933721326,-0.031418185715068714
370,2025-05-12 00:00:00,3,0.001755660757195524,0.017363000000497314,0.099309454727734295,0.015462653936418122,0.049327932534384979,0.05083479073465047,0.98125185489527467,-0.002006846134832041
371,2025-05-19 00:00:00,3,0.017843442025487002,0.014196235162374263,0.0062813947071308426,0.026250044323623108,0.050971131420280334,0.01671616084551486,0.75147806801074535,-0.011302910603262162
372,2025-05-26 00:00:00,3,0.019384752821504172,-0.018479255976635932,0.040247489255821764,0.019563883577271374,0.06706283445966145,0.016658624074717077,0.76884375914086345,-0.019790710676592549
373,2025-06-02 00:00:00,3,0.0091934369209056739,0.0053433475734712323,-0.038295846929869641,0.011026424415638477,0.041493450936199508,-0.013853968286283713,0.31785235165258136,-0.043704281005142009
374,2025-06-09 00:00:00,3,0.0020800877432037451,0.036757083991972667,0.002731210882500567,0.0091162922373391377,0.043387674507663551,0.0077161205883515827,0.84884316777692792,-0.0087911997282904553
375,2025-06-16 00:00:00,3,-0.0023472145762284467,0.015182176780340352,-0.0029925375606340006,0.012779066376167107,0.042617053645752814,-0.014480110737609908,0.26393731790143504,-0.043998272003510364
376,2025-06-23 00:00:00,3,-0.019125910639577581,-0.036529344262085151,-0.04350251717965916,0.033268783437167847,0.053748975885762142,-0.033457354580063603,0.20587026922519089,-0.072453917692111514
377,2025-06-30 00:00:00,3,0.011497430206709911,0.018680420925610383,0.074395621308711218,0.0097611363926615475,0.042417228555567128,0.022498310572640401,1,0
378,2025-07-07 00:00:00,3,0.0054413414840991546,-0.0061030365616960534,0.00078860696857014864,0.0096408706909693245,0.034474212738433763,0.0068637087434675337,0.69803502802607675,-0.013481494023008689
379,2025-07-14 00:00:00,3,0.014953295450929582,0.029999845210714075,0.090239362175996249,0.0089815767338544857,0.04727358123926409,0.052208945074611712,0.9991433012275267,-8.2262514625730532e-05
380,2025-07-21 00:00:00,3,-0.0049203481572712071,-0.020558317297606387,-0.014367031590873916,0.0090134709518621507,0.04714192819039615,-0.010439941800933661,0.21329354097388054,-0.043421486754991134
381,2025-07-28 00:00:00,3,0.01062347104084616,0.013108443783061665,0.015525853088809161,0.0084706186373931548,0.044525644866552971,0.0099792345284492878,0.84884201982632401,-0.0063926758791938987
382,2025-08-04 00:00:00,3,0.017602605232564024,-0.0044509955533364705,-0.037117972993945036,0.0089377182367982137,0.040530521834083982,-0.012284735700868632,0.36866795190820273,-0.038813931581366035
383,2025-08-11 00:00:00,3,0.020177019740703142,0.015630701013651143,0.036235890571398421,0.015481253818019994,0.035552419407411752,0.028232915205375519,0.97572562252007378,-0.0013024123754906691
384,2025-08-18 00:00:00,3,0.00026883838250317088,-0.0077552324462479751,-0.015063712616525093,0.0094490825692198684,0.044391524629427311,-0.015578783444139765,0.054280284334258536,-0.052731463430952474
385,2025-08-25 00:00:00,3,-0.023706612159405248,0.0002711947744759931,-0.04126200827280415,0.020468003325282237,0.051800797736023758,-0.016425588611845621,0.089744524427118402,-0.04042232028226711
386,2025-09-01 00:00:00,3,-0.010831227254283206,-0.036216665056012912,-0.039938553906423507,0.0105447363373188,0.046668444223983287,-0.02008019978991038,0.12851814174296283,-0.045559257815462773
387,2025-09-08 00:00:00,3,0.0039570765400678354,0.00329117934807869,0.023785250952196992,0.0074820808369908563,0.051891517760011385,0.0016608752880795663,0.58740830559927115,-0.021187270379677159
388,2025-09-15 00:00:00,3,-0.0074601911712004251,-0.0066419051642251838,0.038062236631703633,0.0096649854537105596,0.03229660089579605,0.0096789337344311832,0.72013794789937791,-0.014306247432974262
389,2025-09-22 00:00:00,3,-0.010945964424606831,-0.026023478619212045,-0.0057721305339230996,0.0095980433715744662,0.027764437330302275,-0.013879324841451934,0,-0.028969244626151025
390,2025-09-29 00:00:00,3,0.023715034126439445,0.025044068937874225,-0.019094700267707647,0.012281342661219087,0.03995029978896323,0.0093797430928321823,0.58690524076712725,-0.021126914644618355
391,2025-10-06 00:00:00,3,0.009565196955730975,0.025857204338247813,0.094206060640241812,0.023560081659823113,0.044175586434911887,0.04147849490025779,0.86569428056998532,-0.014518737368864554
392,2025-10-13 00:00:00,3,0.04998004897513908,-0.054190243284660176,-0.067026120135833978,0.020725911381598409,0.064897358007529632,-0.033585239055853977,0.34437432316367289,-0.084931294578983185
393,2025-10-20 00:00:00,3,0.010764098447394536,-0.0066838182739253366,-0.065367588662227458,0.016722867801243262,0.057725232444955303,-0.018927561423813022,0.313563172330036,-0.067396117191926619
394,2025-11-03 00:00:00,3,-0.0016182736026157994,0.0040562636007452305,-0.04478800967854376,0.014293478687155796,0.057802839851480679,-0.015811113195371318,0.3399289467330438,-0.05441357386980783
395,2025-11-10 00:00:00,3,0.04338312366233469,0.046781260326318186,-0.032145261812684151,0.022181339597179495,0.067675402768514997,0.028482906681110531,0.65908367801463563,-0.031634094724780626
396,2025-11-17 00:00:00,3,-0.00062861189527152548,-0.037969604867279988,-0.10957094174428922,0.02301734866119132,0.06761187049138212,-0.050822953691339268,0.13715681959599918,-0.10665296992829942
397,2025-11-24 00:00:00,3,0.02082947950882609,-0.0054619432297247847,-0.093953275444448328,0.024134554979199772,0.091126023984419047,-0.024904414710410161,0.34130867203040038,-0.09285350630620981
398,2025-12-01 00:00:00,3,-0.043989702598482332,-0.047036489829677869,0.0034482719338826107,0.040438730402259357,0.067607276479130923,-0.02901671431822872,0.17102026943517418,-0.05809185771889247
399,2025-12-08 00:00:00,3,0.010547925447340293,-0.021428591365143912,0.037879203987351971,0.02948960384095381,0.066239460440337794,0.0027598440639959865,0.61817539664134047,-0.038203500307557148
400,2025-12-15 00:00:00,3,-0.021102442496377875,-0.034558021707663658,-0.021089273157100529,0.010360008043952148,0.059027961335486281,-0.027306008082743971,0.050307637226755603,-0.060820432613280739
401,2025-12-22 00:00:00,3,0.0027351139916111343,0.034880780866829698,0.0014104750650847742,0.015430135750887638,0.070400069759966419,0.012530754791617138,0.7662763242098144,-0.014142273735081035
402,2025-12-29 00:00:00,3,0.0050260955410844511,0.01311123294710741,-0.0042749258430822817,0.0061712083861067421,0.044439441437239303,0.004260881515285142,0.43356229378324496,-0.021646483465300403
