policy,comparator,scenario,period,matched_risk_setting,cagr_difference,sharpe_difference,drawdown_difference,volatility_difference
state_rule_vol20_band2,trend_vol20_band2,frictionless,full_forward,True,0.0058797574270903485,0.037336244313428718,-0.0031194396071020369,0.00027165816913474194
state_rule_vol20_band2,allocation_vol20_band2,frictionless,full_forward,True,0.048030788656885592,0.21879224670056169,0.1609246365999959,-0.063907012523442441
state_rule_vol20_band2,fixed_blend_vol20_band2,frictionless,full_forward,True,0.027096358914268537,0.15420112875994144,0.083501730244574524,-0.021757273785139725
state_rule_vol20_band2,btc_buy_hold,frictionless,full_forward,False,0.11570427387347015,0.19866508047646741,0.35860460001164274,-0.28435091951967223
state_rule_vol20_band2,eth_buy_hold,frictionless,full_forward,False,0.18762064439672221,0.091226918383570429,0.50387407719721533,-0.55728748919729498
state_rule_vol20_band2,mix_buy_hold,frictionless,full_forward,False,0.15117776042411468,0.18002670661155321,0.42824956346723808,-0.38372768988713968
state_rule_vol20_band2,usd_cash,frictionless,full_forward,False,0.016121301221774909,,-0.172153195304247,0.15520876737658573
state_rule_vol20_band2,trend_vol20_band2,frictionless,2025,True,0.0099356128297420909,0.050235659773819552,-0.0031916951810051497,0.00036315704399825233
state_rule_vol20_band2,allocation_vol20_band2,frictionless,2025,True,0.04580146328466761,0.22515265328888184,0.032096905154042732,-0.017278095666066418
state_rule_vol20_band2,fixed_blend_vol20_band2,frictionless,2025,True,0.029236922211202998,0.14794868809168324,0.011479505477337892,-0.0076015999874920748
state_rule_vol20_band2,btc_buy_hold,frictionless,2025,False,0.10305376537572697,0.2466898786146775,0.16802976449299678,-0.22941581210305764
state_rule_vol20_band2,eth_buy_hold,frictionless,2025,False,0.14973004653878741,0.084388220508969519,0.44798623352852984,-0.56128558758087421
state_rule_vol20_band2,mix_buy_hold,frictionless,2025,False,0.12639292601358987,0.19949472000639118,0.27567640131616078,-0.34905718049638712
state_rule_vol20_band2,usd_cash,frictionless,2025,False,0.040180230715274989,,-0.15297778128410799,0.19003324327305024
state_rule_vol20_band2,trend_vol20_band2,frictionless,2026,True,5.5511151231257827e-16,-1.6653345369377348e-15,5.5511151231257827e-16,1.9428902930940239e-16
state_rule_vol20_band2,allocation_vol20_band2,frictionless,2026,True,0.051380197961394813,-0.031281553155787317,0.18758872843942753,-0.16090558828427559
state_rule_vol20_band2,fixed_blend_vol20_band2,frictionless,2026,True,0.024076764058175715,0.024849528370253948,0.086416442538272298,-0.06421422191688958
state_rule_vol20_band2,btc_buy_hold,frictionless,2026,False,0.13387316120314163,-0.10563656097881712,0.32521307955525425,-0.39401855674361319
state_rule_vol20_band2,eth_buy_hold,frictionless,2026,False,0.23926150204429031,-0.086783299768961458,0.4622819764992262,-0.57431795852101475
state_rule_vol20_band2,mix_buy_hold,frictionless,2026,False,0.18584041743770763,-0.068736731661506401,0.39207217960728113,-0.46419744368635019
state_rule_vol20_band2,usd_cash,frictionless,2026,False,-0.019684645539725709,,-0.071168402358648075,0.075609010640660917
state_rule_vol40_band2,trend_vol40_band2,frictionless,full_forward,True,0.066351837907601907,0.25622916648263599,0.0028189478687338232,0.011907878193161747
state_rule_vol40_band2,allocation_vol40_band2,frictionless,full_forward,True,0.16380503882655983,0.37460187605813211,0.29511017334080258,-0.16903798134286735
state_rule_vol40_band2,fixed_blend_vol40_band2,frictionless,full_forward,True,0.10306429051531429,0.32378599198981306,0.16010665319485895,-0.056993740019124772
state_rule_vol40_band2,btc_buy_hold,frictionless,full_forward,False,0.14642733384019291,0.32314022336177189,0.25959517427019962,-0.17504252884458676
state_rule_vol40_band2,eth_buy_hold,frictionless,full_forward,False,0.21834370436344497,0.21570206126887492,0.40486465145577222,-0.44797909852220952
state_rule_vol40_band2,mix_buy_hold,frictionless,full_forward,False,0.18190082039083744,0.30450184949685771,0.32924013772579497,-0.27441929921205421
state_rule_vol40_band2,usd_cash,frictionless,full_forward,False,0.046844361188497663,,-0.27116262104569011,0.2645171580516712
state_rule_vol40_band2,trend_vol40_band2,frictionless,2025,True,0.11121114197529369,0.33531724634273469,0.0028785695812177936,0.015604617891915029
state_rule_vol40_band2,allocation_vol40_band2,frictionless,2025,True,0.13499995506642937,0.3233650088663873,0.091436928827108188,-0.084944043105578682
state_rule_vol40_band2,fixed_blend_vol40_band2,frictionless,2025,True,0.11684907588784654,0.31960433964104729,0.025219637604896983,-0.027419272843431985
state_rule_vol40_band2,btc_buy_hold,frictionless,2025,False,0.1464129723803701,0.3514720688446476,0.065260084811859853,-0.085974426261299752
state_rule_vol40_band2,eth_buy_hold,frictionless,2025,False,0.19308925354343054,0.18917041073893962,0.34521655384739292,-0.41784420173911635
state_rule_vol40_band2,mix_buy_hold,frictionless,2025,False,0.169752133018233,0.30427691023636128,0.17290672163502385,-0.20561579465462926
state_rule_vol40_band2,usd_cash,frictionless,2025,False,0.083539437719918119,,-0.25574746096524492,0.33347462911480813
state_rule_vol40_band2,trend_vol40_band2,frictionless,2026,True,-6.6613381477509392e-16,-2.0698720515355262e-14,-3.3306690738754696e-16,-4.163336342344337e-16
state_rule_vol40_band2,allocation_vol40_band2,frictionless,2026,True,0.20235951221350224,0.24230582604834133,0.38534378612623932,-0.37358166480254479
state_rule_vol40_band2,fixed_blend_vol40_band2,frictionless,2026,True,0.083659046796459968,0.21157865352368943,0.19773878061553629,-0.16696469292503674
state_rule_vol40_band2,btc_buy_hold,frictionless,2026,False,0.1466406247378722,0.076448832430712058,0.32520976789109413,-0.38656449339304427
state_rule_vol40_band2,eth_buy_hold,frictionless,2026,False,0.25202896557902088,0.095302093640567714,0.46227866483506608,-0.56686389517044589
state_rule_vol40_band2,mix_buy_hold,frictionless,2026,False,0.1986078809724382,0.11334866174802277,0.39206886794312101,-0.45674338033578132
state_rule_vol40_band2,usd_cash,frictionless,2026,False,-0.0069171820049951371,,-0.071171714022808197,0.083063073991229822
state_rule_vol20_band2,trend_vol20_band2,base,full_forward,True,0.0084300886009842646,0.054831789145413992,-0.0026171143464079893,0.00026084167876899711
state_rule_vol20_band2,allocation_vol20_band2,base,full_forward,True,0.037273307515129472,0.13749067049198549,0.15203421554766205,-0.063917384416915218
state_rule_vol20_band2,fixed_blend_vol20_band2,base,full_forward,True,0.021633884246837765,0.11098138754285514,0.077329655825793431,-0.021803835504609903
state_rule_vol20_band2,btc_buy_hold,base,full_forward,False,0.10058717120980487,0.089524776911311721,0.34597449323554985,-0.28440935288675551
state_rule_vol20_band2,eth_buy_hold,base,full_forward,False,0.17224221502958936,-0.021105198923647636,0.49124397042112256,-0.55737093872968801
state_rule_vol20_band2,mix_buy_hold,base,full_forward,False,0.13593175568664617,0.069347740822090359,0.41561945669114442,-0.3837998240360021
state_rule_vol20_band2,usd_cash,base,full_forward,False,-0.0022676992280408204,,-0.1847833020803441,0.15511632573980191
state_rule_vol20_band2,trend_vol20_band2,base,2025,True,0.014272394468962668,0.073686284125616924,-0.0027095879536143119,0.00034615942547358558
state_rule_vol20_band2,allocation_vol20_band2,base,2025,True,0.036283777568103082,0.17531895367388575,0.030252856342722789,-0.017239338225293804
state_rule_vol20_band2,fixed_blend_vol20_band2,base,2025,True,0.025914522385767969,0.13030193573049065,0.012416843108574382,-0.0075587255795834252
state_rule_vol20_band2,btc_buy_hold,base,2025,False,0.0898892352218853,0.17271433893795379,0.16502926278758012,-0.22933190374826048
state_rule_vol20_band2,eth_buy_hold,base,2025,False,0.13642542766167653,0.0072132015513874104,0.44498573182311596,-0.56125088190469052
state_rule_vol20_band2,mix_buy_hold,base,2025,False,0.11315834843663575,0.12390771949994646,0.27267589961074512,-0.34900108577915456
state_rule_vol20_band2,usd_cash,base,2025,False,0.024203118950411717,,-0.1559782829895271,0.19004826420593504
state_rule_vol20_band2,trend_vol20_band2,base,2026,True,1.5543122344752192e-15,2.4646951146678475e-14,2.2204460492503131e-16,2.9143354396410359e-16
state_rule_vol20_band2,allocation_vol20_band2,base,2026,True,0.038787575104804461,-0.29051147204532013,0.18509696684933574,-0.16129688245922108
state_rule_vol20_band2,fixed_blend_vol20_band2,base,2026,True,0.015515874067911994,-0.17672801652748593,0.086012062472904827,-0.064680122890430777
state_rule_vol20_band2,btc_buy_hold,base,2026,False,0.11586171991454874,-0.39784967371993207,0.32013121702112224,-0.39458583549578563
state_rule_vol20_band2,eth_buy_hold,base,2026,False,0.2207632021233461,-0.38171255219615785,0.45720011396509608,-0.57488092083906328
state_rule_vol20_band2,mix_buy_hold,base,2026,False,0.16758890493160039,-0.36222317860893577,0.38699031707315013,-0.46476234427720287
state_rule_vol20_band2,usd_cash,base,2026,False,-0.041606364618878677,,-0.076250264892783193,0.075054927007809927
state_rule_vol40_band2,trend_vol40_band2,base,full_forward,True,0.066551498954693922,0.2681471322327984,0.0029269932857826086,0.011859302969510988
state_rule_vol40_band2,allocation_vol40_band2,base,full_forward,True,0.15074375376361793,0.31447959293511918,0.28517818301944509,-0.16908812519252353
state_rule_vol40_band2,fixed_blend_vol40_band2,base,full_forward,True,0.09560151017933527,0.29078144821075114,0.15348441733088614,-0.057053922747271224
state_rule_vol40_band2,btc_buy_hold,base,full_forward,False,0.12434001289908314,0.23893037561502664,0.24552829210392091,-0.17516643474252674
state_rule_vol40_band2,eth_buy_hold,base,full_forward,False,0.19599505671886763,0.1283003997800673,0.39079776928949361,-0.44812802058545925
state_rule_vol40_band2,mix_buy_hold,base,full_forward,False,0.15968459737592444,0.21875333952580528,0.31517325555951547,-0.27455690589177334
state_rule_vol40_band2,usd_cash,base,full_forward,False,0.02148514246123745,,-0.28522950321197305,0.2643592438840307
state_rule_vol40_band2,trend_vol40_band2,base,2025,True,0.11155621947036942,0.34859137205449692,0.0030273673471145068,0.015532976060397219
state_rule_vol40_band2,allocation_vol40_band2,base,2025,True,0.12216962401456111,0.28433241019976291,0.088418561115015004,-0.084866191143203484
state_rule_vol40_band2,fixed_blend_vol40_band2,base,2025,True,0.10959777732647791,0.30108401649617622,0.023713438195640757,-0.027442462040220994
state_rule_vol40_band2,btc_buy_hold,base,2025,False,0.1237107790548887,0.287470448034716,0.060289345010065332,-0.085965720803494572
state_rule_vol40_band2,eth_buy_hold,base,2025,False,0.17024697149467993,0.12196931064814961,0.34024581404560117,-0.41788469895992458
state_rule_vol40_band2,mix_buy_hold,base,2025,False,0.14697989226963915,0.23866382859670865,0.16793598183323033,-0.20563490283438862
state_rule_vol40_band2,usd_cash,base,2025,False,0.058024662783415115,,-0.26071820076704189,0.33341444715070095
state_rule_vol40_band2,trend_vol40_band2,base,2026,True,-3.4416913763379853e-15,-2.5313084961453569e-14,-1.1102230246251565e-16,-1.1102230246251565e-16
state_rule_vol40_band2,allocation_vol40_band2,base,2026,True,0.18890202837025238,-0.03758351791287623,0.38301432180914541,-0.37443138595069164
state_rule_vol40_band2,fixed_blend_vol40_band2,base,2026,True,0.075884999366526262,-0.023500923755260084,0.19801131518230375,-0.16764347245258726
state_rule_vol40_band2,btc_buy_hold,base,2026,False,0.12536246570357967,-0.22630417064885305,0.3200441665971675,-0.38749392155403639
state_rule_vol40_band2,eth_buy_hold,base,2026,False,0.23026394791237703,-0.21016704912507886,0.45711306354114134,-0.56778900689731404
state_rule_vol40_band2,mix_buy_hold,base,2026,False,0.17708965072063132,-0.19067767553785675,0.38690326664919539,-0.45767043033545363
state_rule_vol40_band2,usd_cash,base,2026,False,-0.032105618829847749,,-0.07633731531673793,0.082146840949559138
state_rule_vol20_band2,trend_vol20_band2,cost_stress,full_forward,True,0.012067795814427851,0.080996901466664009,-0.0018919496895253296,0.00023648841644519081
state_rule_vol20_band2,allocation_vol20_band2,cost_stress,full_forward,True,0.021647284392724675,0.015536129247256711,0.13901712050014026,-0.063822615412833128
state_rule_vol20_band2,fixed_blend_vol20_band2,cost_stress,full_forward,True,0.013746811383543944,0.046112589463238859,0.068324908565670417,-0.021788162069148409
state_rule_vol20_band2,btc_buy_hold,cost_stress,full_forward,False,0.078513318346340011,-0.0742511307486593,0.32738958828167997,-0.28441528309161224
state_rule_vol20_band2,eth_buy_hold,cost_stress,full_forward,False,0.14977814131302702,-0.18964579875238613,0.472659065467254,-0.55739616025171967
state_rule_vol20_band2,mix_buy_hold,cost_stress,full_forward,False,0.11366542238954314,-0.096725951992610748,0.39703455173727586,-0.38381748662897913
state_rule_vol20_band2,usd_cash,cost_stress,full_forward,False,-0.02922724776832919,,-0.20336820703421365,0.15510632776854322
state_rule_vol20_band2,trend_vol20_band2,cost_stress,2025,True,0.020489745790700398,0.1087774239965017,-0.0019938553316485308,0.00030944106388616777
state_rule_vol20_band2,allocation_vol20_band2,cost_stress,2025,True,0.022384166100824943,0.1006116088059371,0.027502490334177621,-0.017131112988355679
state_rule_vol20_band2,fixed_blend_vol20_band2,cost_stress,2025,True,0.021092320278164323,0.10388801161950591,0.01380870089984565,-0.0074588361609132514
state_rule_vol20_band2,btc_buy_hold,cost_stress,2025,False,0.070569654105840485,0.061737505699157667,0.16054813005341173,-0.22918453540944164
state_rule_vol20_band2,eth_buy_hold,cost_stress,2025,False,0.1168972804020687,-0.10852849887518566,0.44050459908894912,-0.56115874095278806
state_rule_vol20_band2,mix_buy_hold,cost_stress,2025,False,0.093734479690840811,0.010530449984199372,0.26819476687657884,-0.34888603527190543
state_rule_vol20_band2,usd_cash,cost_stress,2025,False,0.00069612512627204026,,-0.16045941572369493,0.19013346226934005
state_rule_vol20_band2,trend_vol20_band2,cost_stress,2026,True,2.2204460492503131e-16,1.4432899320127035e-14,6.6613381477509392e-16,-1.1102230246251565e-16
state_rule_vol20_band2,allocation_vol20_band2,cost_stress,2026,True,0.020645714450495678,-0.68158761717874161,0.17865551324142792,-0.161484150978709
state_rule_vol20_band2,fixed_blend_vol20_band2,cost_stress,2026,True,0.0032442215057638668,-0.48153199236404154,0.082669817928183731,-0.06503318863516025
state_rule_vol20_band2,btc_buy_hold,cost_stress,2026,False,0.089753243676668815,-0.83847644009311784,0.30982380535810139,-0.39506620183520103
state_rule_vol20_band2,eth_buy_hold,cost_stress,2026,False,0.19392592348363735,-0.82640557935467851,0.44689270230207456,-0.57533953005450367
state_rule_vol20_band2,mix_buy_hold,cost_stress,2026,False,0.14112105439426637,-0.80475846956410202,0.3766829054101285,-0.46523198193104887
state_rule_vol20_band2,usd_cash,cost_stress,2026,False,-0.073568326152498087,,-0.086557676555805707,0.074649452451604897
state_rule_vol40_band2,trend_vol40_band2,cost_stress,full_forward,True,0.066747669712454605,0.2857992100783518,0.0030774111578021346,0.011777220573600422
state_rule_vol40_band2,allocation_vol40_band2,cost_stress,full_forward,True,0.13197149725394075,0.22414980975179205,0.27070664516011145,-0.16907000653730347
state_rule_vol40_band2,fixed_blend_vol40_band2,cost_stress,full_forward,True,0.084914749220814101,0.2411290088065062,0.143872532751673,-0.057071792634377227
state_rule_vol40_band2,btc_buy_hold,cost_stress,full_forward,False,0.092329078071311299,0.11244288225518875,0.22492923465195613,-0.17527319058249113
state_rule_vol40_band2,eth_buy_hold,cost_stress,full_forward,False,0.16359390103799831,-0.0029517857485380494,0.37019871183753017,-0.44825406774259852
state_rule_vol40_band2,mix_buy_hold,cost_stress,full_forward,False,0.12748118211451442,0.089968061011237319,0.29457419810755203,-0.27467539411985803
state_rule_vol40_band2,usd_cash,cost_stress,full_forward,False,-0.015411488043357902,,-0.30582856066393749,0.26424842027766432
state_rule_vol40_band2,trend_vol40_band2,cost_stress,2025,True,0.11190078880784093,0.368308061423608,0.0032445895941393132,0.01541755555324309
state_rule_vol40_band2,allocation_vol40_band2,cost_stress,2025,True,0.10370900931040294,0.22572708891463858,0.083935344318882055,-0.084697803966767404
state_rule_vol40_band2,fixed_blend_vol40_band2,cost_stress,2025,True,0.099187028464892912,0.27322851627516176,0.021486002351322697,-0.027438792586181149
state_rule_vol40_band2,btc_buy_hold,cost_stress,2025,False,0.090740168789795961,0.19135640170126872,0.052889414375692834,-0.08591788305946052
state_rule_vol40_band2,eth_buy_hold,cost_stress,2025,False,0.13706779508602418,0.021090397126925398,0.33284588341123023,-0.41789208860280691
state_rule_vol40_band2,mix_buy_hold,cost_stress,2025,False,0.11390499437479629,0.14014934598631043,0.16053605119885994,-0.20561938292192428
state_rule_vol40_band2,usd_cash,cost_stress,2025,False,0.020866639810227516,,-0.26811813140141383,0.33340011461932118
state_rule_vol40_band2,trend_vol40_band2,cost_stress,2026,True,-1.2212453270876722e-15,-1.8540724511240114e-14,-3.3306690738754696e-16,-1.6653345369377348e-16
state_rule_vol40_band2,allocation_vol40_band2,cost_stress,2026,True,0.16959264316224953,-0.46454473809843028,0.37661839572760381,-0.37520479111771854
state_rule_vol40_band2,fixed_blend_vol40_band2,cost_stress,2026,True,0.06479581211660379,-0.38318547562173966,0.19546856559124381,-0.16820781351010677
state_rule_vol40_band2,btc_buy_hold,cost_stress,2026,False,0.094625295406941756,-0.68754324332749839,0.30942387777862945,-0.38839738031331705
state_rule_vol40_band2,eth_buy_hold,cost_stress,2026,False,0.19879797521391029,-0.67547238258905906,0.44649277472260263,-0.5686707085326197
state_rule_vol40_band2,mix_buy_hold,cost_stress,2026,False,0.14599310612453931,-0.65382527279848257,0.37628297783065656,-0.45856316040916489
state_rule_vol40_band2,usd_cash,cost_stress,2026,False,-0.068696274422225145,,-0.086957604135277644,0.081318273973488925
state_rule_vol20_band2,trend_vol20_band2,delay_one_day,full_forward,True,0.0048782921145842373,0.037813668358105457,-0.0014104885166204006,0.0022812912347359715
state_rule_vol20_band2,allocation_vol20_band2,delay_one_day,full_forward,True,-0.0037510697164622187,-0.11954361752396213,0.13521330454002967,-0.065667796623452707
state_rule_vol20_band2,fixed_blend_vol20_band2,delay_one_day,full_forward,True,0.0011587331213770424,-0.031107405350030842,0.065304200890530351,-0.020780668053719087
state_rule_vol20_band2,btc_buy_hold,delay_one_day,full_forward,False,0.073160513994564358,-0.11435330530855198,0.33214527648216374,-0.28436692917984674
state_rule_vol20_band2,eth_buy_hold,delay_one_day,full_forward,False,0.14223779267149839,-0.23448147148857673,0.47741475366773733,-0.55740200938824036
state_rule_vol20_band2,mix_buy_hold,delay_one_day,full_forward,False,0.10724787292605098,-0.13987823598546772,0.40194182515177279,-0.38407903791798187
state_rule_vol20_band2,usd_cash,delay_one_day,full_forward,False,-0.035682067845169363,,-0.19861251883373021,0.15500654037360367
state_rule_vol20_band2,trend_vol20_band2,delay_one_day,2025,True,0.0083718304845508129,0.045833714757316138,-0.0014878916045232282,0.0030551149838281
state_rule_vol20_band2,allocation_vol20_band2,delay_one_day,2025,True,0.015461528464091767,0.067261676265091552,0.028287548203936863,-0.01670053487170603
state_rule_vol20_band2,fixed_blend_vol20_band2,delay_one_day,2025,True,0.015072288035767212,0.074742026006598961,0.0084874319394542264,-0.0051218167579143992
state_rule_vol20_band2,btc_buy_hold,delay_one_day,2025,False,0.078274998045585464,0.086417812138022909,0.16637260273900378,-0.227920856952324
state_rule_vol20_band2,eth_buy_hold,delay_one_day,2025,False,0.12057754958125144,-0.096475624581688554,0.44632907177454084,-0.55998058266448458
state_rule_vol20_band2,mix_buy_hold,delay_one_day,2025,False,0.099427121775875316,0.027575388947235116,0.27438431045681488,-0.34801175653310773
state_rule_vol20_band2,usd_cash,delay_one_day,2025,False,0.0022983766961284235,,-0.15463494303810299,0.19119760313522943
state_rule_vol20_band2,trend_vol20_band2,delay_one_day,2026,True,0,-2.0872192862952943e-14,8.8817841970012523e-16,-3.3306690738754696e-16
state_rule_vol20_band2,allocation_vol20_band2,delay_one_day,2026,True,-0.031178736316338496,-1.1927540582903093,0.15943157288120291,-0.16965600501095252
state_rule_vol20_band2,fixed_blend_vol20_band2,delay_one_day,2026,True,-0.01855699513051734,-0.85971722297722764,0.071889223504262412,-0.069145627736106302
state_rule_vol20_band2,btc_buy_hold,delay_one_day,2026,False,0.066097487549081291,-1.2039095630273777,0.29735395286935418,-0.39990293797816767
state_rule_vol20_band2,eth_buy_hold,delay_one_day,2026,False,0.17099896975787643,-1.1877724415036059,0.43442284981332735,-0.58019802332144499
state_rule_vol20_band2,mix_buy_hold,delay_one_day,2026,False,0.11793521065011092,-1.1682665786394235,0.36435611245988131,-0.470267401842624
state_rule_vol20_band2,usd_cash,delay_one_day,2026,False,-0.091370596984348462,,-0.099027529044552143,0.069737824525427816
state_rule_vol40_band2,trend_vol40_band2,delay_one_day,full_forward,True,0.041940824321454406,0.19823767332826614,0.0067924966949233223,0.015182816772136787
state_rule_vol40_band2,allocation_vol40_band2,delay_one_day,full_forward,True,0.080366749431117213,0.044336645343913746,0.27332774068787724,-0.16885317475022582
state_rule_vol40_band2,fixed_blend_vol40_band2,delay_one_day,full_forward,True,0.04950184091867782,0.10677887705215747,0.14688519511834908,-0.054454358371543832
state_rule_vol40_band2,btc_buy_hold,delay_one_day,full_forward,False,0.058903512021428184,-0.015955003089435607,0.23184618172862692,-0.17256904303973769
state_rule_vol40_band2,eth_buy_hold,delay_one_day,full_forward,False,0.12798079069836221,-0.13608316926946037,0.37711565891420051,-0.44560412324813126
state_rule_vol40_band2,mix_buy_hold,delay_one_day,full_forward,False,0.092990870952914806,-0.041479933766351368,0.30164273039823597,-0.27228115177787282
state_rule_vol40_band2,usd_cash,delay_one_day,full_forward,False,-0.049939069818305537,,-0.29891161358726703,0.26680442651371272
state_rule_vol40_band2,trend_vol40_band2,delay_one_day,2025,True,0.070540143910440056,0.24747730071235918,0.0071872755167955438,0.019809961258319908
state_rule_vol40_band2,allocation_vol40_band2,delay_one_day,2025,True,0.051973887610312075,0.078027865864774781,0.085718264104363451,-0.081343766096709624
state_rule_vol40_band2,fixed_blend_vol40_band2,delay_one_day,2025,True,0.054962541354573013,0.14440365863293919,0.027903298427918388,-0.022959594491878121
state_rule_vol40_band2,btc_buy_hold,delay_one_day,2025,False,0.056373883347019982,0.089716630442524134,0.06284307711272763,-0.081063361912409204
state_rule_vol40_band2,eth_buy_hold,delay_one_day,2025,False,0.098676434882685959,-0.09317680627718733,0.34279954614826469,-0.41312308762456984
state_rule_vol40_band2,mix_buy_hold,delay_one_day,2025,False,0.077526007077309833,0.030874207251736341,0.17085478483053873,-0.20115426149319293
state_rule_vol40_band2,usd_cash,delay_one_day,2025,False,-0.019602738002437059,,-0.25816446866437914,0.33805509817514423
state_rule_vol40_band2,trend_vol40_band2,delay_one_day,2026,True,-1.7763568394002505e-15,-3.1308289294429414e-14,-2.2204460492503131e-16,-1.6653345369377348e-16
state_rule_vol40_band2,allocation_vol40_band2,delay_one_day,2026,True,0.11890761371018388,-1.0402441592183482,0.3573304927675609,-0.38778468406307565
state_rule_vol40_band2,fixed_blend_vol40_band2,delay_one_day,2026,True,0.041822872790372667,-0.86745917492561486,0.18186775957823798,-0.17637234553774664
state_rule_vol40_band2,btc_buy_hold,delay_one_day,2026,False,0.062558689889577801,-1.2028934082469254,0.29459254998158513,-0.39708440041394288
state_rule_vol40_band2,eth_buy_hold,delay_one_day,2026,False,0.16746017209837294,-1.1867562867231536,0.4316614469255583,-0.5773794857572202
state_rule_vol40_band2,mix_buy_hold,delay_one_day,2026,False,0.11439641299060743,-1.1672504238589712,0.36159470957211226,-0.46744886427839927
state_rule_vol40_band2,usd_cash,delay_one_day,2026,False,-0.094909394643851952,,-0.10178893193232119,0.072556362089652576
