policy,control,scenario,period,cagr_difference,sharpe_difference,drawdown_difference,volatility_difference
ridge_vol20_exact,trend_vol20_exact,frictionless,full,0.00048999388598458538,0.0011558342767494789,4.8849813083506888e-15,0.00011394136893982942
ridge_vol20_exact,allocation_vol20_exact,frictionless,full,0.0053176781871602241,0.13442632139519106,0.12295142981098062,-0.021208052305339092
ridge_vol20_exact,fixed_blend_vol20_exact,frictionless,full,0.001807056304448551,0.047016462188804509,0.057108049295344188,-0.0068564777246540309
ridge_vol20_exact,state_rule_vol20_exact,frictionless,full,-0.0049429376725034224,-0.013337560326344144,0.00059515902545914656,-0.000876581267747506
ridge_vol20_exact,constant_vol20_exact,frictionless,full,0.00048999388598458538,0.0011558342767494789,4.8849813083506888e-15,0.00011394136893982942
ridge_vol20_exact,trend_vol20_exact,frictionless,2020_2021,-0.0040856275320992896,-0.012230458050794368,0,9.3612778245766304e-05
ridge_vol20_exact,allocation_vol20_exact,frictionless,2020_2021,-0.020132914686262104,-0.037028173727559732,0.0067343852107675239,-0.0023159873974419876
ridge_vol20_exact,fixed_blend_vol20_exact,frictionless,2020_2021,-0.012163525763016825,-0.026590509531518425,0.0033702052686858108,-0.00090608250559190417
ridge_vol20_exact,state_rule_vol20_exact,frictionless,2020_2021,-0.0028778884174074371,-0.0021123231343627147,0.0067343852107673019,-0.00074844329622125727
ridge_vol20_exact,constant_vol20_exact,frictionless,2020_2021,-0.0040856275320992896,-0.012230458050794368,0,9.3612778245766304e-05
ridge_vol20_exact,trend_vol20_exact,frictionless,2022_2024,0.0027404378955828701,0.012378086342256789,0.00057359339633022977,0.00014159425798915271
ridge_vol20_exact,allocation_vol20_exact,frictionless,2022_2024,0.017646563624710287,0.18644136339682915,0.12224281190393949,-0.035697060304951567
ridge_vol20_exact,fixed_blend_vol20_exact,frictionless,2022_2024,0.0086375754764402846,0.082046071008120891,0.050983789529033818,-0.011704023852531636
ridge_vol20_exact,state_rule_vol20_exact,frictionless,2022_2024,-0.0058951544513214937,-0.023593799844720653,0.00092642731479286589,-0.0010000808767797187
ridge_vol20_exact,constant_vol20_exact,frictionless,2022_2024,0.0027404378955828701,0.012378086342256789,0.00057359339633022977,0.00014159425798915271
boosted_vol20_exact,trend_vol20_exact,frictionless,full,-0.018864204597476952,-0.11526064123945523,-0.092658200132454516,0.0078313990984723303
boosted_vol20_exact,allocation_vol20_exact,frictionless,full,-0.014036520296301314,0.018009845878986352,0.030293229678521216,-0.013490594575806591
boosted_vol20_exact,fixed_blend_vol20_exact,frictionless,full,-0.017547142179012987,-0.069400013327400201,-0.035550150837115213,0.00086098000487846993
boosted_vol20_exact,state_rule_vol20_exact,frictionless,full,-0.02429713615596496,-0.12975403584254885,-0.092063041107000254,0.0068408764617849949
boosted_vol20_exact,constant_vol20_exact,frictionless,full,-0.018864204597476952,-0.11526064123945523,-0.092658200132454516,0.0078313990984723303
boosted_vol20_exact,trend_vol20_exact,frictionless,2020_2021,0.0086473824277399913,0.023959430822284133,0,2.3819533524205294e-05
boosted_vol20_exact,allocation_vol20_exact,frictionless,2020_2021,-0.0073999047264228235,-0.00083828485448123047,0.0067343852107675239,-0.0023857806421635486
boosted_vol20_exact,fixed_blend_vol20_exact,frictionless,2020_2021,0.00056948419682245621,0.009599379341560077,0.0033702052686858108,-0.00097587575031346518
boosted_vol20_exact,state_rule_vol20_exact,frictionless,2020_2021,0.0098551215424318439,0.034077565738715787,0.0067343852107673019,-0.00081823654094281828
boosted_vol20_exact,constant_vol20_exact,frictionless,2020_2021,0.0086473824277399913,0.023959430822284133,0,2.3819533524205294e-05
boosted_vol20_exact,trend_vol20_exact,frictionless,2022_2024,-0.03186716451074556,-0.1928497388161815,-0.089333592177574084,0.01409992284171846
boosted_vol20_exact,allocation_vol20_exact,frictionless,2022_2024,-0.016961038781618143,-0.018786461761609141,0.032335626330035172,-0.02173873172122226
boosted_vol20_exact,fixed_blend_vol20_exact,frictionless,2022_2024,-0.025970026929888146,-0.1231817541503174,-0.038923396044870495,0.0022543047311976705
boosted_vol20_exact,state_rule_vol20_exact,frictionless,2022_2024,-0.040502756857649924,-0.22882162500315895,-0.088980758259111448,0.012958247706949588
boosted_vol20_exact,constant_vol20_exact,frictionless,2022_2024,-0.03186716451074556,-0.1928497388161815,-0.089333592177574084,0.01409992284171846
ridge_vol20_band2,trend_vol20_band2,frictionless,full,-0.00043812823248945421,-0.0011024271870170299,-2.2204460492503131e-16,-9.3957338263339629e-05
ridge_vol20_band2,allocation_vol20_band2,frictionless,full,0.0067451992954914441,0.13651151919542603,0.11974250026456279,-0.020290798232384777
ridge_vol20_band2,fixed_blend_vol20_band2,frictionless,full,0.00068133556690352926,0.044460121780022011,0.055583394998779956,-0.0070382064447210013
ridge_vol20_band2,state_rule_vol20_band2,frictionless,full,-0.0053185072736692263,-0.015683900745657953,0.00098724868946709066,-0.00076976584929849823
ridge_vol20_band2,constant_vol20_band2,frictionless,full,-0.00043812823248945421,-0.0011024271870170299,-2.2204460492503131e-16,-9.3957338263339629e-05
ridge_vol20_band2,trend_vol20_band2,frictionless,2020_2021,-0.0066723099910759309,-0.016360450691823125,0,-0.00032956281718662939
ridge_vol20_band2,allocation_vol20_band2,frictionless,2020_2021,-0.017299554927138194,-0.032923905096768458,0.0067607568687232389,-0.001968996155149616
ridge_vol20_band2,fixed_blend_vol20_band2,frictionless,2020_2021,-0.01556068367473995,-0.033691431057130572,0.0033589881262958698,-0.001283601326944328
ridge_vol20_band2,state_rule_vol20_band2,frictionless,2020_2021,-0.0073321633754319659,-0.014332172788174447,0.0067607568687232389,-0.00081419885445399576
ridge_vol20_band2,constant_vol20_band2,frictionless,2020_2021,-0.0066723099910759309,-0.016360450691823125,0,-0.00032956281718662939
ridge_vol20_band2,trend_vol20_band2,frictionless,2022_2024,0.00265715639840991,0.012245056770006202,0.00044579652628007338,0.00011192482699429185
ridge_vol20_band2,allocation_vol20_band2,frictionless,2022_2024,0.018434282716164763,0.18757333547191002,0.12647751545014774,-0.034266116089387122
ridge_vol20_band2,fixed_blend_vol20_band2,frictionless,2022_2024,0.008675317192367471,0.082868653040426787,0.057496970230462741,-0.011692249558666712
ridge_vol20_band2,state_rule_vol20_band2,frictionless,2022_2024,-0.0042431773102917791,-0.017152991533415651,0.001236579043478403,-0.0007404155955384184
ridge_vol20_band2,constant_vol20_band2,frictionless,2022_2024,0.00265715639840991,0.012245056770006202,0.00044579652628007338,0.00011192482699429185
boosted_vol20_band2,trend_vol20_band2,frictionless,full,-0.019842000416433914,-0.11778304327571787,-0.090003742667409403,0.007315681665130136
boosted_vol20_band2,allocation_vol20_band2,frictionless,full,-0.012658672888453015,0.019830903106725195,0.029738757597153609,-0.012881159228991301
boosted_vol20_band2,fixed_blend_vol20_band2,frictionless,full,-0.01872253661704093,-0.072220494308678829,-0.034420347668629225,0.00037143255867247427
boosted_vol20_band2,state_rule_vol20_band2,frictionless,full,-0.024722379457613686,-0.13236451683435879,-0.089016493977942091,0.0066398731540949774
boosted_vol20_band2,constant_vol20_band2,frictionless,full,-0.019842000416433914,-0.11778304327571787,-0.090003742667409403,0.007315681665130136
boosted_vol20_band2,trend_vol20_band2,frictionless,2020_2021,0.0059444612532502106,0.017983950442850283,0,-0.00012186093758440042
boosted_vol20_band2,allocation_vol20_band2,frictionless,2020_2021,-0.0046827836828120528,0.0014204960379049503,0.0067607568687232389,-0.001761294275547387
boosted_vol20_band2,fixed_blend_vol20_band2,frictionless,2020_2021,-0.0029439124304138087,0.00065297007754283598,0.0033589881262958698,-0.0010758994473420991
boosted_vol20_band2,state_rule_vol20_band2,frictionless,2020_2021,0.0052846078688941756,0.020012228346498961,0.0067607568687232389,-0.00060649697485176679
boosted_vol20_band2,constant_vol20_band2,frictionless,2020_2021,0.0059444612532502106,0.017983950442850283,0,-0.00012186093758440042
boosted_vol20_band2,trend_vol20_band2,frictionless,2022_2024,-0.032053812189767994,-0.19332807331136759,-0.094718940689876185,0.013261644804357403
boosted_vol20_band2,allocation_vol20_band2,frictionless,2022_2024,-0.016276685872013141,-0.017999794609463771,0.031312778233991478,-0.021116396112024011
boosted_vol20_band2,fixed_blend_vol20_band2,frictionless,2022_2024,-0.026035651395810433,-0.122704477040947,-0.037667766985693518,0.0014574704186963994
boosted_vol20_band2,state_rule_vol20_band2,frictionless,2022_2024,-0.038954145898469683,-0.22272612161478944,-0.093928158172677856,0.012409304381824693
boosted_vol20_band2,constant_vol20_band2,frictionless,2022_2024,-0.032053812189767994,-0.19332807331136759,-0.094718940689876185,0.013261644804357403
ridge_vol40_exact,trend_vol40_exact,frictionless,full,-0.13037506810888555,-0.27666914228083694,-0.23107128851586411,0.019210125076034978
ridge_vol40_exact,allocation_vol40_exact,frictionless,full,-0.20093190741921818,-0.22986841232980648,-0.0084655849018212548,-0.051352804660321771
ridge_vol40_exact,fixed_blend_vol40_exact,frictionless,full,-0.17222914121592847,-0.28276538441142929,-0.11913153715780644,-0.0065804170514131566
ridge_vol40_exact,state_rule_vol40_exact,frictionless,full,-0.14695533471147493,-0.27396894938847605,-0.23011726009140843,0.0068511145383640115
ridge_vol40_exact,constant_vol40_exact,frictionless,full,-0.13037506810888555,-0.27666914228083694,-0.23107128851586411,0.019210125076034978
ridge_vol40_exact,trend_vol40_exact,frictionless,2020_2021,-9.1057950636130869e-05,-0.015733796584188831,-0.0097958898214951518,0.0048740947394305123
ridge_vol40_exact,allocation_vol40_exact,frictionless,2020_2021,-0.21205805310576409,-0.17901039781958028,0.001931406652660117,-0.0074392555258457338
ridge_vol40_exact,fixed_blend_vol40_exact,frictionless,2020_2021,-0.10484531766257943,-0.10393641061925507,-0.0039212484385444668,-7.490337764876065e-05
ridge_vol40_exact,state_rule_vol40_exact,frictionless,2020_2021,-0.011534928578585735,-0.018423471997270902,0.0019314066526605611,0.0019820216272339319
ridge_vol40_exact,constant_vol40_exact,frictionless,2020_2021,-9.1057950636130869e-05,-0.015733796584188831,-0.0097958898214951518,0.0048740947394305123
ridge_vol40_exact,trend_vol40_exact,frictionless,2022_2024,-0.16732349231782284,-0.48342643181160866,-0.2382965824163874,0.032821073975314363
ridge_vol40_exact,allocation_vol40_exact,frictionless,2022_2024,-0.18324268928526766,-0.39705907276090452,-0.010821294661335079,-0.087139676436385372
ridge_vol40_exact,fixed_blend_vol40_exact,frictionless,2022_2024,-0.18389273964566222,-0.46327812499854176,-0.14190960013733134,-0.012679192077330481
ridge_vol40_exact,state_rule_vol40_exact,frictionless,2022_2024,-0.18499353837158261,-0.49650681239443056,-0.20820511346604231,0.011068801805566852
ridge_vol40_exact,constant_vol40_exact,frictionless,2022_2024,-0.16732349231782284,-0.48342643181160866,-0.2382965824163874,0.032821073975314363
boosted_vol40_exact,trend_vol40_exact,frictionless,full,-0.0073663670659498415,-0.078752787607310415,-0.15173176207352435,0.027626965372881895
boosted_vol40_exact,allocation_vol40_exact,frictionless,full,-0.077923206376282472,-0.031952057656279953,0.070873941540518515,-0.042935964363474854
boosted_vol40_exact,fixed_blend_vol40_exact,frictionless,full,-0.049220440172992763,-0.084849029737902759,-0.039792010715466675,0.0018364232454337603
boosted_vol40_exact,state_rule_vol40_exact,frictionless,full,-0.023946633668539219,-0.076052594714949517,-0.15077773364906866,0.015267954835210928
boosted_vol40_exact,constant_vol40_exact,frictionless,full,-0.0073663670659498415,-0.078752787607310415,-0.15173176207352435,0.027626965372881895
boosted_vol40_exact,trend_vol40_exact,frictionless,2020_2021,0.049195159268426103,0.047845975959728726,0,0.00067954917362128553
boosted_vol40_exact,allocation_vol40_exact,frictionless,2020_2021,-0.16277183588670185,-0.11543062527566272,0.011727296474155269,-0.011633801091654961
boosted_vol40_exact,fixed_blend_vol40_exact,frictionless,2020_2021,-0.055559100443517195,-0.040356638075337514,0.0058746413829506849,-0.0042694489434579874
boosted_vol40_exact,state_rule_vol40_exact,frictionless,2020_2021,0.037751288640476499,0.045156300546646655,0.011727296474155713,-0.0022125239385752948
boosted_vol40_exact,constant_vol40_exact,frictionless,2020_2021,0.049195159268426103,0.047845975959728726,0,0.00067954917362128553
boosted_vol40_exact,trend_vol40_exact,frictionless,2022_2024,-0.027564327183811521,-0.13036149778957673,-0.14411257297553459,0.052522037685435674
boosted_vol40_exact,allocation_vol40_exact,frictionless,2022_2024,-0.043483524151256336,-0.04399413873887259,0.083362714779517733,-0.067438712726264061
boosted_vol40_exact,fixed_blend_vol40_exact,frictionless,2022_2024,-0.044133574511650897,-0.11021319097650983,-0.047725590696478526,0.0070217716327908297
boosted_vol40_exact,state_rule_vol40_exact,frictionless,2022_2024,-0.04523437323757129,-0.14344187837239863,-0.1140211040251895,0.030769765515688163
boosted_vol40_exact,constant_vol40_exact,frictionless,2022_2024,-0.027564327183811521,-0.13036149778957673,-0.14411257297553459,0.052522037685435674
ridge_vol40_band2,trend_vol40_band2,frictionless,full,-0.12828499537983729,-0.27477171146899848,-0.22937908604463142,0.018940088032306401
ridge_vol40_band2,allocation_vol40_band2,frictionless,full,-0.20129481478477351,-0.23252508254834381,-0.0097681380792351558,-0.051046186842832186
ridge_vol40_band2,fixed_blend_vol40_band2,frictionless,full,-0.17211509309236073,-0.28395409798087279,-0.12262399166626392,-0.0069763697328781848
ridge_vol40_band2,state_rule_vol40_band2,frictionless,full,-0.14513958098956548,-0.27337873427388959,-0.22715480316432857,0.0069035697369014271
ridge_vol40_band2,constant_vol40_band2,frictionless,full,-0.12828499537983729,-0.27477171146899848,-0.22937908604463142,0.018940088032306401
ridge_vol40_band2,trend_vol40_band2,frictionless,2020_2021,0.0019945133774927903,-0.013603469058151019,-0.009811269885393048,0.0048043893586697806
ridge_vol40_band2,allocation_vol40_band2,frictionless,2020_2021,-0.21313009491947499,-0.18260603343407666,0.0020760011402610745,-0.0072658328885225054
ridge_vol40_band2,fixed_blend_vol40_band2,frictionless,2020_2021,-0.1047966551559143,-0.10464930655563442,-0.0039181503427251352,-0.00020725406709937166
ridge_vol40_band2,state_rule_vol40_band2,frictionless,2020_2021,-0.011224583483829154,-0.018979719990404043,0.0020760011402606304,0.0021714920393517967
ridge_vol40_band2,constant_vol40_band2,frictionless,2020_2021,0.0019945133774927903,-0.013603469058151019,-0.009811269885393048,0.0048043893586697806
ridge_vol40_band2,trend_vol40_band2,frictionless,2022_2024,-0.16551437457234819,-0.48053357740728714,-0.23638839683275215,0.032287302400049844
ridge_vol40_band2,allocation_vol40_band2,frictionless,2022_2024,-0.18341407806532084,-0.39960858621037626,-0.013360925106648214,-0.086580806895356022
ridge_vol40_band2,fixed_blend_vol40_band2,frictionless,2022_2024,-0.18389448528558194,-0.46504407053630187,-0.1459088416365798,-0.01328284456542328
ridge_vol40_band2,state_rule_vol40_band2,frictionless,2022_2024,-0.18288933123346252,-0.49391650795894487,-0.20738344201891179,0.010980549964514696
ridge_vol40_band2,constant_vol40_band2,frictionless,2022_2024,-0.16551437457234819,-0.48053357740728714,-0.23638839683275215,0.032287302400049844
boosted_vol40_band2,trend_vol40_band2,frictionless,full,-0.0064623504165000067,-0.077099551852901183,-0.14910699435813801,0.027311973049696958
boosted_vol40_band2,allocation_vol40_band2,frictionless,full,-0.079472169821436234,-0.034852922932246511,0.070503953607258252,-0.04267430182544163
boosted_vol40_band2,fixed_blend_vol40_band2,frictionless,full,-0.050292448129023448,-0.08628193836477549,-0.042351899979770513,0.0013955152845123719
boosted_vol40_band2,state_rule_vol40_band2,frictionless,full,-0.023316936026228197,-0.075706574657792292,-0.14688271147783516,0.015275454754291984
boosted_vol40_band2,constant_vol40_band2,frictionless,full,-0.0064623504165000067,-0.077099551852901183,-0.14910699435813801,0.027311973049696958
boosted_vol40_band2,trend_vol40_band2,frictionless,2020_2021,0.051392965259016599,0.051173391160854953,0,0.00054189099419804654
boosted_vol40_band2,allocation_vol40_band2,frictionless,2020_2021,-0.16373164303795118,-0.11782917321507069,0.011887271025654123,-0.011528331252994239
boosted_vol40_band2,fixed_blend_vol40_band2,frictionless,2020_2021,-0.05539820327439049,-0.039872446336628453,0.0058931195426679128,-0.0044697524315711057
boosted_vol40_band2,state_rule_vol40_band2,frictionless,2020_2021,0.038173868397694655,0.045797140228601929,0.011887271025653678,-0.0020910063251199373
boosted_vol40_band2,constant_vol40_band2,frictionless,2020_2021,0.051392965259016599,0.051173391160854953,0,0.00054189099419804654
boosted_vol40_band2,trend_vol40_band2,frictionless,2022_2024,-0.027217458859448929,-0.12899585367184352,-0.14120649743586355,0.051913870173614762
boosted_vol40_band2,allocation_vol40_band2,frictionless,2022_2024,-0.04511716235242158,-0.048070862474932641,0.081820974290240378,-0.066954239121791104
boosted_vol40_band2,fixed_blend_vol40_band2,frictionless,2022_2024,-0.045597569572682684,-0.11350634680085825,-0.050726942239691208,0.0063437232081416384
boosted_vol40_band2,state_rule_vol40_band2,frictionless,2022_2024,-0.044592415520563256,-0.14237878422350125,-0.1122015426220232,0.030607117738079614
boosted_vol40_band2,constant_vol40_band2,frictionless,2022_2024,-0.027217458859448929,-0.12899585367184352,-0.14120649743586355,0.051913870173614762
ridge_vol20_exact,trend_vol20_exact,base,full,0.0049843709293879712,0.018891999890338518,3.8857805861880479e-15,7.5974493107977548e-05
ridge_vol20_exact,allocation_vol20_exact,base,full,-0.0089198884639019038,0.075304801661470133,0.11316099692931358,-0.021216436278145623
ridge_vol20_exact,fixed_blend_vol20_exact,base,full,-0.003775366659928725,0.022974770426126723,0.05161906218437684,-0.0068688305438893704
ridge_vol20_exact,state_rule_vol20_exact,base,full,-0.0073232257833009129,-0.022845426468786734,-0.00039231008159767988,-0.00095532001274670209
ridge_vol20_exact,constant_vol20_exact,base,full,0.0049843709293879712,0.018891999890338518,3.8857805861880479e-15,7.5974493107977548e-05
ridge_vol20_exact,trend_vol20_exact,base,2020_2021,0.0015454944772010926,0.0038800910831393587,0,6.7651815508162905e-05
ridge_vol20_exact,allocation_vol20_exact,base,2020_2021,-0.030469344466066195,-0.067373585032546313,0.0062203610217197447,-0.0023213908239593795
ridge_vol20_exact,fixed_blend_vol20_exact,base,2020_2021,-0.015352468710041256,-0.036324036409301819,0.0030733775930825713,-0.00091905649625836916
ridge_vol20_exact,state_rule_vol20_exact,base,2020_2021,-0.0049136752314942189,-0.008238001960230612,0.0062203610217199667,-0.00075136416354371072
ridge_vol20_exact,constant_vol20_exact,base,2020_2021,0.0015454944772010926,0.0038800910831393587,0,6.7651815508162905e-05
ridge_vol20_exact,trend_vol20_exact,base,2022_2024,0.0065921439126752635,0.031633443657534288,0.0028514919705228126,9.3082873577010616e-05
ridge_vol20_exact,allocation_vol20_exact,base,2022_2024,0.0016974204195436826,0.10202652594462058,0.12344723769965182,-0.035719619334876718
ridge_vol20_exact,fixed_blend_vol20_exact,base,2022_2024,0.0019370253956410011,0.044668134756930988,0.056378695229434728,-0.011722474479843509
ridge_vol20_exact,state_rule_vol20_exact,base,2022_2024,-0.0083991741768330019,-0.036405986597499163,4.8215667022732944e-05,-0.0011447110677856309
ridge_vol20_exact,constant_vol20_exact,base,2022_2024,0.0065921439126752635,0.031633443657534288,0.0028514919705228126,9.3082873577010616e-05
boosted_vol20_exact,trend_vol20_exact,base,full,-0.0095537104017109353,-0.077006485962075599,-0.088591933362642927,0.0077823526455205183
boosted_vol20_exact,allocation_vol20_exact,base,full,-0.02345796979500081,-0.020593684190943984,0.024569063566666771,-0.013510058125733082
boosted_vol20_exact,fixed_blend_vol20_exact,base,full,-0.018313447991027632,-0.072923715426287394,-0.036972871178269973,0.00083754760852317034
boosted_vol20_exact,state_rule_vol20_exact,base,full,-0.021861307114399819,-0.11874391232120085,-0.088984243444244493,0.0067510581396658387
boosted_vol20_exact,constant_vol20_exact,base,full,-0.0095537104017109353,-0.077006485962075599,-0.088591933362642927,0.0077823526455205183
boosted_vol20_exact,trend_vol20_exact,base,2020_2021,0.015202969108508047,0.043120836927116102,0,1.491907546216642e-05
boosted_vol20_exact,allocation_vol20_exact,base,2020_2021,-0.016811869834759241,-0.028132839188569569,0.0062203610217197447,-0.0023741235640053759
boosted_vol20_exact,fixed_blend_vol20_exact,base,2020_2021,-0.0016949940787343021,0.0029167094346749245,0.0030733775930825713,-0.00097178923630436564
boosted_vol20_exact,state_rule_vol20_exact,base,2020_2021,0.008743799399812735,0.031002743883746131,0.0062203610217199667,-0.0008040969035897072
boosted_vol20_exact,constant_vol20_exact,base,2020_2021,0.015202969108508047,0.043120836927116102,0,1.491907546216642e-05
boosted_vol20_exact,trend_vol20_exact,base,2022_2024,-0.021316070897979156,-0.1371865724873188,-0.093609458151881042,0.014026535735892326
boosted_vol20_exact,allocation_vol20_exact,base,2022_2024,-0.026210794391110737,-0.066793490200232508,0.026986287577247969,-0.021786166472561402
boosted_vol20_exact,fixed_blend_vol20_exact,base,2022_2024,-0.025971189415013418,-0.1241518813879221,-0.040082254892969127,0.0022109783824718066
boosted_vol20_exact,state_rule_vol20_exact,base,2022_2024,-0.036307388987487421,-0.20522600274235225,-0.096412734455381122,0.012788741794529684
boosted_vol20_exact,constant_vol20_exact,base,2022_2024,-0.021316070897979156,-0.1371865724873188,-0.093609458151881042,0.014026535735892326
ridge_vol20_band2,trend_vol20_band2,base,full,0.0041021960817160252,0.016837534792839337,-8.8817841970012523e-16,-0.00012610994193737457
ridge_vol20_band2,allocation_vol20_band2,base,full,-0.0078975133788787844,0.076458162619101877,0.10959974326610378,-0.020306871346353256
ridge_vol20_band2,fixed_blend_vol20_band2,base,full,-0.0053529195547301622,0.018545930650613496,0.049168847106963121,-0.0070352976254891564
ridge_vol20_band2,state_rule_vol20_band2,base,full,-0.0079013226946094139,-0.026001840201714588,-5.0733727718466071e-05,-0.00084658717529195737
ridge_vol20_band2,constant_vol20_band2,base,full,0.0041021960817160252,0.016837534792839337,-8.8817841970012523e-16,-0.00012610994193737457
ridge_vol20_band2,trend_vol20_band2,base,2020_2021,-0.00091186757874583968,0.00014949655508189608,0,-0.00034730636906127321
ridge_vol20_band2,allocation_vol20_band2,base,2020_2021,-0.02794127752673714,-0.064383012549181551,0.0061820184983425452,-0.0019729701281338829
ridge_vol20_band2,fixed_blend_vol20_band2,base,2020_2021,-0.018964634167533578,-0.044429016270857158,0.0030571087701025679,-0.0012795080100385103
ridge_vol20_band2,state_rule_vol20_band2,base,2020_2021,-0.0094828595497502555,-0.021126487378374748,0.0061820184983429893,-0.00080470996872772371
ridge_vol20_band2,constant_vol20_band2,base,2020_2021,-0.00091186757874583968,0.00014949655508189608,0,-0.00034730636906127321
ridge_vol20_band2,trend_vol20_band2,base,2022_2024,0.006506215850837771,0.031581772975161182,7.7715611723760958e-16,6.7306380766324336e-05
ridge_vol20_band2,allocation_vol20_band2,base,2022_2024,0.0020179023079751612,0.10269170696536523,0.11906087180963154,-0.034304181701819925
ridge_vol20_band2,fixed_blend_vol20_band2,base,2022_2024,0.00139986116133195,0.043140530575596303,0.053639615386250838,-0.011697683767324385
ridge_vol20_band2,state_rule_vol20_band2,base,2022_2024,-0.0070043647325466196,-0.030864471298252538,-0.00019118325347411425,-0.0008913684334696248
ridge_vol20_band2,constant_vol20_band2,base,2022_2024,0.006506215850837771,0.031581772975161182,7.7715611723760958e-16,6.7306380766324336e-05
boosted_vol20_band2,trend_vol20_band2,base,full,-0.010382899567317194,-0.078985823013032253,-0.085931132143794442,0.0072698535549043375
boosted_vol20_band2,allocation_vol20_band2,base,full,-0.022382609027912004,-0.019365195186769713,0.023668611122310224,-0.012910907849511544
boosted_vol20_band2,fixed_blend_vol20_band2,base,full,-0.019838015203763382,-0.077277427155258094,-0.036762285036830433,0.00036066587135255568
boosted_vol20_band2,state_rule_vol20_band2,base,full,-0.022386418343642633,-0.12182519800758618,-0.08598186587151202,0.0065493763215497547
boosted_vol20_band2,constant_vol20_band2,base,full,-0.010382899567317194,-0.078985823013032253,-0.085931132143794442,0.0072698535549043375
boosted_vol20_band2,trend_vol20_band2,base,2020_2021,0.012689597843807743,0.03779802078510075,0,-0.00012880414908653104
boosted_vol20_band2,allocation_vol20_band2,base,2020_2021,-0.014339812104183558,-0.026734488319162697,0.0061820184983425452,-0.0017544679081591408
boosted_vol20_band2,fixed_blend_vol20_band2,base,2020_2021,-0.0053631687449799959,-0.006780492040838304,0.0030571087701025679,-0.0010610057900637682
boosted_vol20_band2,state_rule_vol20_band2,base,2020_2021,0.004118605872803327,0.016522036851644106,0.0061820184983429893,-0.00058620774875298154
boosted_vol20_band2,constant_vol20_band2,base,2020_2021,0.012689597843807743,0.03779802078510075,0,-0.00012880414908653104
boosted_vol20_band2,trend_vol20_band2,base,2022_2024,-0.021366195584492376,-0.13745732396665844,-0.093440457427149237,0.013193075143164479
boosted_vol20_band2,allocation_vol20_band2,base,2022_2024,-0.025854509127354985,-0.066347389976454396,0.025620414382481527,-0.02117841293942177
boosted_vol20_band2,fixed_blend_vol20_band2,base,2022_2024,-0.026472550273998197,-0.12589856636622332,-0.039800842040899176,0.0014280849950737695
boosted_vol20_band2,state_rule_vol20_band2,base,2022_2024,-0.034876776167876766,-0.19990356824007216,-0.093631640680624129,0.01223440032892853
boosted_vol20_band2,constant_vol20_band2,base,2022_2024,-0.021366195584492376,-0.13745732396665844,-0.093440457427149237,0.013193075143164479
ridge_vol40_exact,trend_vol40_exact,base,full,-0.12057325390522156,-0.26183145993920731,-0.21779986254650774,0.019180251158406658
ridge_vol40_exact,allocation_vol40_exact,base,full,-0.22174957189320188,-0.27905936919804653,-0.015656882732180133,-0.051340597203225702
ridge_vol40_exact,fixed_blend_vol40_exact,base,full,-0.17817006399050506,-0.30295909522209685,-0.12088115572303937,-0.0065936411722909982
ridge_vol40_exact,state_rule_vol40_exact,base,full,-0.14918178107496716,-0.28433753428044573,-0.22663058457069563,0.0067998459985051385
ridge_vol40_exact,constant_vol40_exact,base,full,-0.12057325390522156,-0.26183145993920731,-0.21779986254650774,0.019180251158406658
ridge_vol40_exact,trend_vol40_exact,base,2020_2021,0.01075534092449848,-0.003533155284182854,-0.010006701200155343,0.0048836014186000587
ridge_vol40_exact,allocation_vol40_exact,base,2020_2021,-0.23488855922715812,-0.20703567890147867,0.0008643700185178016,-0.007414040940192046
ridge_vol40_exact,fixed_blend_vol40_exact,base,2020_2021,-0.11190901973717082,-0.11397477277385848,-0.004612683907849191,-6.4978969399109854e-05
ridge_vol40_exact,state_rule_vol40_exact,base,2020_2021,-0.020880884336741179,-0.028379073248250508,0.00086437001851791262,0.0020150879563120005
ridge_vol40_exact,constant_vol40_exact,base,2020_2021,0.01075534092449848,-0.003533155284182854,-0.010006701200155343,0.0048836014186000587
ridge_vol40_exact,trend_vol40_exact,base,2022_2024,-0.15817384218793062,-0.46260598204991987,-0.24110817425272402,0.03274546737629036
ridge_vol40_exact,allocation_vol40_exact,base,2022_2024,-0.20188844818834029,-0.46659982918895693,-0.018328710797947734,-0.087156551710410368
ridge_vol40_exact,fixed_blend_vol40_exact,base,2022_2024,-0.18888265153535655,-0.49368843585939182,-0.1438471621620161,-0.012725496422280269
ridge_vol40_exact,state_rule_vol40_exact,base,2022_2024,-0.18419551576035831,-0.50690547701666122,-0.2171657492543575,0.010936168816049696
ridge_vol40_exact,constant_vol40_exact,base,2022_2024,-0.15817384218793062,-0.46260598204991987,-0.24110817425272402,0.03274546737629036
boosted_vol40_exact,trend_vol40_exact,base,full,0.0050000110293948463,-0.051028239037271828,-0.14055442925004746,0.027519381875344417
boosted_vol40_exact,allocation_vol40_exact,base,full,-0.096176306958585478,-0.068256148296111041,0.061588550564280142,-0.043001466486287943
boosted_vol40_exact,fixed_blend_vol40_exact,base,full,-0.052596799055888654,-0.092155874320161368,-0.043635722426579093,0.0017454895446467611
boosted_vol40_exact,state_rule_vol40_exact,base,full,-0.023608516140350755,-0.073534313378510241,-0.14938515127423535,0.015138976715442898
boosted_vol40_exact,constant_vol40_exact,base,full,0.0050000110293948463,-0.051028239037271828,-0.14055442925004746,0.027519381875344417
boosted_vol40_exact,trend_vol40_exact,base,2020_2021,0.063084348704247173,0.064242056541639503,0,0.00062817066338166638
boosted_vol40_exact,allocation_vol40_exact,base,2020_2021,-0.18255955144740943,-0.13926046707565631,0.010871071218673145,-0.011669471695410438
boosted_vol40_exact,fixed_blend_vol40_exact,base,2020_2021,-0.05958001195742213,-0.046199560948036122,0.0053940172923061525,-0.0043204097246175022
boosted_vol40_exact,state_rule_vol40_exact,base,2020_2021,0.031448123443007514,0.039396138577571849,0.010871071218673256,-0.0022403427989063918
boosted_vol40_exact,constant_vol40_exact,base,2020_2021,0.063084348704247173,0.064242056541639503,0,0.00062817066338166638
boosted_vol40_exact,trend_vol40_exact,base,2022_2024,-0.016366627798347633,-0.0874189460308471,-0.14901148134788877,0.052364512712304967
boosted_vol40_exact,allocation_vol40_exact,base,2022_2024,-0.060081233798757294,-0.091412793169884154,0.073767982106887509,-0.067537506374395762
boosted_vol40_exact,fixed_blend_vol40_exact,base,2022_2024,-0.047075437145773558,-0.11850139984031904,-0.051750469257180853,0.0068935489137343375
boosted_vol40_exact,state_rule_vol40_exact,base,2022_2024,-0.042388301370775316,-0.13171844099758845,-0.12506905634952226,0.030555214152064303
boosted_vol40_exact,constant_vol40_exact,base,2022_2024,-0.016366627798347633,-0.0874189460308471,-0.14901148134788877,0.052364512712304967
ridge_vol40_band2,trend_vol40_band2,base,full,-0.11880743822901385,-0.26007938550834775,-0.21740092969118241,0.018912138174212778
ridge_vol40_band2,allocation_vol40_band2,base,full,-0.2226742382806437,-0.28121706451235473,-0.016592012690519575,-0.051029966320931763
ridge_vol40_band2,fixed_blend_vol40_band2,base,full,-0.179341614760542,-0.30556743330969993,-0.12488520085169563,-0.0069892053772677709
ridge_vol40_band2,state_rule_vol40_band2,base,full,-0.14765456813894362,-0.28365151590802806,-0.22359002061399391,0.0068544758737442701
ridge_vol40_band2,constant_vol40_band2,base,full,-0.11880743822901385,-0.26007938550834775,-0.21740092969118241,0.018912138174212778
ridge_vol40_band2,trend_vol40_band2,base,2020_2021,0.012781112676792716,-0.0013573259310359909,-0.010029633303388796,0.0048103958373121869
ridge_vol40_band2,allocation_vol40_band2,base,2020_2021,-0.23625587118040769,-0.21047702927441847,0.00095268436689910363,-0.0072395249908837056
ridge_vol40_band2,fixed_blend_vol40_band2,base,2020_2021,-0.11210753268637053,-0.11471475937377429,-0.0046209288207014199,-0.0002018201631334704
ridge_vol40_band2,state_rule_vol40_band2,base,2020_2021,-0.020482321360408839,-0.028897606816146171,0.00095268436689910363,0.0022050887219947635
ridge_vol40_band2,constant_vol40_band2,base,2020_2021,0.012781112676792716,-0.0013573259310359909,-0.010029633303388796,0.0048103958373121869
ridge_vol40_band2,trend_vol40_band2,base,2022_2024,-0.156733792776099,-0.46027324113116252,-0.23882541310975292,0.032218866007989178
ridge_vol40_band2,allocation_vol40_band2,base,2022_2024,-0.20267103940507947,-0.46806153777189363,-0.020386509984210544,-0.086591381831681691
ridge_vol40_band2,fixed_blend_vol40_band2,base,2022_2024,-0.19044892109725375,-0.49798698506971117,-0.14838658815301808,-0.013326352077788206
ridge_vol40_band2,state_rule_vol40_band2,base,2022_2024,-0.18246790563668558,-0.50421131464496538,-0.21582330683693707,0.010851918814856532
ridge_vol40_band2,constant_vol40_band2,base,2022_2024,-0.156733792776099,-0.46027324113116252,-0.23882541310975292,0.032218866007989178
boosted_vol40_band2,trend_vol40_band2,base,full,0.0058099480801494519,-0.049826313866184746,-0.13975313599861039,0.027211078882224848
boosted_vol40_band2,allocation_vol40_band2,base,full,-0.098056851971480397,-0.070963992870191728,0.061055781002052445,-0.042731025612919693
boosted_vol40_band2,fixed_blend_vol40_band2,base,full,-0.054724228451378698,-0.095314361667536929,-0.047237407159123612,0.0013097353307442994
boosted_vol40_band2,state_rule_vol40_band2,base,full,-0.023037181829780318,-0.073398444265865059,-0.14594222692142189,0.01515341658175634
boosted_vol40_band2,constant_vol40_band2,base,full,0.0058099480801494519,-0.049826313866184746,-0.13975313599861039,0.027211078882224848
boosted_vol40_band2,trend_vol40_band2,base,2020_2021,0.065284422738329795,0.067616731321285428,0,0.00048853200248438755
boosted_vol40_band2,allocation_vol40_band2,base,2020_2021,-0.18375256111887062,-0.14150297202209705,0.0109823176702879,-0.011561388825711505
boosted_vol40_band2,fixed_blend_vol40_band2,base,2020_2021,-0.059604222624833447,-0.04574070212145287,0.0054087044826873765,-0.0045236839979612697
boosted_vol40_band2,state_rule_vol40_band2,base,2020_2021,0.032020988701128239,0.040076450436175248,0.0109823176702879,-0.0021167751128330359
boosted_vol40_band2,constant_vol40_band2,base,2020_2021,0.065284422738329795,0.067616731321285428,0,0.00048853200248438755
boosted_vol40_band2,trend_vol40_band2,base,2022_2024,-0.016131516513644639,-0.087308198171988205,-0.14640377653762127,0.051770819524140144
boosted_vol40_band2,allocation_vol40_band2,base,2022_2024,-0.062068763142625105,-0.095096494812719312,0.072035126587921106,-0.067039428315530725
boosted_vol40_band2,fixed_blend_vol40_band2,base,2022_2024,-0.049846644834799392,-0.12502194211053685,-0.055964951580886435,0.00622560143836276
boosted_vol40_band2,state_rule_vol40_band2,base,2022_2024,-0.041865629374231217,-0.13124627168579106,-0.12340167026480542,0.030403872331007498
boosted_vol40_band2,constant_vol40_band2,base,2022_2024,-0.016131516513644639,-0.087308198171988205,-0.14640377653762127,0.051770819524140144
ridge_vol20_exact,trend_vol20_exact,cost_stress,full,0.011352991355646935,0.045448744094488847,0.012885227339498373,9.3860178976556963e-06
ridge_vol20_exact,allocation_vol20_exact,cost_stress,full,-0.029476834407147878,-0.013631670514335559,0.095404833502758968,-0.021183662775571488
ridge_vol20_exact,fixed_blend_vol20_exact,cost_stress,full,-0.01176961371753138,-0.013291030933451964,0.040150326455261176,-0.00685321987747331
ridge_vol20_exact,state_rule_vol20_exact,cost_stress,full,-0.010715735599390319,-0.037242279436331849,-0.0053530067950600113,-0.0010722049350070373
ridge_vol20_exact,constant_vol20_exact,cost_stress,full,0.011352991355646935,0.045448744094488847,0.012885227339498373,9.3860178976556963e-06
ridge_vol20_exact,trend_vol20_exact,cost_stress,2020_2021,0.0096128440610188104,0.02809246566566781,0,1.7060132200596989e-05
ridge_vol20_exact,allocation_vol20_exact,cost_stress,2020_2021,-0.04546489605407289,-0.11296738771143411,0.0054514756078295479,-0.0023201912142443715
ridge_vol20_exact,fixed_blend_vol20_exact,cost_stress,2020_2021,-0.019948480581414074,-0.050989378557394938,0.0026294214061570731,-0.00093163037480473165
ridge_vol20_exact,state_rule_vol20_exact,cost_stress,2020_2021,-0.0078469621466568107,-0.017405414595553337,0.0054514756078295479,-0.00075926313138685586
ridge_vol20_exact,constant_vol20_exact,cost_stress,2020_2021,0.0096128440610188104,0.02809246566566781,0,1.7060132200596989e-05
ridge_vol20_exact,trend_vol20_exact,cost_stress,2022_2024,0.012008538005340963,0.060368374209905151,0.014081994306719747,1.2197094782201434e-05
ridge_vol20_exact,allocation_vol20_exact,cost_stress,2022_2024,-0.021252812513205876,-0.024840449913894891,0.10568254046181014,-0.035678132485800734
ridge_vol20_exact,fixed_blend_vol20_exact,cost_stress,2022_2024,-0.0076122514892655868,-0.011600985208919834,0.044761913209813708,-0.011692869040472814
ridge_vol20_exact,state_rule_vol20_exact,cost_stress,2022_2024,-0.011941772623604185,-0.055961128635578894,-0.0042123353135280484,-0.0013564072268930638
ridge_vol20_exact,constant_vol20_exact,cost_stress,2022_2024,0.012008538005340963,0.060368374209905151,0.014081994306719747,1.2197094782201434e-05
boosted_vol20_exact,trend_vol20_exact,cost_stress,full,0.0037170195013087604,-0.019577935645856082,-0.066272556647178016,0.0076841609375649655
boosted_vol20_exact,allocation_vol20_exact,cost_stress,full,-0.037112806261486053,-0.078658350254680487,0.016247049516082579,-0.013508887855904178
boosted_vol20_exact,fixed_blend_vol20_exact,cost_stress,full,-0.019405585571869555,-0.078317710673796892,-0.039007457531415213,0.00082155504219399988
boosted_vol20_exact,state_rule_vol20_exact,cost_stress,full,-0.018351707453728494,-0.10226895917667678,-0.0845107907817364,0.0066025699846602726
boosted_vol20_exact,constant_vol20_exact,cost_stress,full,0.0037170195013087604,-0.019577935645856082,-0.066272556647178016,0.0076841609375649655
boosted_vol20_exact,trend_vol20_exact,cost_stress,2020_2021,0.024596112297179618,0.071934145409943362,0,-1.0912842720367522e-05
boosted_vol20_exact,allocation_vol20_exact,cost_stress,2020_2021,-0.030481627817912083,-0.069125707967158556,0.0054514756078295479,-0.002348164189165336
boosted_vol20_exact,fixed_blend_vol20_exact,cost_stress,2020_2021,-0.004965212345253267,-0.0071476988131193853,0.0026294214061570731,-0.00095960334972569616
boosted_vol20_exact,state_rule_vol20_exact,cost_stress,2020_2021,0.0071363060895039965,0.026436265148722216,0.0054514756078295479,-0.00078723610630782037
boosted_vol20_exact,constant_vol20_exact,cost_stress,2020_2021,0.024596112297179618,0.071934145409943362,0,-1.0912842720367522e-05
boosted_vol20_exact,trend_vol20_exact,cost_stress,2022_2024,-0.0063362297626805564,-0.053738366759024381,-0.072427885112816393,0.013880409743392996
boosted_vol20_exact,allocation_vol20_exact,cost_stress,2022_2024,-0.039597580281227396,-0.13894719088282442,0.019172661042273997,-0.021809919837189939
boosted_vol20_exact,fixed_blend_vol20_exact,cost_stress,2022_2024,-0.025957019257287106,-0.12570772617784937,-0.041747966209722431,0.0021753436081379807
boosted_vol20_exact,state_rule_vol20_exact,cost_stress,2022_2024,-0.030286540391625705,-0.17006786960450843,-0.090722214733064188,0.012511805421717731
boosted_vol20_exact,constant_vol20_exact,cost_stress,2022_2024,-0.0063362297626805564,-0.053738366759024381,-0.072427885112816393,0.013880409743392996
ridge_vol20_band2,trend_vol20_band2,cost_stress,full,0.010579764332540265,0.043723856904424485,0.013241770123014418,-0.00018436646610953122
ridge_vol20_band2,allocation_vol20_band2,cost_stress,full,-0.029186926332714469,-0.013890147989878532,0.092923209610615509,-0.02028440447232821
ridge_vol20_band2,fixed_blend_vol20_band2,cost_stress,full,-0.014053145998853989,-0.020511216458784398,0.037982961117802194,-0.0069963278243210247
ridge_vol20_band2,state_rule_vol20_band2,cost_stress,full,-0.01160864550841878,-0.04159335260924224,-0.0034108358906921321,-0.00096046232822405431
ridge_vol20_band2,constant_vol20_band2,cost_stress,full,0.010579764332540265,0.043723856904424485,0.013241770123014418,-0.00018436646610953122
ridge_vol20_band2,trend_vol20_band2,cost_stress,2020_2021,0.007401029989537955,0.024981041247762681,0,-0.00038615888298029755
ridge_vol20_band2,allocation_vol20_band2,cost_stress,2020_2021,-0.043500500820754295,-0.11165383027601816,0.0053155007186715952,-0.0019687000284707989
ridge_vol20_band2,fixed_blend_vol20_band2,cost_stress,2020_2021,-0.02390816260291917,-0.060586028906489675,0.0026053823237789375,-0.0012659707523260677
ridge_vol20_band2,state_rule_vol20_band2,cost_stress,2020_2021,-0.012603444271131359,-0.031279318389645816,0.0053155007186712622,-0.00079411496543382865
ridge_vol20_band2,constant_vol20_band2,cost_stress,2020_2021,0.007401029989537955,0.024981041247762681,0,-0.00038615888298029755
ridge_vol20_band2,trend_vol20_band2,cost_stress,2022_2024,0.011953798214080269,0.060467002783181734,0.014440264969196259,-8.0528659281708936e-06
ridge_vol20_band2,allocation_vol20_band2,cost_stress,2022_2024,-0.021758714051767436,-0.024898321255897082,0.10247329773690728,-0.034284790977127166
ridge_vol20_band2,fixed_blend_vol20_band2,cost_stress,2022_2024,-0.0090353509156644307,-0.016636993491246588,0.042306516778620185,-0.011648365455332155
ridge_vol20_band2,state_rule_vol20_band2,cost_stress,2022_2024,-0.010939075064302362,-0.051752542361810705,-0.0024110841476281397,-0.0011122997272070556
ridge_vol20_band2,constant_vol20_band2,cost_stress,2022_2024,0.011953798214080269,0.060467002783181734,0.014440264969196259,-8.0528659281708936e-06
boosted_vol20_band2,trend_vol20_band2,cost_stress,full,0.0031874246896805847,-0.020717441972832873,-0.0648983198104085,0.0071757843684913947
boosted_vol20_band2,allocation_vol20_band2,cost_stress,full,-0.036579265975574149,-0.07833144686713589,0.014783119677192591,-0.012924253637727284
boosted_vol20_band2,fixed_blend_vol20_band2,cost_stress,full,-0.021445485641713669,-0.084952515336041756,-0.040157128815620724,0.00036382301027990116
boosted_vol20_band2,state_rule_vol20_band2,cost_stress,full,-0.01900098515127846,-0.1060346514864996,-0.08155092582411505,0.0063996885063768716
boosted_vol20_band2,constant_vol20_band2,cost_stress,full,0.0031874246896805847,-0.020717441972832873,-0.0648983198104085,0.0071757843684913947
boosted_vol20_band2,trend_vol20_band2,cost_stress,2020_2021,0.022427384625882008,0.067600129336731429,0,-0.00015220318079939288
boosted_vol20_band2,allocation_vol20_band2,cost_stress,2020_2021,-0.028474146184410243,-0.069034742187049414,0.0053155007186715952,-0.0017347443262898943
boosted_vol20_band2,fixed_blend_vol20_band2,cost_stress,2020_2021,-0.0088818079665751171,-0.017966940817520927,0.0026053823237789375,-0.001032015050145163
boosted_vol20_band2,state_rule_vol20_band2,cost_stress,2020_2021,0.0024229103652126938,0.011339769699322932,0.0053155007186712622,-0.00056015926325292398
boosted_vol20_band2,constant_vol20_band2,cost_stress,2020_2021,0.022427384625882008,0.067600129336731429,0,-0.00015220318079939288
boosted_vol20_band2,trend_vol20_band2,cost_stress,2022_2024,-0.0061017145386046412,-0.053655515435129086,-0.070772179656654055,0.013053475310370849
boosted_vol20_band2,allocation_vol20_band2,cost_stress,2022_2024,-0.039814226804452346,-0.1390208394742079,0.017260853111056962,-0.021223262800828147
boosted_vol20_band2,fixed_blend_vol20_band2,cost_stress,2022_2024,-0.027090863668349341,-0.13075951170955741,-0.04290592784723013,0.0014131627209668651
boosted_vol20_band2,state_rule_vol20_band2,cost_stress,2022_2024,-0.028994587816987272,-0.16587506058012152,-0.087623528773478454,0.011949228449091964
boosted_vol20_band2,constant_vol20_band2,cost_stress,2022_2024,-0.0061017145386046412,-0.053655515435129086,-0.070772179656654055,0.013053475310370849
ridge_vol40_exact,trend_vol40_exact,cost_stress,full,-0.10681278928575311,-0.23953116238478411,-0.19314127158392347,0.0191269972211629
ridge_vol40_exact,allocation_vol40_exact,cost_stress,full,-0.25102711051216819,-0.35290417355260717,-0.045107150020609943,-0.051269450681282636
ridge_vol40_exact,fixed_blend_vol40_exact,cost_stress,full,-0.18622022819581496,-0.33328629902735807,-0.14246228255201943,-0.0065711902341465955
ridge_vol40_exact,state_rule_vol40_exact,cost_stress,full,-0.15204052086065589,-0.29986624449284671,-0.2296062614816784,0.0067258496118804967
ridge_vol40_exact,constant_vol40_exact,cost_stress,full,-0.10681278928575311,-0.23953116238478411,-0.19314127158392347,0.0191269972211629
ridge_vol40_exact,trend_vol40_exact,cost_stress,2020_2021,0.025791498707647298,0.01480352343322533,-0.010320807332484527,0.0048865616922733057
ridge_vol40_exact,allocation_vol40_exact,cost_stress,2020_2021,-0.26709435952657001,-0.24909955228827219,-0.00072782150101025067,-0.0073641668492077095
ridge_vol40_exact,fixed_blend_vol40_exact,cost_stress,2020_2021,-0.12169926387592334,-0.12906039231397592,-0.0056439669195810227,-3.8422171735275068e-05
ridge_vol40_exact,state_rule_vol40_exact,cost_stress,2020_2021,-0.033996125447827374,-0.043315870846607929,-0.00072782150100969556,0.0020688713879214449
ridge_vol40_exact,constant_vol40_exact,cost_stress,2020_2021,0.025791498707647298,0.01480352343322533,-0.010320807332484527,0.0048865616922733057
ridge_vol40_exact,trend_vol40_exact,cost_stress,2022_2024,-0.14525617887779407,-0.43131478944760776,-0.23177706039781099,0.032621744075408132
ridge_vol40_exact,allocation_vol40_exact,cost_stress,2022_2024,-0.22806035003044733,-0.57084332614409372,-0.052170300186899721,-0.087091735553566085
ridge_vol40_exact,fixed_blend_vol40_exact,cost_stress,2022_2024,-0.19553755029435893,-0.53922925431278168,-0.16959044204064966,-0.012724146433626904
ridge_vol40_exact,state_rule_vol40_exact,cost_stress,2022_2024,-0.18274005691647888,-0.52245064516457385,-0.25311004971473339,0.010737934849789466
ridge_vol40_exact,constant_vol40_exact,cost_stress,2022_2024,-0.14525617887779407,-0.43131478944760776,-0.23177706039781099,0.032621744075408132
boosted_vol40_exact,trend_vol40_exact,cost_stress,full,0.0221336354141215,-0.0094694396431984629,-0.099660566275919127,0.027343129136772837
boosted_vol40_exact,allocation_vol40_exact,cost_stress,full,-0.12208068581229359,-0.12284245081102152,0.048373555287394399,-0.043053318765672699
boosted_vol40_exact,fixed_blend_vol40_exact,cost_stress,full,-0.057273803495940356,-0.10322457628577242,-0.048981577244015084,0.0016449416814633411
boosted_vol40_exact,state_rule_vol40_exact,cost_stress,full,-0.023094096160781286,-0.069804521751261062,-0.13612555617367406,0.014941981527490433
boosted_vol40_exact,constant_vol40_exact,cost_stress,full,0.0221336354141215,-0.0094694396431984629,-0.099660566275919127,0.027343129136772837
boosted_vol40_exact,trend_vol40_exact,cost_stress,2020_2021,0.082318231251130802,0.088849861853746104,0,0.00053761645838523719
boosted_vol40_exact,allocation_vol40_exact,cost_stress,2020_2021,-0.21056762698308651,-0.17505321386775141,0.0095929858314742766,-0.011713112083095778
boosted_vol40_exact,fixed_blend_vol40_exact,cost_stress,2020_2021,-0.065172531332439831,-0.05501405389345515,0.0046768404129035046,-0.0043873674056233436
boosted_vol40_exact,state_rule_vol40_exact,cost_stress,2020_2021,0.02253060709565613,0.030730467573912845,0.0095929858314748317,-0.0022800738459666237
boosted_vol40_exact,constant_vol40_exact,cost_stress,2020_2021,0.082318231251130802,0.088849861853746104,0,0.00053761645838523719
boosted_vol40_exact,trend_vol40_exact,cost_stress,2022_2024,-0.00085790820092457309,-0.023118513929131557,-0.11959656731873836,0.052105215506919156
boosted_vol40_exact,allocation_vol40_exact,cost_stress,2022_2024,-0.083662079353577834,-0.16264705062561757,0.060010192892172909,-0.067608264122055062
boosted_vol40_exact,fixed_blend_vol40_exact,cost_stress,2022_2024,-0.05113927961748943,-0.13103297879430553,-0.057409948961577029,0.0067593249978841197
boosted_vol40_exact,state_rule_vol40_exact,cost_stress,2022_2024,-0.038341786239609377,-0.1142543696460977,-0.14092955663566076,0.030221406281300489
boosted_vol40_exact,constant_vol40_exact,cost_stress,2022_2024,-0.00085790820092457309,-0.023118513929131557,-0.11959656731873836,0.052105215506919156
ridge_vol40_band2,trend_vol40_band2,cost_stress,full,-0.1054445971003124,-0.23799064875529741,-0.19331441575337693,0.018861203054851228
ridge_vol40_band2,allocation_vol40_band2,cost_stress,full,-0.25300619804700286,-0.35431714608025566,-0.044330102034113361,-0.050952075185568768
ridge_vol40_band2,fixed_blend_vol40_band2,cost_stress,full,-0.18931773820802222,-0.33802545600175815,-0.14598045992291275,-0.0069661590729078737
ridge_vol40_band2,state_rule_vol40_band2,cost_stress,full,-0.15098374603645537,-0.29903423888016634,-0.22598141597063071,0.0067837265266044722
ridge_vol40_band2,constant_vol40_band2,cost_stress,full,-0.1054445971003124,-0.23799064875529741,-0.19331441575337693,0.018861203054851228
ridge_vol40_band2,trend_vol40_band2,cost_stress,2020_2021,0.027846645407094472,0.017048422268885366,-0.010355361878918945,0.0048074799487646813
ridge_vol40_band2,allocation_vol40_band2,cost_stress,2020_2021,-0.26917340289629488,-0.25231568711924579,-0.00072495853487475337,-0.0071877318881965468
ridge_vol40_band2,fixed_blend_vol40_band2,cost_stress,2020_2021,-0.12235519286125962,-0.12984907186787664,-0.0056699439296541421,-0.00018202174169162921
ridge_vol40_band2,state_rule_vol40_band2,cost_stress,2020_2021,-0.033576387819218567,-0.043779859261018572,-0.00072495853487553052,0.0022594105471642201
ridge_vol40_band2,constant_vol40_band2,cost_stress,2020_2021,0.027846645407094472,0.017048422268885366,-0.010355361878918945,0.0048074799487646813
ridge_vol40_band2,trend_vol40_band2,cost_stress,2022_2024,-0.14429623780341205,-0.42980409761985455,-0.23141398618194242,0.032105390101703324
ridge_vol40_band2,allocation_vol40_band2,cost_stress,2022_2024,-0.22993379401464775,-0.57066839328484142,-0.052029100645053949,-0.086516173951793396
ridge_vol40_band2,fixed_blend_vol40_band2,cost_stress,2022_2024,-0.19941144089666962,-0.54731778666850173,-0.17337845087524817,-0.013320879341792047
ridge_vol40_band2,state_rule_vol40_band2,cost_stress,2022_2024,-0.18158647704714226,-0.51959000924295928,-0.24952982749496944,0.010659923842284147
ridge_vol40_band2,constant_vol40_band2,cost_stress,2022_2024,-0.14429623780341205,-0.42980409761985455,-0.23141398618194242,0.032105390101703324
boosted_vol40_band2,trend_vol40_band2,cost_stress,full,0.02292827546032683,-0.0089325917257205845,-0.10143935890649269,0.027044303514613566
boosted_vol40_band2,allocation_vol40_band2,cost_stress,full,-0.12463332548636363,-0.12525908905067884,0.047544954812770879,-0.04276897472580643
boosted_vol40_band2,fixed_blend_vol40_band2,cost_stress,full,-0.060944865647382995,-0.10896739897218133,-0.054105403076028513,0.0012169413868544643
boosted_vol40_band2,state_rule_vol40_band2,cost_stress,full,-0.02261087347581614,-0.069976181850589514,-0.13410635912374647,0.01496682698636681
boosted_vol40_band2,constant_vol40_band2,cost_stress,full,0.02292827546032683,-0.0089325917257205845,-0.10143935890649269,0.027044303514613566
boosted_vol40_band2,trend_vol40_band2,cost_stress,2020_2021,0.08468131097704501,0.092299388764181645,0,0.00039461269962248746
boosted_vol40_band2,allocation_vol40_band2,cost_stress,2020_2021,-0.21233873732634434,-0.17706472062394951,0.0096304033440441916,-0.011600599137338741
boosted_vol40_band2,fixed_blend_vol40_band2,cost_stress,2020_2021,-0.065520527291309083,-0.054598105372580363,0.0046854179492648029,-0.0045948889908338231
boosted_vol40_band2,state_rule_vol40_band2,cost_stress,2020_2021,0.02325827775073197,0.031471107234277707,0.0096304033440434145,-0.0021534567019779738
boosted_vol40_band2,constant_vol40_band2,cost_stress,2020_2021,0.08468131097704501,0.092299388764181645,0,0.00039461269962248746
boosted_vol40_band2,trend_vol40_band2,cost_stress,2022_2024,-0.00068557914524158825,-0.024865927265523946,-0.12143163927433009,0.051532555852736306
boosted_vol40_band2,allocation_vol40_band2,cost_stress,2022_2024,-0.086323135356477287,-0.16573022293051082,0.057953246262558378,-0.067089008200760414
boosted_vol40_band2,fixed_blend_vol40_band2,cost_stress,2022_2024,-0.055800782238499158,-0.14237961631417112,-0.063396103967635842,0.0061062864092409352
boosted_vol40_band2,state_rule_vol40_band2,cost_stress,2022_2024,-0.037975818388971794,-0.11465183888862868,-0.13954748058735711,0.030087089593317129
boosted_vol40_band2,constant_vol40_band2,cost_stress,2022_2024,-0.00068557914524158825,-0.024865927265523946,-0.12143163927433009,0.051532555852736306
ridge_vol20_exact,trend_vol20_exact,delay_one_day,full,0.0073716888902961575,0.027965038659701236,-2.55351295663786e-15,0.00011955383632061833
ridge_vol20_exact,allocation_vol20_exact,delay_one_day,full,-0.0019126379327585319,0.10320007507085016,0.1274902842962643,-0.021860534430533457
ridge_vol20_exact,fixed_blend_vol20_exact,delay_one_day,full,0.00087588846745445537,0.041840226664298541,0.058652795558290949,-0.0071157345273442918
ridge_vol20_exact,state_rule_vol20_exact,delay_one_day,full,0.0033304466844066294,0.019398360305205031,-0.00078656945234811815,-0.001184312519089431
ridge_vol20_exact,constant_vol20_exact,delay_one_day,full,0.0073716888902961575,0.027965038659701236,-2.55351295663786e-15,0.00011955383632061833
ridge_vol20_exact,trend_vol20_exact,delay_one_day,2020_2021,0.011918238995164421,0.033174428595281524,0,0.00015828813274412767
ridge_vol20_exact,allocation_vol20_exact,delay_one_day,2020_2021,-0.027795054841543543,-0.05745351943163457,0.0041501587612059465,-0.0027501164043895743
ridge_vol20_exact,fixed_blend_vol20_exact,delay_one_day,2020_2021,-0.0089227006360246275,-0.017181501777627117,0.0019967807419711825,-0.0010888406108067739
ridge_vol20_exact,state_rule_vol20_exact,delay_one_day,2020_2021,0.0073493415241907556,0.028768372120102192,0.0041501587612060575,-0.0010263507193570554
ridge_vol20_exact,constant_vol20_exact,delay_one_day,2020_2021,0.011918238995164421,0.033174428595281524,0,0.00015828813274412767
ridge_vol20_exact,trend_vol20_exact,delay_one_day,2022_2024,0.0050035517800188778,0.023902544876407084,0.0033122176853951357,8.2532819210529018e-05
ridge_vol20_exact,allocation_vol20_exact,delay_one_day,2022_2024,0.010821910053808059,0.14691769541705391,0.11768529510154524,-0.036586227312330077
ridge_vol20_exact,fixed_blend_vol20_exact,delay_one_day,2022_2024,0.0057136593926678803,0.065083541655560961,0.042823798755414422,-0.012063366646407642
ridge_vol20_exact,state_rule_vol20_exact,delay_one_day,2022_2024,0.0012807567576602619,0.010774732083900451,-4.4408920985006262e-16,-0.0013386170244475415
ridge_vol20_exact,constant_vol20_exact,delay_one_day,2022_2024,0.0050035517800188778,0.023902544876407084,0.0033122176853951357,8.2532819210529018e-05
boosted_vol20_exact,trend_vol20_exact,delay_one_day,full,-0.019273837330423982,-0.12078257686861127,-0.12895787395578828,0.0092615057931672295
boosted_vol20_exact,allocation_vol20_exact,delay_one_day,full,-0.028558164153478671,-0.045547540457462343,-0.0014675896595214288,-0.012718582473686846
boosted_vol20_exact,fixed_blend_vol20_exact,delay_one_day,full,-0.025769637753265684,-0.10690738886401396,-0.07030507839749478,0.0020262174295023194
boosted_vol20_exact,state_rule_vol20_exact,delay_one_day,full,-0.02331507953631351,-0.12934925522310747,-0.12974444340813385,0.0079576394377571802
boosted_vol20_exact,constant_vol20_exact,delay_one_day,full,-0.019273837330423982,-0.12078257686861127,-0.12895787395578828,0.0092615057931672295
boosted_vol20_exact,trend_vol20_exact,delay_one_day,2020_2021,0.022371986466877436,0.062342693106860025,0,0.00025607249763309747
boosted_vol20_exact,allocation_vol20_exact,delay_one_day,2020_2021,-0.017341307369830528,-0.028285254920056069,0.0041501587612059465,-0.0026523320395006045
boosted_vol20_exact,fixed_blend_vol20_exact,delay_one_day,2020_2021,0.0015310468356883877,0.011986762733951384,0.0019967807419711825,-0.00099105624591780406
boosted_vol20_exact,state_rule_vol20_exact,delay_one_day,2020_2021,0.017803088995903771,0.057936636631680694,0.0041501587612060575,-0.00092856635446808555
boosted_vol20_exact,constant_vol20_exact,delay_one_day,2020_2021,0.022371986466877436,0.062342693106860025,0,0.00025607249763309747
boosted_vol20_exact,trend_vol20_exact,delay_one_day,2022_2024,-0.039253113879023083,-0.22756661880240703,-0.11572574384475487,0.016468417116928674
boosted_vol20_exact,allocation_vol20_exact,delay_one_day,2022_2024,-0.033434755605233901,-0.10455146826176021,-0.0013526664286047652,-0.020200343014611932
boosted_vol20_exact,fixed_blend_vol20_exact,delay_one_day,2022_2024,-0.03854300626637408,-0.18638562202325315,-0.076214162774735583,0.0043225176513105035
boosted_vol20_exact,state_rule_vol20_exact,delay_one_day,2022_2024,-0.042975908901381699,-0.24069443159491366,-0.11903796153015045,0.015047267273270604
boosted_vol20_exact,constant_vol20_exact,delay_one_day,2022_2024,-0.039253113879023083,-0.22756661880240703,-0.11572574384475487,0.016468417116928674
ridge_vol20_band2,trend_vol20_band2,delay_one_day,full,0.0064630035544814834,0.02536445626103534,1.1102230246251565e-15,4.8200159370181961e-06
ridge_vol20_band2,allocation_vol20_band2,delay_one_day,full,-0.0019835812446566958,0.10130801174926729,0.12459050883359568,-0.021269063956457335
ridge_vol20_band2,fixed_blend_vol20_band2,delay_one_day,full,-0.0006224377807664272,0.038084343961651834,0.057114445607507225,-0.0073901612818229878
ridge_vol20_band2,state_rule_vol20_band2,delay_one_day,full,0.0015700039309207714,0.01267278747465217,-0.00035881065312692861,-0.0011692440446643693
ridge_vol20_band2,constant_vol20_band2,delay_one_day,full,0.0064630035544814834,0.02536445626103534,1.1102230246251565e-15,4.8200159370181961e-06
ridge_vol20_band2,trend_vol20_band2,delay_one_day,2020_2021,0.0093924752662832844,0.027871801757872294,0,-3.9459064612501482e-05
ridge_vol20_band2,allocation_vol20_band2,delay_one_day,2020_2021,-0.026082782834239593,-0.055553412205787689,0.0039703278861134006,-0.0025244027422357262
ridge_vol20_band2,fixed_blend_vol20_band2,delay_one_day,2020_2021,-0.01131439428816905,-0.022935025479794868,0.0020570474824322948,-0.0012842601551941168
ridge_vol20_band2,state_rule_vol20_band2,delay_one_day,2020_2021,0.0019132976496389897,0.013552765983991799,0.0039703278861134006,-0.001048276303908996
ridge_vol20_band2,constant_vol20_band2,delay_one_day,2020_2021,0.0093924752662832844,0.027871801757872294,0,-3.9459064612501482e-05
ridge_vol20_band2,trend_vol20_band2,delay_one_day,2022_2024,0.0049095677090722489,0.023752553368151519,0.0032199898895346468,3.8307423330857793e-05
ridge_vol20_band2,allocation_vol20_band2,delay_one_day,2022_2024,0.0099508616863150934,0.14292248756726045,0.11934050403874685,-0.035631835396099154
ridge_vol20_band2,fixed_blend_vol20_band2,delay_one_day,2022_2024,0.0047060036274320094,0.062054168323130932,0.046067931501059589,-0.012363700822053153
ridge_vol20_band2,state_rule_vol20_band2,delay_one_day,2022_2024,0.0013771665876185502,0.011158032200864643,6.6613381477509392e-16,-0.0012844136721926191
ridge_vol20_band2,constant_vol20_band2,delay_one_day,2022_2024,0.0049095677090722489,0.023752553368151519,0.0032199898895346468,3.8307423330857793e-05
boosted_vol20_band2,trend_vol20_band2,delay_one_day,full,-0.01862293370104906,-0.11795273538571771,-0.1248839977503301,0.0088958802886569266
boosted_vol20_band2,allocation_vol20_band2,delay_one_day,full,-0.02706951850018724,-0.04200917989748576,-0.00029348891673552924,-0.012378003683737426
boosted_vol20_band2,fixed_blend_vol20_band2,delay_one_day,full,-0.025708375036296971,-0.10523284768510122,-0.067769552142823986,0.0015008989908969206
boosted_vol20_band2,state_rule_vol20_band2,delay_one_day,full,-0.023515933324609772,-0.13064440417210088,-0.12524280840345814,0.0077218162280555391
boosted_vol20_band2,constant_vol20_band2,delay_one_day,full,-0.01862293370104906,-0.11795273538571771,-0.1248839977503301,0.0088958802886569266
boosted_vol20_band2,trend_vol20_band2,delay_one_day,2020_2021,0.020135311753852303,0.058406999073718824,0,6.1966450605244194e-05
boosted_vol20_band2,allocation_vol20_band2,delay_one_day,2020_2021,-0.015339946346670574,-0.025018214889941159,0.0039703278861134006,-0.0024229772270179806
boosted_vol20_band2,fixed_blend_vol20_band2,delay_one_day,2020_2021,-0.00057155780060003103,0.0076001718360516612,0.0020570474824322948,-0.0011828346399763712
boosted_vol20_band2,state_rule_vol20_band2,delay_one_day,2020_2021,0.012656134137208008,0.044087963299838329,0.0039703278861134006,-0.00094685078869125028
boosted_vol20_band2,constant_vol20_band2,delay_one_day,2020_2021,0.020135311753852303,0.058406999073718824,0,6.1966450605244194e-05
boosted_vol20_band2,trend_vol20_band2,delay_one_day,2022_2024,-0.037320175644326881,-0.21930069566111698,-0.11628632838913278,0.015927762642469423
boosted_vol20_band2,allocation_vol20_band2,delay_one_day,2022_2024,-0.032278881667084036,-0.10013076146200806,-0.00016581423992056976,-0.019742380176960589
boosted_vol20_band2,fixed_blend_vol20_band2,delay_one_day,2022_2024,-0.03752373972596712,-0.18099908070613757,-0.073438386777607834,0.0035257543970854122
boosted_vol20_band2,state_rule_vol20_band2,delay_one_day,2022_2024,-0.040852576765780579,-0.23189521682840386,-0.11950631827866676,0.014605041546945946
boosted_vol20_band2,constant_vol20_band2,delay_one_day,2022_2024,-0.037320175644326881,-0.21930069566111698,-0.11628632838913278,0.015927762642469423
ridge_vol40_exact,trend_vol40_exact,delay_one_day,full,-0.11586555046467062,-0.25494208812828212,-0.24690677767930103,0.019664640337672235
ridge_vol40_exact,allocation_vol40_exact,delay_one_day,full,-0.23189801130413534,-0.30460299440216587,-0.02170324217444386,-0.051259602163059248
ridge_vol40_exact,fixed_blend_vol40_exact,delay_one_day,full,-0.18060831749020267,-0.31331456018243709,-0.13397038070376677,-0.0061445420135650131
ridge_vol40_exact,state_rule_vol40_exact,delay_one_day,full,-0.14851108845811822,-0.28659475540325163,-0.23275435552031798,0.0069733383919728942
ridge_vol40_exact,constant_vol40_exact,delay_one_day,full,-0.11586555046467062,-0.25494208812828212,-0.24690677767930103,0.019664640337672235
ridge_vol40_exact,trend_vol40_exact,delay_one_day,2020_2021,0.069092492291803254,0.062629841932684949,-0.0090656377891292772,0.0043736200829398442
ridge_vol40_exact,allocation_vol40_exact,delay_one_day,2020_2021,-0.22513568383974603,-0.19817716764551641,-0.00154619875614459,-0.0084312114631138746
ridge_vol40_exact,fixed_blend_vol40_exact,delay_one_day,2020_2021,-0.076491279994530093,-0.076998840378377675,-0.005423071045001282,-0.00085088149508327771
ridge_vol40_exact,state_rule_vol40_exact,delay_one_day,2020_2021,0.019940163332794025,0.018003342449659954,-0.0015461987561448121,0.0010862484132537764
ridge_vol40_exact,constant_vol40_exact,delay_one_day,2020_2021,0.069092492291803254,0.062629841932684949,-0.0090656377891292772,0.0043736200829398442
ridge_vol40_exact,trend_vol40_exact,delay_one_day,2022_2024,-0.17388631786138165,-0.50873198578811218,-0.22350583304866534,0.034065041932287321
ridge_vol40_exact,allocation_vol40_exact,delay_one_day,2022_2024,-0.21822958518972024,-0.51642586386118139,-0.025429626020269547,-0.086218378323160483
ridge_vol40_exact,fixed_blend_vol40_exact,delay_one_day,2022_2024,-0.2048889674787826,-0.54199648511690324,-0.15885360731144049,-0.011250623556189443
ridge_vol40_exact,state_rule_vol40_exact,delay_one_day,2022_2024,-0.19867161165789193,-0.55035717891078406,-0.21543278616681971,0.012038631930783916
ridge_vol40_exact,constant_vol40_exact,delay_one_day,2022_2024,-0.17388631786138165,-0.50873198578811218,-0.22350583304866534,0.034065041932287321
boosted_vol40_exact,trend_vol40_exact,delay_one_day,full,-0.0060206671597740069,-0.069882781817176776,-0.21581808609031072,0.029547867760481461
boosted_vol40_exact,allocation_vol40_exact,delay_one_day,full,-0.12205312799923873,-0.11954368809106053,0.0093854494145464429,-0.041376374740250021
boosted_vol40_exact,fixed_blend_vol40_exact,delay_one_day,full,-0.070763434185306062,-0.12825525387133174,-0.10288168911477646,0.0037386854092442134
boosted_vol40_exact,state_rule_vol40_exact,delay_one_day,full,-0.038666205153221611,-0.10153544909214629,-0.20166566393132768,0.016856565814782121
boosted_vol40_exact,constant_vol40_exact,delay_one_day,full,-0.0060206671597740069,-0.069882781817176776,-0.21581808609031072,0.029547867760481461
boosted_vol40_exact,trend_vol40_exact,delay_one_day,2020_2021,0.10316954585001037,0.10702857368581875,0,0.0015566039487733829
boosted_vol40_exact,allocation_vol40_exact,delay_one_day,2020_2021,-0.19105863028153891,-0.1537784358923826,0.0075194390329846872,-0.011248227597280336
boosted_vol40_exact,fixed_blend_vol40_exact,delay_one_day,2020_2021,-0.042414226436322977,-0.032600108625243873,0.0036425667441279952,-0.0036678976292497389
boosted_vol40_exact,state_rule_vol40_exact,delay_one_day,2020_2021,0.054017216891001141,0.062402074202793756,0.0075194390329844651,-0.0017307677209126848
boosted_vol40_exact,constant_vol40_exact,delay_one_day,2020_2021,0.10316954585001037,0.10702857368581875,0,0.0015566039487733829
boosted_vol40_exact,trend_vol40_exact,delay_one_day,2022_2024,-0.046089155277219573,-0.16047105541331602,-0.18657292852806195,0.055298757190373249
boosted_vol40_exact,allocation_vol40_exact,delay_one_day,2022_2024,-0.090432422605558171,-0.16816493348638523,0.011503278500333836,-0.064984663065074555
boosted_vol40_exact,fixed_blend_vol40_exact,delay_one_day,2022_2024,-0.07709180489462053,-0.19373555474210707,-0.12192070279083711,0.0099830917018964849
boosted_vol40_exact,state_rule_vol40_exact,delay_one_day,2022_2024,-0.070874449073729862,-0.2020962485359879,-0.17849988164621633,0.033272347188869844
boosted_vol40_exact,constant_vol40_exact,delay_one_day,2022_2024,-0.046089155277219573,-0.16047105541331602,-0.18657292852806195,0.055298757190373249
ridge_vol40_band2,trend_vol40_band2,delay_one_day,full,-0.11505674108650421,-0.25426267974986938,-0.24534503991497814,0.019371878274613563
ridge_vol40_band2,allocation_vol40_band2,delay_one_day,full,-0.23125814049440607,-0.30405467361464533,-0.023655594200399754,-0.050773939818672176
ridge_vol40_band2,fixed_blend_vol40_band2,delay_one_day,full,-0.18006979893070407,-0.31226890665673779,-0.13458611178853475,-0.0065806750817353765
ridge_vol40_band2,state_rule_vol40_band2,delay_one_day,full,-0.14829515438036212,-0.28697931809853483,-0.23054043149126935,0.0067981158694195853
ridge_vol40_band2,constant_vol40_band2,delay_one_day,full,-0.11505674108650421,-0.25426267974986938,-0.24534503991497814,0.019371878274613563
ridge_vol40_band2,trend_vol40_band2,delay_one_day,2020_2021,0.069584821828923893,0.063118626220745933,-0.008997529044435626,0.0043670668020418524
ridge_vol40_band2,allocation_vol40_band2,delay_one_day,2020_2021,-0.22081892044474039,-0.19503995988127287,-0.00081834934313385066,-0.0081816136064127853
ridge_vol40_band2,fixed_blend_vol40_band2,delay_one_day,2020_2021,-0.075016214630143185,-0.075119938634472305,-0.0043923531939572547,-0.0010095815365946947
ridge_vol40_band2,state_rule_vol40_band2,delay_one_day,2020_2021,0.019585998234306068,0.017474181181183823,-0.00081834934313440577,0.0011291780271041607
ridge_vol40_band2,constant_vol40_band2,delay_one_day,2020_2021,0.069584821828923893,0.063118626220745933,-0.008997529044435626,0.0043670668020418524
ridge_vol40_band2,trend_vol40_band2,delay_one_day,2022_2024,-0.17275655646864496,-0.50702353349786244,-0.22321435237516696,0.033444269260203219
ridge_vol40_band2,allocation_vol40_band2,delay_one_day,2022_2024,-0.21880930878125648,-0.51839464461604945,-0.027916031674551256,-0.085472958455797943
ridge_vol40_band2,fixed_blend_vol40_band2,delay_one_day,2022_2024,-0.2045486426623776,-0.54199668180839677,-0.15921221090740412,-0.011923655496772156
ridge_vol40_band2,state_rule_vol40_band2,delay_one_day,2022_2024,-0.1980150360089975,-0.55011332915126787,-0.21473386739358302,0.011643792371247519
ridge_vol40_band2,constant_vol40_band2,delay_one_day,2022_2024,-0.17275655646864496,-0.50702353349786244,-0.22321435237516696,0.033444269260203219
boosted_vol40_band2,trend_vol40_band2,delay_one_day,full,-0.0063899098165218771,-0.071049416011575328,-0.21251372430682869,0.029295380003370619
boosted_vol40_band2,allocation_vol40_band2,delay_one_day,full,-0.12259130922442374,-0.12084140987635128,0.0091757214077496929,-0.04085043808991512
boosted_vol40_band2,fixed_blend_vol40_band2,delay_one_day,full,-0.071402967660721739,-0.12905564291844374,-0.1017547961803853,0.0033428266470216794
boosted_vol40_band2,state_rule_vol40_band2,delay_one_day,full,-0.039628323110379782,-0.10376605436024078,-0.1977091158831199,0.016721617598176641
boosted_vol40_band2,constant_vol40_band2,delay_one_day,full,-0.0063899098165218771,-0.071049416011575328,-0.21251372430682869,0.029295380003370619
boosted_vol40_band2,trend_vol40_band2,delay_one_day,2020_2021,0.10259897435381271,0.10710594287042685,0,0.0014151004967481451
boosted_vol40_band2,allocation_vol40_band2,delay_one_day,2020_2021,-0.18780476791985157,-0.15105264323159195,0.0081791797013017753,-0.011133579911706493
boosted_vol40_band2,fixed_blend_vol40_band2,delay_one_day,2020_2021,-0.042002062105254367,-0.031132621984791387,0.0046051758504783713,-0.003961547841888402
boosted_vol40_band2,state_rule_vol40_band2,delay_one_day,2020_2021,0.052600150759194886,0.061461497830864742,0.0081791797013012202,-0.0018227882781895466
boosted_vol40_band2,constant_vol40_band2,delay_one_day,2020_2021,0.10259897435381271,0.10710594287042685,0,0.0014151004967481451
boosted_vol40_band2,trend_vol40_band2,delay_one_day,2022_2024,-0.046224200703452789,-0.1612101155368858,-0.18430457610913009,0.054836607843263829
boosted_vol40_band2,allocation_vol40_band2,delay_one_day,2022_2024,-0.092276953016064311,-0.17258122665507281,0.01099374459148561,-0.064080619872737332
boosted_vol40_band2,fixed_blend_vol40_band2,delay_one_day,2022_2024,-0.078016286897185427,-0.19618326384742013,-0.12030243464136725,0.0094686830862884541
boosted_vol40_band2,state_rule_vol40_band2,delay_one_day,2022_2024,-0.07148268024380533,-0.20429991119029123,-0.17582409112754616,0.033036130954308129
boosted_vol40_band2,constant_vol40_band2,delay_one_day,2022_2024,-0.046224200703452789,-0.1612101155368858,-0.18430457610913009,0.054836607843263829
