policy,family,role,scenario,period,observations,first_date,last_date,cagr,cash_excess_sharpe,max_drawdown,annual_volatility,calmar,certainty_equivalent_gamma3,terminal_nav,mean_risky_exposure,annual_one_way_turnover,annual_arithmetic_execution_drag,worst_day,longest_underwater_days,pareto_cagr_sharpe_drawdown
trend_ensemble_vol20,trend_ensemble,candidate,frictionless,full,2555,2018-01-03,2024-12-31,0.19736979091680662,1.0179500797424605,-0.25634546221881616,0.19562478681809431,0.76993674554820879,0.14173268151464369,3.5237824677331102,0.27040992622189841,7.6656502026552662,0,-0.10679220806874756,730,True
trend_ensemble_vol20,trend_ensemble,candidate,frictionless,through_2020,1094,2018-01-03,2020-12-31,0.17572946984130877,0.90410977868848419,-0.25634546221881616,0.20134168706292799,0.68551816100144702,0.12122727570721084,1.6232778447102254,0.23817328561175782,7.3705939838905969,0,-0.10679220806874756,523,True
trend_ensemble_vol20,trend_ensemble,candidate,frictionless,2021_2024,1461,2021-01-01,2024-12-31,0.21398046166022611,1.1079089125978312,-0.21756836282593028,0.19129888771546741,0.98350908597600306,0.15704884600825558,2.1707820871307284,0.29454879331806116,7.8917886254720067,0,-0.053382165311435581,730,True
trend_ensemble_vol40,trend_ensemble,candidate,frictionless,full,2555,2018-01-03,2024-12-31,0.32427114791328537,0.97917848110076577,-0.38745067324728599,0.34949575415025685,0.83693530635917357,0.15899779844643003,7.1272180315597708,0.45617122953874711,10.842674757445369,0,-0.21358600182123311,792,True
trend_ensemble_vol40,trend_ensemble,candidate,frictionless,through_2020,1094,2018-01-03,2020-12-31,0.29334581932913828,0.8968958205116716,-0.38745067324728599,0.3600808066157507,0.75711784643593494,0.12846768956056384,2.1592497651687212,0.40198082433883986,10.246261816110513,0,-0.21358600182123311,527,True
trend_ensemble_vol40,trend_ensemble,candidate,frictionless,2021_2024,1461,2021-01-01,2024-12-31,0.34816514615215133,1.0444134863104866,-0.36360887308871126,0.34147726495890923,0.95752653997309889,0.18173337706577852,3.3007844421383337,0.49674912364463247,11.296593948977179,0,-0.10677139804389391,792,False
trend_ensemble_uncapped,trend_ensemble,candidate,frictionless,full,2555,2018-01-03,2024-12-31,0.35859837627440094,0.84451647354209558,-0.6773705079688237,0.537295491792942,0.52939768126265341,0.020725225727512231,8.5238457835654451,0.60774336644622351,11.754801865261959,0,-0.34598551999333316,1044,True
trend_ensemble_uncapped,trend_ensemble,candidate,frictionless,through_2020,1094,2018-01-03,2020-12-31,0.20527407555590438,0.62471275002252868,-0.6773705079688237,0.57081064941556103,0.30304548713147134,-0.13214450569078112,1.7484247423943069,0.56292067394686085,11.893567740842935,0,-0.34598551999333316,1044,False
trend_ensemble_uncapped,trend_ensemble,candidate,frictionless,2021_2024,1461,2021-01-01,2024-12-31,0.48632905071603094,1.0304978245480427,-0.46204469137353321,0.51092797304904369,1.0525584641397068,0.13493907426177409,4.8751573784598667,0.64130669676402152,11.658968782971035,0,-0.1856720255915798,833,True
breakout_vol20,breakout,candidate,frictionless,full,2555,2018-01-03,2024-12-31,0.11918519523800208,0.79612414947120924,-0.21366059420311401,0.15676531150677581,0.55782487960648486,0.087941605952196383,2.1975841243203647,0.14736028172866258,2.6250157117546808,0,-0.089173794208135648,756,True
breakout_vol20,breakout,candidate,frictionless,through_2020,1094,2018-01-03,2020-12-31,0.071706738877564069,0.54548904869860604,-0.21366059420311401,0.14662524049151499,0.33561050012524479,0.047734021227128935,1.2302728502347844,0.098683701603676427,2.0442217215271596,0,-0.089173794208135648,528,True
breakout_vol20,breakout,candidate,frictionless,2021_2024,1461,2021-01-01,2024-12-31,0.15618986567738435,0.96579850577509285,-0.19415124923965754,0.16397582041756903,0.80447520316794774,0.11803549782011086,1.786257515071549,0.18380941154162278,3.0616135521864867,0,-0.053570236526975901,756,False
breakout_vol40,breakout,candidate,frictionless,full,2555,2018-01-03,2024-12-31,0.22267700073287977,0.8264561984324803,-0.38579646805935741,0.29665950578098088,0.57718776393416693,0.11316579382128414,4.0787287365532245,0.2742760072143488,3.7716317525923513,0,-0.17834931537305232,1041,True
breakout_vol40,breakout,candidate,frictionless,through_2020,1094,2018-01-03,2020-12-31,0.13180528521635804,0.57532842218522595,-0.38579646805935741,0.28861223707680572,0.34164461349106728,0.041101287895029523,1.4484726551546439,0.19432111608141059,3.3235260726775819,0,-0.17834931537305232,1041,False
breakout_vol40,breakout,candidate,frictionless,2021_2024,1461,2021-01-01,2024-12-31,0.29562887774343682,1.0060207835310953,-0.28014148834764707,0.30260632668342274,1.0552841690359351,0.16707237044827197,2.8158824552457609,0.33414640481834224,4.1096804785508674,0,-0.10714740165771697,792,True
breakout_uncapped,breakout,candidate,frictionless,full,2555,2018-01-03,2024-12-31,0.25952861681937311,0.73453280495268092,-0.6434578323929625,0.45900970385168899,0.40333430374793833,0.021122822925657703,5.0199778317231134,0.3899675149025692,3.6811744675234084,0,-0.21660745348321109,1081,False
breakout_uncapped,breakout,candidate,frictionless,through_2020,1094,2018-01-03,2020-12-31,0.083290185101122072,0.41111618436901742,-0.6434578323929625,0.46858761340475336,0.12944155919490991,-0.13671757548899746,1.270494613867303,0.29917315346035878,3.4976045098723332,0,-0.21660745348321109,1081,False
breakout_uncapped,breakout,candidate,frictionless,2021_2024,1461,2021-01-01,2024-12-31,0.4102120534421263,0.98580440071688069,-0.40364954374189177,0.45178321906045621,1.0162579391008326,0.13920776998289403,3.9511996170079149,0.45795453161562755,3.8211218224413179,0,-0.16213042983915915,827,True
rotation_vol20,rotation,candidate,frictionless,full,2555,2018-01-03,2024-12-31,0.15801600510295954,0.93228161245449992,-0.21678641288743561,0.1733210736923278,0.7289017932364974,0.11652375817543659,2.7894733749503469,0.19742549113507044,7.1520737361034934,0,-0.089173794208135426,730,True
rotation_vol20,rotation,candidate,frictionless,through_2020,1094,2018-01-03,2020-12-31,0.094759794930796781,0.62170327416564952,-0.21678641288743561,0.16820952966740241,0.43711131924121072,0.06213474653369494,1.3111744674473402,0.13725647563400908,3.9880794061604217,0,-0.089173794208135426,535,True
rotation_vol20,rotation,candidate,frictionless,2021_2024,1461,2021-01-01,2024-12-31,0.20787383850948737,1.1535788256813126,-0.16576923397044763,0.17707631870778376,1.2539952892980486,0.15723745782024415,2.1274616339814831,0.24248018172929431,9.5256339253938229,0,-0.053571784679651291,730,True
rotation_vol40,rotation,candidate,frictionless,full,2555,2018-01-03,2024-12-31,0.29718006646586659,0.93137397773063524,-0.40719532050319129,0.34191923900209181,0.72982190978674943,0.14309153269235564,6.1680952999720908,0.38852755316175264,13.095722000217405,0,-0.17834931537305243,752,False
rotation_vol40,rotation,candidate,frictionless,through_2020,1094,2018-01-03,2020-12-31,0.16465105934496482,0.62172266503437668,-0.40719532050319129,0.33642045449186864,0.40435400667546328,0.039392138237987651,1.5779349074215179,0.274276386394044,7.2890434619487507,0,-0.17834931537305243,535,False
rotation_vol40,rotation,candidate,frictionless,2021_2024,1461,2021-01-01,2024-12-31,0.40642597371991074,1.1568127305276656,-0.31140707872280626,0.34603233719403537,1.3051276014238711,0.22068704526435212,3.9089668851114077,0.47407907707953045,17.451746222359773,0,-0.10715076003951252,752,True
rotation_uncapped,rotation,candidate,frictionless,full,2555,2018-01-03,2024-12-31,0.27307160167622957,0.70424215242783406,-0.83647576040213911,0.67943024745290448,0.32645488919481574,-0.21395477184006312,5.4097895038106962,0.66418786692758347,18.591425215348309,0,-0.43322542520938689,1098,False
rotation_uncapped,rotation,candidate,frictionless,through_2020,1094,2018-01-03,2020-12-31,-0.030056731722131969,0.34828884311734382,-0.83647576040213911,0.7425515148322599,-0.035932579454163831,-0.56845172021356682,0.91272256533105733,0.59049360146251439,11.696020128087776,0,-0.43322542520938689,1090,False
rotation_uncapped,rotation,candidate,frictionless,2021_2024,1461,2021-01-01,2024-12-31,0.56078373525598257,1.0238243830102316,-0.57259268474744318,0.62815052833493024,0.97937635284902524,0.051256197738882903,5.9270907823435968,0.71937029431894939,23.766267123287431,0,-0.27608443227999946,825,True
equal_weight_vol20,equal_weight,control,frictionless,full,2555,2018-01-03,2024-12-31,0.1780136802926322,0.85531462463648078,-0.38154449598599294,0.21965165322323971,0.46656073450255547,0.1155009981818642,3.1442468927334617,0.31718460066025372,3.1390305605268294,0,-0.11180996597552073,925,False
equal_weight_vol20,equal_weight,control,frictionless,through_2020,1094,2018-01-03,2020-12-31,0.14458869260698504,0.71852791190086018,-0.38154449598599294,0.22229720275431297,0.37895630556361926,0.085602675387870447,1.497982626989109,0.27239524464793641,3.0508157237697655,0,-0.11180996597552073,925,False
equal_weight_vol20,equal_weight,control,frictionless,2021_2024,1461,2021-01-01,2024-12-31,0.20380905188497089,0.95970279523824487,-0.34051979263690979,0.2177194391691695,0.59852336425650554,0.13784332306014846,2.0989875557190345,0.35072296854353574,3.2072208667843616,0,-0.057394381053734067,755,False
equal_weight_vol40,equal_weight,control,frictionless,full,2555,2018-01-03,2024-12-31,0.3121666568507242,0.84350267808358181,-0.63372018450672429,0.43461699164795897,0.49259383633757658,0.083262702252000054,6.683972200259185,0.62322088872182657,4.7911966508542143,0,-0.22362140330843339,930,False
equal_weight_vol40,equal_weight,control,frictionless,through_2020,1094,2018-01-03,2020-12-31,0.24519864189701712,0.71854413390879646,-0.63372018450672429,0.44459559098813634,0.38691941316004486,0.022963694577104565,1.9275198303189034,0.54444868936935142,5.0176589898109425,0,-0.22362140330843339,930,False
equal_weight_vol40,equal_weight,control,frictionless,2021_2024,1461,2021-01-01,2024-12-31,0.36490183273525201,0.94091388012755972,-0.58621457670275534,0.42713623762780129,0.62247144175037861,0.12823036644721159,3.4676541818785376,0.68220568413018234,4.6249417605604828,0,-0.11478677571158979,825,False
equal_weight_uncapped,equal_weight,control,frictionless,full,2555,2018-01-03,2024-12-31,0.29599539502752714,0.72808517881402235,-0.88009267539978864,0.74865191931105735,0.33632298427329715,-0.29563717789114263,6.1288135172897196,0.99960861056750039,3.5365179133190567,0,-0.41067454865436237,1098,False
equal_weight_uncapped,equal_weight,control,frictionless,through_2020,1094,2018-01-03,2020-12-31,0.13075489990790579,0.57836176229788516,-0.88009267539978864,0.83301394716167931,0.14856946724219627,-0.55908493974967544,1.4444536777725372,0.9999999999999859,3.9342056845908888,0,-0.41067454865436237,1077,False
equal_weight_uncapped,equal_weight,control,frictionless,2021_2024,1461,2021-01-01,2024-12-31,0.43557430124666463,0.87265739076552418,-0.76296704941400972,0.67893856941125064,0.57089529827166685,-0.098955611078793693,4.2429976202080883,0.99931553730320266,3.2412191351774173,0,-0.20950024841028192,1098,False
btc_buy_hold,btc_buy_hold,benchmark,frictionless,full,2555,2018-01-03,2024-12-31,0.30010419418034084,0.73019430319070378,-0.81384865421874752,0.68775921927008998,0.36874693178478657,-0.20732125165859971,6.2659794121308146,0.99960861056749906,0.28602192638997415,0,-0.38812428745093797,1045,False
btc_buy_hold,btc_buy_hold,benchmark,frictionless,through_2020,1094,2018-01-03,2020-12-31,0.25243571213924709,0.68736132400663463,-0.81384865421874752,0.7663907053958271,0.31017525289339243,-0.35424474000841577,1.961238086475545,0.99999999999997136,0.33417200365964761,0,-0.38812428745093797,1045,False
btc_buy_hold,btc_buy_hold,benchmark,frictionless,2021_2024,1461,2021-01-01,2024-12-31,0.33721438913699964,0.77693601537799684,-0.76670598287257896,0.62268347487662534,0.43982230042548431,-0.097816847014273123,3.1949101209792885,0.9993155373032111,0.25017123287671178,0,-0.15417808941374822,846,False
eth_buy_hold,eth_buy_hold,benchmark,frictionless,full,2555,2018-01-03,2024-12-31,0.21393470143364768,0.66738784876923407,-0.94011630423802584,0.88099270418413467,0.22756195214276601,-0.57625839161167181,3.8791213872831576,0.99960861056748795,0.28602192638997398,0,-0.4332254252093658,1149,False
eth_buy_hold,eth_buy_hold,benchmark,frictionless,through_2020,1094,2018-01-03,2020-12-31,-0.051820254309533631,0.44783370488140661,-0.94011630423802584,0.97537759840854743,-0.055121110096622024,-0.99023522566221001,0.85279768786126808,0.9999999999999456,0.33417200365964761,0,-0.4332254252093658,1083,False
eth_buy_hold,eth_buy_hold,benchmark,frictionless,2021_2024,1461,2021-01-01,2024-12-31,0.46077891260583148,0.87274501407125082,-0.79350360564433819,0.8033851854992845,0.58068912268101325,-0.26699121939637238,4.5487006384968289,0.9993155373032111,0.25017123287671139,0,-0.27608443228000235,1149,False
mix_buy_hold,mix_buy_hold,benchmark,frictionless,full,2555,2018-01-03,2024-12-31,0.26140661031993306,0.69078312100787509,-0.87849214211119286,0.73717798023149383,0.29756283270982997,-0.30591695588468393,5.0725503997069339,0.99960861056749584,0.28602192638997409,0,-0.40144038732506537,1108,False
mix_buy_hold,mix_buy_hold,benchmark,frictionless,through_2020,1094,2018-01-03,2020-12-31,0.12087602698411049,0.5594382456432403,-0.87849214211119286,0.81030218880170157,0.13759488695439112,-0.53157042082114103,1.4070178871683994,0.99999999999996381,0.33417200365964761,0,-0.40144038732506537,1078,False
mix_buy_hold,mix_buy_hold,benchmark,frictionless,2021_2024,1461,2021-01-01,2024-12-31,0.37824698853316363,0.81336783482792452,-0.7686086878841798,0.67755344967601883,0.4921190646106266,-0.13751783340863555,3.6051783321073381,0.9993155373032111,0.25017123287671161,0,-0.21932704155986937,1108,False
usd_cash,usd_cash,benchmark,frictionless,full,2555,2018-01-03,2024-12-31,0,,0,0,,0,1,0,0,0,0,0,False
usd_cash,usd_cash,benchmark,frictionless,through_2020,1094,2018-01-03,2020-12-31,0,,0,0,,0,1,0,0,0,0,0,False
usd_cash,usd_cash,benchmark,frictionless,2021_2024,1461,2021-01-01,2024-12-31,0,,0,0,,0,1,0,0,0,0,0,False
trend_ensemble_vol20,trend_ensemble,candidate,base,full,2555,2018-01-03,2024-12-31,0.17014705597456836,0.90044693156033406,-0.27132634024180724,0.19563057619849428,0.62709376399995864,0.11874796854168197,3.0003320530248914,0.27040992622190213,7.6646327060120631,0.022993835274357551,-0.10680675272775353,756,True
trend_ensemble_vol20,trend_ensemble,candidate,base,through_2020,1094,2018-01-03,2020-12-31,0.15001732753706398,0.79445471014238633,-0.27132634024180724,0.20133108631978328,0.55290366354909692,0.099147120346779166,1.5193439584653141,0.23817328561176104,7.3693518517551784,0.022107972837564372,-0.10680675272775353,527,True
trend_ensemble_vol20,trend_ensemble,candidate,base,2021_2024,1461,2021-01-01,2024-12-31,0.18557465421495567,0.98417584306894268,-0.23314165513626128,0.1913178754872531,0.79597382160856345,0.13338663718039223,1.9747549831017457,0.29454879331806527,7.8909386008126026,0.023672767794007756,-0.053404773431164343,756,True
trend_ensemble_vol40,trend_ensemble,candidate,base,full,2555,2018-01-03,2024-12-31,0.28188826272021972,0.8861686666360642,-0.40163302137638823,0.34948654838455279,0.70185529505067679,0.12649275733655693,5.6772652261523708,0.45617122953875372,10.84009106564638,0.032520157288769357,-0.21361072943420367,827,True
trend_ensemble_vol40,trend_ensemble,candidate,base,through_2020,1094,2018-01-03,2020-12-31,0.25419602782469553,0.8116859036299966,-0.40163302137638823,0.36003485387432155,0.63290619619266086,0.097797571698816366,1.9694985294606917,0.40198082433884569,10.243775337397377,0.0307311305816278,-0.21361072943420367,528,True
trend_ensemble_vol40,trend_ensemble,candidate,base,2021_2024,1461,2021-01-01,2024-12-31,0.30324062891295589,0.94520400847341779,-0.38970085742655447,0.34149740272428109,0.77813693024811104,0.14785399983710681,2.8825942955676904,0.49674912364463969,11.293935710880497,0.033881750677943655,-0.10681064431360499,827,False
trend_ensemble_uncapped,trend_ensemble,candidate,base,full,2555,2018-01-03,2024-12-31,0.3115253544035359,0.77892743623376148,-0.69638622386030868,0.53728147201077947,0.4473456592473119,-0.014503790719847032,6.6611633555754821,0.60774336644623206,11.750750745784972,0.03525191245692106,-0.34601456851678092,1067,True
trend_ensemble_uncapped,trend_ensemble,candidate,base,through_2020,1094,2018-01-03,2020-12-31,0.16303438042230178,0.56230823104722127,-0.69638622386030868,0.57075597150266277,0.23411488458020616,-0.16770278781362202,1.5713893558758851,0.56292067394686895,11.887865708021216,0.035662972677572367,-0.34601456851678092,1067,False
trend_ensemble_uncapped,trend_ensemble,candidate,base,2021_2024,1461,2021-01-01,2024-12-31,0.43523817675292098,0.96205218771641943,-0.4782466116754116,0.51094763737523075,0.91007059146363456,0.09995706013638106,4.2390279217988835,0.6413066967640304,11.656150812238099,0.03496832553314369,-0.18571610643758951,840,True
breakout_vol20,breakout,candidate,base,full,2555,2018-01-03,2024-12-31,0.11040580139039124,0.7461840959770073,-0.21891240763025388,0.15669886972338312,0.50433779695515568,0.080094400786282771,2.079838527140037,0.14736028172866464,2.6244478259996544,0.0078733366649367479,-0.089190061190453807,1041,True
breakout_vol20,breakout,candidate,base,through_2020,1094,2018-01-03,2020-12-31,0.065154139803782929,0.50419482382841252,-0.21891240763025388,0.14643429737241606,0.29762652792997091,0.041666909595692934,1.2079000187646325,0.098683701603677801,2.0439086572728851,0.0061316913803181362,-0.089190061190453807,1041,True
breakout_vol20,breakout,candidate,base,2021_2024,1461,2021-01-01,2024-12-31,0.14561863247146678,0.90976232536579638,-0.19976076426674172,0.16399412592351559,0.72896513490017167,0.10885456734038196,1.7218631466428487,0.18380941154162539,3.0608545104135993,0.0091825775092881732,-0.054104753462381416,790,True
breakout_vol40,breakout,candidate,base,full,2555,2018-01-03,2024-12-31,0.20891975190512069,0.78854027640074653,-0.39576588601966856,0.29654800721573144,0.5278872163699776,0.10192896670055121,3.7684428680295539,0.2742760072143528,3.7704869751766115,0.011311445592139618,-0.17837253300547862,1042,True
breakout_vol40,breakout,candidate,base,through_2020,1094,2018-01-03,2020-12-31,0.12057596698014672,0.54112048139509128,-0.39576588601966856,0.28829995972004402,0.30466488204128439,0.031329712828027143,1.4058910419733222,0.19432111608141345,3.3225458485720143,0.0099675657455889251,-0.17837253300547862,1042,False
breakout_vol40,breakout,candidate,base,2021_2024,1461,2021-01-01,2024-12-31,0.27975222006028111,0.96525199232877135,-0.28512129801884201,0.30263920124094962,0.98116914451544734,0.15473736276297462,2.6804658081753598,0.33414640481834712,4.1084117274738734,0.012325262111230062,-0.10815537945069087,792,True
breakout_uncapped,breakout,candidate,base,full,2555,2018-01-03,2024-12-31,0.24569618503398005,0.71058102756285879,-0.64946480129198259,0.45888789010296632,0.37830562109788823,0.010209884960789894,4.6469347503037177,0.3899675149025747,3.6792064549134333,0.011037659781296828,-0.21662529461224234,1084,False
breakout_uncapped,breakout,candidate,base,through_2020,1094,2018-01-03,2020-12-31,0.071984587713064707,0.38873460806468824,-0.64946480129198259,0.46827385233746516,0.11083678063825093,-0.14688634871910899,1.2312275705469389,0.29917315346036305,3.4952185608693274,0.01048569994728182,-0.21662529461224234,1083,False
breakout_uncapped,breakout,candidate,base,2021_2024,1461,2021-01-01,2024-12-31,0.39413821715650577,0.96043862135211477,-0.4063321991440294,0.45181083415836903,0.96999011642884514,0.12773702987669106,3.774228957721808,0.45795453161563399,3.8194653416566666,0.011458433588392514,-0.16215397256948272,831,True
rotation_vol20,rotation,candidate,base,full,2555,2018-01-03,2024-12-31,0.13343363077902559,0.80852795990437432,-0.22160784007665402,0.17333502538294387,0.60211602050212198,0.095078667916085852,2.4008394011571035,0.19742549113507329,7.1481683050455596,0.021444542290420733,-0.089190061190453807,755,True
rotation_vol20,rotation,candidate,base,through_2020,1094,2018-01-03,2020-12-31,0.081739689014233896,0.55116221142622579,-0.22160784007665402,0.16799872929278362,0.36884836288264977,0.050259191587821495,1.265060744110506,0.13725647563401111,3.9867779405563106,0.011960478112311348,-0.089190061190453807,535,True
rotation_vol20,rotation,candidate,base,2021_2024,1461,2021-01-01,2024-12-31,0.17384452439184073,0.99149866075825521,-0.20651788578867847,0.17725995106059247,0.84178919287276122,0.12862136870764584,1.8978056289662033,0.24248018172929778,9.5197764123687065,0.028559286597930309,-0.05359761329826962,755,True
rotation_vol40,rotation,candidate,base,full,2555,2018-01-03,2024-12-31,0.2472051203803558,0.81652804152844827,-0.4141611492849635,0.34192950192372562,0.59688148153719356,0.10382135011786689,4.6864379508339304,0.38852755316175752,13.080168972902481,0.039240667937442408,-0.17837253300547862,949,False
rotation_vol40,rotation,candidate,base,through_2020,1094,2018-01-03,2020-12-31,0.13945985422593776,0.55712052664170675,-0.4141611492849635,0.33598768383781707,0.33672847988448679,0.017854049828800511,1.4779855692852306,0.27427638639404794,7.2837006051770015,0.021851685894338654,-0.17837253300547862,949,False
rotation_vol40,rotation,candidate,base,2021_2024,1461,2021-01-01,2024-12-31,0.33468563614516444,1.0049342150142511,-0.36487150499047938,0.34638273330648278,0.91726986505536356,0.16812036329053595,3.1708279486790674,0.47407907707953595,17.42853890091402,0.052285461116243694,-0.10719341434412366,756,True
rotation_uncapped,rotation,candidate,base,full,2555,2018-01-03,2024-12-31,0.20401056459755118,0.62224035876237938,-0.84599869848578813,0.67919785014560063,0.24114761046642241,-0.26934026551837331,3.662730887722256,0.66418786692758391,18.546083753438317,0.055638890681426086,-0.43322542520938701,1122,False
rotation_uncapped,rotation,candidate,base,through_2020,1094,2018-01-03,2020-12-31,-0.063498689158316801,0.30066088585601758,-0.84599869848578813,0.74157024088618406,-0.075057667667775385,-0.60192846770268915,0.82174994691696968,0.59049360146251473,11.667034121788463,0.035002725424674974,-0.43322542520938701,1090,False
rotation_uncapped,rotation,candidate,base,2021_2024,1461,2021-01-01,2024-12-31,0.45337428849873374,0.91016545614960631,-0.5725926847474434,0.62860275889046147,0.79179196761604809,-0.020579625944611601,4.4572328863105648,0.71937029431894994,23.708650418607313,0.071125854733693483,-0.27608443227999946,840,True
equal_weight_vol20,equal_weight,control,base,full,2555,2018-01-03,2024-12-31,0.16697198099988819,0.81247210915613621,-0.3864701013216939,0.21965159173535237,0.43204372195639101,0.1060905593889134,2.9438664039717466,0.31718460066025816,3.1389901425656896,0.0094169491519753463,-0.11182416205487167,928,False
equal_weight_vol20,equal_weight,control,base,through_2020,1094,2018-01-03,2020-12-31,0.13416063242443466,0.67741054198915607,-0.3864701013216939,0.22229735306871076,0.34714362628730411,0.076462400652997586,1.4575117206124206,0.27239524464794024,3.050728264307319,0.0091521525215870723,-0.11182416205487167,928,False
equal_weight_vol20,equal_weight,control,base,2021_2024,1461,2021-01-01,2024-12-31,0.19228145474798586,0.91555058749295715,-0.34630265206557231,0.21771934060223172,0.55524106905071413,0.1282305032885466,2.0197891806556281,0.35072296854354079,3.2072156378252541,0.0096216338548290176,-0.057478521295810658,756,False
equal_weight_vol40,equal_weight,control,base,full,2555,2018-01-03,2024-12-31,0.29344114046981806,0.81046856856339544,-0.63847491989477256,0.43460061092669744,0.45959697292131735,0.068913598507749696,6.0448474082075609,0.62322088872183568,4.7907884454031322,0.014372315118990153,-0.22364378971620524,942,True
equal_weight_vol40,equal_weight,control,base,through_2020,1094,2018-01-03,2020-12-31,0.22659542277019429,0.68474588642161649,-0.63847491989477256,0.44457576404118326,0.35490105516993464,0.0079500106707445783,1.8426216889734792,0.5444486893693592,5.017222179811303,0.015051565703277765,-0.22364378971620524,942,False
equal_weight_vol40,equal_weight,control,base,2021_2024,1461,2021-01-01,2024-12-31,0.34609477449291659,0.90847383696049955,-0.59184383724087808,0.42712226325572933,0.58477380808150137,0.11437925969814022,3.2805689004860867,0.68220568413019234,4.6245546897437277,0.013873651712478256,-0.11485850586950663,825,False
equal_weight_uncapped,equal_weight,control,base,full,2555,2018-01-03,2024-12-31,0.28231778307756339,0.71393236321152864,-0.88131760941562876,0.74860477710099105,0.32033602876125278,-0.30616049082048657,5.6905801738519584,0.99960861056751482,3.5360901636784448,0.010608267053782316,-0.41070627336520804,1108,False
equal_weight_uncapped,equal_weight,control,base,through_2020,1094,2018-01-03,2020-12-31,0.11748878797507833,0.56420576757739527,-0.88131760941562876,0.83293327782239157,0.13331038290836045,-0.57072100860139163,1.3943323261703435,0.99999999999999956,3.9332061671323393,0.011799692175488749,-0.41070627336520804,1078,False
equal_weight_uncapped,equal_weight,control,base,2021_2024,1461,2021-01-01,2024-12-31,0.42168096921483222,0.85835641705393417,-0.76513430761010293,0.67892132235601832,0.55112019552743985,-0.10864476920543586,4.0812222933119893,0.99931553730321732,3.2412191351774671,0.0097235962380485177,-0.20955298437515146,1108,False
btc_buy_hold,btc_buy_hold,benchmark,base,full,2555,2018-01-03,2024-12-31,0.29898909439955013,0.72894713633333263,-0.81384865421875507,0.68774925561773281,0.36737677558312287,-0.20816570750619101,6.2284959859365516,0.99960861056750938,0.28559417674931276,0.00085678248392645256,-0.38812428745094485,1045,False
btc_buy_hold,btc_buy_hold,benchmark,base,through_2020,1094,2018-01-03,2020-12-31,0.25118263218777637,0.68605331636872335,-0.81384865421875507,0.76636614336601194,0.30863555636016421,-0.35520756433758116,1.9553719705638388,0.99999999999999045,0.33317248620104761,0.00099951745860314299,-0.38812428745094485,1045,False
btc_buy_hold,btc_buy_hold,benchmark,base,2021_2024,1461,2021-01-01,2024-12-31,0.33620966065102031,0.7757281374624474,-0.76670598287258074,0.62268687690047786,0.43851185221140393,-0.09857268875579045,3.1853253906163785,0.99931553730321498,0.25017123287671217,0.00075051361759926336,-0.15417808941374911,846,False
eth_buy_hold,eth_buy_hold,benchmark,base,full,2555,2018-01-03,2024-12-31,0.21289350925419459,0.66640658881803538,-0.94011630423803116,0.8809513428873722,0.22645443791845077,-0.57704112347435554,3.8559162742985156,0.99960861056750583,0.28559417674931264,0.00085675440247703493,-0.4332254252093839,1149,False
eth_buy_hold,eth_buy_hold,benchmark,base,through_2020,1094,2018-01-03,2020-12-31,-0.0527689217885845,0.44676557381529292,-0.94011630423803116,0.97528657888292092,-0.056130205965690565,-0.99105139837474587,0.85024694702021597,0.99999999999998168,0.33317248620104761,0.00099951745860314299,-0.4332254252093839,1083,False
eth_buy_hold,eth_buy_hold,benchmark,base,2021_2024,1461,2021-01-01,2024-12-31,0.45968134276427319,0.8718086338387665,-0.79350360564433975,0.80338843906972335,0.57930592815769677,-0.26774849853909533,4.5350545365813657,0.99931553730321498,0.250171232876712,0.00075046449429665217,-0.27608443228000312,1149,True
mix_buy_hold,mix_buy_hold,benchmark,base,full,2555,2018-01-03,2024-12-31,0.26032470146912901,0.68961841045836414,-0.87849214211119997,0.73714907407419117,0.29633128060031866,-0.3067315633787574,5.0422061301175054,0.99960861056750827,0.28559417674931276,0.000856771746156861,-0.40144038732507525,1108,False
mix_buy_hold,mix_buy_hold,benchmark,base,through_2020,1094,2018-01-03,2020-12-31,0.11975457439067161,0.55818628173006701,-0.87849214211119997,0.81023693006367004,0.13631832164471769,-0.53246268494587667,1.4028094587920241,0.9999999999999879,0.33317248620104761,0.00099951745860314299,-0.40144038732507525,1078,False
mix_buy_hold,mix_buy_hold,benchmark,base,2021_2024,1461,2021-01-01,2024-12-31,0.37721142982145239,0.81225767064512899,-0.7686086878841818,0.67755680791791906,0.49077174870327867,-0.13827412740472178,3.5943627971110335,0.9993155373032151,0.25017123287671211,0.00075049483385711485,-0.21932704155986993,1108,False
usd_cash,usd_cash,benchmark,base,full,2555,2018-01-03,2024-12-31,0,,0,0,,0,1,0,0,0,0,0,False
usd_cash,usd_cash,benchmark,base,through_2020,1094,2018-01-03,2020-12-31,0,,0,0,,0,1,0,0,0,0,0,False
usd_cash,usd_cash,benchmark,base,2021_2024,1461,2021-01-01,2024-12-31,0,,0,0,,0,1,0,0,0,0,0,False
trend_ensemble_vol20,trend_ensemble,candidate,cost_stress,full,2555,2018-01-03,2024-12-31,0.13046406404844335,0.72402752729482456,-0.29323194921689066,0.19570189872070154,0.44491763055445527,0.084244712073320141,2.3571995735891611,0.27040992622190213,7.6632259697280007,0.057474037702106691,-0.10682856130180141,930,True
trend_ensemble_vol20,trend_ensemble,candidate,cost_stress,through_2020,1094,2018-01-03,2020-12-31,0.11249955004918188,0.62984156274080549,-0.29323194921689066,0.20137208381004179,0.38365379471651967,0.066006433752291455,1.3757861602163894,0.23817328561176121,7.3674982451134685,0.055256030089494625,-0.10682856130180141,930,True
trend_ensemble_vol20,trend_ensemble,candidate,cost_stress,2021_2024,1461,2021-01-01,2024-12-31,0.14419855880278942,0.79838421428473572,-0.27236042778724978,0.19141354345737313,0.52944019795499786,0.097862834568310464,1.7133473513197837,0.29454879331806533,7.889865441627598,0.059173870824221132,-0.053438746669480675,831,True
trend_ensemble_vol40,trend_ensemble,candidate,cost_stress,full,2555,2018-01-03,2024-12-31,0.22083949163426952,0.7465728200710674,-0.45210701790491425,0.34954110106587788,0.48846729399966049,0.077689413551979059,4.036059178484809,0.45617122953875372,10.836666302320682,0.081274707482609496,-0.21364779225358133,961,True
trend_ensemble_vol40,trend_ensemble,candidate,cost_stress,through_2020,1094,2018-01-03,2020-12-31,0.19768636374186088,0.68380407230524864,-0.43431851683219003,0.3600206946265449,0.45516448431380607,0.051761266260725913,1.7156925383965882,0.40198082433884585,10.240081798551575,0.076800124735877551,-0.21364779225358133,961,True
trend_ensemble_vol40,trend_ensemble,candidate,cost_stress,2021_2024,1461,2021-01-01,2024-12-31,0.23863438443613427,0.79629849293475241,-0.45210701790491059,0.34160668712167719,0.52782720680156536,0.096978197102053881,2.3524373325402275,0.49674912364463963,11.290709815280925,0.084680182585116767,-0.10686972608872358,841,False
trend_ensemble_uncapped,trend_ensemble,candidate,cost_stress,full,2555,2018-01-03,2024-12-31,0.24395712335173148,0.6805336620624659,-0.72281851123526231,0.53732292574476725,0.33750812902511368,-0.067407551429170043,4.6017612336345808,0.60774336644623228,11.745427282583094,0.088089855524470143,-0.34605808690395501,1079,False
trend_ensemble_uncapped,trend_ensemble,candidate,cost_stress,through_2020,1094,2018-01-03,2020-12-31,0.10245667255160273,0.46873654818102084,-0.72281851123526231,0.57073746698412353,0.14174605514254079,-0.22108637413746285,1.3389539700204289,0.56292067394686907,11.879675165185949,0.089096003690393416,-0.34605808690395501,1079,False
trend_ensemble_uncapped,trend_ensemble,candidate,cost_stress,2021_2024,1461,2021-01-01,2024-12-31,0.36185671455773782,0.8593364463329497,-0.53183155496442747,0.5110389619048169,0.68039722573802763,0.047413174583835593,3.4368330328520438,0.64130669676403063,11.652970085047246,0.087396958202669031,-0.18578231046163096,846,False
breakout_vol20,breakout,candidate,cost_stress,full,2555,2018-01-03,2024-12-31,0.097364244699783109,0.67103398205128773,-0.23099099608162044,0.15664615491589523,0.42150666628312883,0.068307866331334122,1.9149252855531365,0.14736028172866472,2.6236034036077416,0.019677008493177443,-0.08921442405169,1042,True
breakout_vol20,breakout,candidate,cost_stress,through_2020,1094,2018-01-03,2020-12-31,0.0553991687290043,0.44198344459471844,-0.23099099608162044,0.1461783729756701,0.23983258944616637,0.032556245724316993,1.1750975925831528,0.098683701603677759,2.0434428997487628,0.015325735212353869,-0.08921442405169,1042,True
breakout_vol20,breakout,candidate,cost_stress,2021_2024,1461,2021-01-01,2024-12-31,0.1299410564315493,0.82549246602474269,-0.20809842926745825,0.16407930278538063,0.62442113037068003,0.095063201876119385,1.6295882977205687,0.18380941154162556,3.0597260297183384,0.022947980208542745,-0.054905363389755379,792,True
breakout_vol40,breakout,candidate,cost_stress,full,2555,2018-01-03,2024-12-31,0.18857046756646945,0.73153244882828783,-0.41041614904447299,0.29643076545820984,0.45946161720365397,0.085041925698477766,3.34664523158794,0.27427600721435291,3.7688051662100275,0.028266000300201367,-0.1784072522525173,1044,True
breakout_vol40,breakout,candidate,cost_stress,through_2020,1094,2018-01-03,2020-12-31,0.10393803610697194,0.48962976487640814,-0.41041614904447299,0.28787803128921735,0.25325035661720308,0.016643011424789342,1.3443450644782844,0.19432111608141364,3.3210963047483659,0.024908042285973618,-0.1784072522525173,1044,False
breakout_vol40,breakout,candidate,cost_stress,2021_2024,1461,2021-01-01,2024-12-31,0.25629767201307874,0.90400501166000646,-0.29252120221035527,0.30274071008776926,0.87616784724128205,0.13620121283618236,2.4894242706106859,0.33414640481834718,4.1065548858975669,0.030799229142565152,-0.10966295687431316,825,True
breakout_uncapped,breakout,candidate,cost_stress,full,2555,2018-01-03,2024-12-31,0.22523415473871489,0.67461317714339286,-0.65828997700519043,0.45875015100971722,0.34215036322349929,-0.006198654689480998,4.1387524769518107,0.38996751490257486,3.6762808290619184,0.027572207290022282,-0.21665195632435919,1084,False
breakout_uncapped,breakout,candidate,cost_stress,through_2020,1094,2018-01-03,2020-12-31,0.055253309999904632,0.35512940904951923,-0.65828997700519043,0.46785065050993252,0.083934606222128422,-0.16217882173482501,1.174611678199101,0.29917315346036327,3.4916672317473876,0.026187614431571426,-0.21665195632435919,1083,False
breakout_uncapped,breakout,candidate,cost_stress,2021_2024,1461,2021-01-01,2024-12-31,0.37036874549190912,0.92235051426370807,-0.4103398753190981,0.45189516958918874,0.90259018869149465,0.11049187561681134,3.5235070055640039,0.4579545316156341,3.8170061322768798,0.028627640304800927,-0.16218928666496368,833,True
rotation_vol20,rotation,candidate,cost_stress,full,2555,2018-01-03,2024-12-31,0.097533513699146202,0.62230449987139691,-0.26683314501930067,0.17360189232538464,0.36552248294375639,0.062826813251844915,1.9169916639217321,0.19742549113507327,7.1423325531726869,0.053567587439732306,-0.089214424051690111,949,True
rotation_vol20,rotation,candidate,cost_stress,through_2020,1094,2018-01-03,2020-12-31,0.06249859149242365,0.4448740271601675,-0.23955291935890188,0.16776978386051422,0.26089680584851188,0.032416368816912351,1.1989107667938523,0.13725647563401103,3.9848326227363504,0.029886604788414824,-0.089214424051690111,949,True
rotation_vol20,rotation,candidate,cost_stress,2021_2024,1461,2021-01-01,2024-12-31,0.12458747935263781,0.74788430017503993,-0.26683314501929811,0.1778896150956924,0.46691155757140779,0.085573777555908753,1.5989444060529983,0.24248018172929786,9.5110241672275428,0.07133257485434169,-0.053636412707845582,825,False
rotation_vol40,rotation,candidate,cost_stress,full,2555,2018-01-03,2024-12-31,0.17582683438761726,0.6438614606926143,-0.45115386751257125,0.34243319064612737,0.38972698019200269,0.044588799234917487,3.1036586464656204,0.38852755316175758,13.056985380669545,0.097927791820180701,-0.17840725225251741,968,False
rotation_vol40,rotation,candidate,cost_stress,through_2020,1094,2018-01-03,2020-12-31,0.10269051659381456,0.45984353170650244,-0.44759817726810802,0.33551455196081903,0.22942568091000892,-0.014570825353615868,1.3398040350157465,0.274276386394048,7.2757348765644991,0.05456946707120728,-0.17840725225251741,968,False
rotation_vol40,rotation,candidate,cost_stress,2021_2024,1461,2021-01-01,2024-12-31,0.23387350415435693,0.77685483616832773,-0.45115386751257047,0.34761545617304768,0.51838966923594099,0.088791990199297427,2.3165019400983806,0.47407907707953595,17.393946878181524,0.13045421424651507,-0.10725758262503926,828,False
rotation_uncapped,rotation,candidate,cost_stress,full,2555,2018-01-03,2024-12-31,0.10737711622666346,0.49934556264449165,-0.85925377850194296,0.67957857309073777,0.12496554442142689,-0.3533960105649297,2.0404939308439349,0.66418786692758403,18.478577854812656,0.13859091942930982,-0.43322542520938701,1125,False
rotation_uncapped,rotation,candidate,cost_stress,through_2020,1094,2018-01-03,2020-12-31,-0.11150840609089585,0.22929103842773046,-0.85925377850194296,0.74054557021119349,-0.12977354174142128,-0.65281114954235253,0.70201527754819226,0.59049360146251473,11.623878777422009,0.087183113020544878,-0.43322542520938701,1090,False
rotation_uncapped,rotation,candidate,cost_stress,2021_2024,1461,2021-01-01,2024-12-31,0.30594995074445874,0.73985677031620001,-0.61595608165288507,0.63025648167098647,0.49670741122233664,-0.1295353240324883,2.9066232546539625,0.71937029431894994,23.622868724294008,0.17717127787054918,-0.27608443227999935,853,False
equal_weight_vol20,equal_weight,control,cost_stress,full,2555,2018-01-03,2024-12-31,0.15060191835728842,0.7481942163385511,-0.39378311805995547,0.21965612466138656,0.38244889496344159,0.091972222403101322,2.6669627258495243,0.31718460066025816,3.1389444526393744,0.02354203014981273,-0.11184541278033988,930,True
equal_weight_vol20,equal_weight,control,cost_stress,through_2020,1094,2018-01-03,2020-12-31,0.11869603291349184,0.61572854641502262,-0.39378311805995547,0.22230121172766526,0.30142488966583825,0.062750458859991129,1.3988448112440106,0.27239524464794029,3.0506128593682798,0.022879515579552527,-0.11184541278033988,930,True
equal_weight_vol20,equal_weight,control,cost_stress,2021_2024,1461,2021-01-01,2024-12-31,0.17519474281419378,0.8493010920288957,-0.35488003395051049,0.21772457628307615,0.49367314600354617,0.11380773372227762,1.9065465335484617,0.35072296854354074,3.2072221073639957,0.024054133201486857,-0.057604391911394215,792,False
equal_weight_vol40,equal_weight,control,cost_stress,full,2555,2018-01-03,2024-12-31,0.26585255291827137,0.76090911701945507,-0.64548952515273106,0.43458363025312169,0.41186191651269205,0.047384248841039145,5.1988944577593061,0.62322088872183545,4.7902436587965234,0.035926701621383443,-0.22367736932785354,961,True
equal_weight_vol40,equal_weight,control,cost_stress,through_2020,1094,2018-01-03,2020-12-31,0.19921132126987029,0.63404429903624748,-0.64548952515273106,0.44455251529267359,0.30862053295556474,-0.0145744203360203,1.722237917577877,0.5444486893693592,5.0166117943636159,0.037624334931962863,-0.22367736932785354,961,True
equal_weight_vol40,equal_weight,control,cost_stress,2021_2024,1461,2021-01-01,2024-12-31,0.31836791219817928,0.85980166610315589,-0.60014113946822389,0.4271097468004515,0.530488398912763,0.093595568190006584,3.0186854003719183,0.68220568413019211,4.6240586392649918,0.034680409493409517,-0.11496552338715371,828,False
equal_weight_uncapped,equal_weight,control,cost_stress,full,2555,2018-01-03,2024-12-31,0.26207017736733929,0.69269938744247006,-0.88313172295967979,0.74854176019686358,0.29675094955150233,-0.32195773137445249,5.0912387658060663,0.99960861056751471,3.5354533155782026,0.026515891273703969,-0.4107538604314761,1108,False
equal_weight_uncapped,equal_weight,control,cost_stress,through_2020,1094,2018-01-03,2020-12-31,0.097885652630390396,0.54297505076374919,-0.88313172295967979,0.83282097504875741,0.11083924411903326,-0.58818515351753042,1.3224095317832127,1,3.9317180518093577,0.02948806957379951,-0.4107538604314761,1079,False
equal_weight_uncapped,equal_weight,control,cost_stress,2021_2024,1461,2021-01-01,2024-12-31,0.40108545002248341,0.83689516469557756,-0.76834828021571067,0.67890228974556932,0.52200995349385082,-0.12319243494384247,3.8499713163294769,0.99931553730321698,3.2412191351774666,0.024308990595121288,-0.20963208832245583,1108,True
btc_buy_hold,btc_buy_hold,benchmark,cost_stress,full,2555,2018-01-03,2024-12-31,0.29731819392883474,0.72707576562234577,-0.8138486542187553,0.68774153567457164,0.3653236905751745,-0.20944242623715015,6.1726893960693641,0.99960861056751116,0.28495732864907042,0.0021371798490643136,-0.38812428745094607,1045,True
btc_buy_hold,btc_buy_hold,benchmark,cost_stress,through_2020,1094,2018-01-03,2020-12-31,0.24931235863716195,0.68409903558578011,-0.8138486542187553,0.76633710181599957,0.30633749573068531,-0.35665835814369151,1.9466382992313225,0.99999999999999378,0.33168437087806585,0.0024876327815854934,-0.38812428745094607,1045,True
btc_buy_hold,btc_buy_hold,benchmark,cost_stress,2021_2024,1461,2021-01-01,2024-12-31,0.33469830888665975,0.77390793090993393,-0.76670598287258074,0.62269875024489574,0.43654062491160112,-0.099719098952603558,3.170948295071967,0.99931553730321576,0.25017123287671222,0.0018762840439981593,-0.15417808941374911,846,False
eth_buy_hold,eth_buy_hold,benchmark,cost_stress,full,2555,2018-01-03,2024-12-31,0.21133335425036748,0.66493559130112423,-0.94011630423803216,0.88089567340742403,0.22479490388335938,-0.57822689567011099,3.8213677189862456,0.99960861056750894,0.28495732864907031,0.0021371096454407697,-0.43322542520938734,1149,False
eth_buy_hold,eth_buy_hold,benchmark,cost_stress,through_2020,1094,2018-01-03,2020-12-31,-0.054184847158972427,0.44517189570618693,-0.94011630423803216,0.97515772311301585,-0.057636323202467435,-0.99228606520969187,0.84644931797645484,0.99999999999998812,0.33168437087806585,0.0024876327815854934,-0.43322542520938734,1083,False
eth_buy_hold,eth_buy_hold,benchmark,cost_stress,2021_2024,1461,2021-01-01,2024-12-31,0.4580303354128421,0.87039839327080171,-0.79350360564433964,0.80339856626516892,0.57722527302306703,-0.26889706318212481,4.5145853837081491,0.99931553730321576,0.25017123287671211,0.0018761612357416312,-0.27608443228000312,1149,True
mix_buy_hold,mix_buy_hold,benchmark,cost_stress,full,2555,2018-01-03,2024-12-31,0.25870353532845614,0.68787129903381528,-0.87849214211120086,0.73711288459079349,0.29448588430937728,-0.30796430948660869,4.9970285575277069,0.99960861056751038,0.28495732864907042,0.0021371530046403347,-0.40144038732507714,1108,False
mix_buy_hold,mix_buy_hold,benchmark,cost_stress,through_2020,1094,2018-01-03,2020-12-31,0.1180807601050573,0.55631675036787398,-0.87849214211120086,0.81014733087572444,0.13441299522757766,-0.5338095161556009,1.3965438086038724,0.99999999999999212,0.33168437087806585,0.0024876327815854934,-0.40144038732507714,1078,False
mix_buy_hold,mix_buy_hold,benchmark,cost_stress,2021_2024,1461,2021-01-01,2024-12-31,0.37565370202943527,0.81058500178058202,-0.7686086878841818,0.67756806701538075,0.48874506358174402,-0.13942121535031127,3.5781394946165488,0.99931553730321576,0.25017123287671217,0.0018762370846427882,-0.21932704155987015,1108,False
usd_cash,usd_cash,benchmark,cost_stress,full,2555,2018-01-03,2024-12-31,0,,0,0,,0,1,0,0,0,0,0,False
usd_cash,usd_cash,benchmark,cost_stress,through_2020,1094,2018-01-03,2020-12-31,0,,0,0,,0,1,0,0,0,0,0,False
usd_cash,usd_cash,benchmark,cost_stress,2021_2024,1461,2021-01-01,2024-12-31,0,,0,0,,0,1,0,0,0,0,0,False
trend_ensemble_vol20,trend_ensemble,candidate,delay_one_day,full,2555,2018-01-03,2024-12-31,0.16377229789911163,0.87440266112627441,-0.26554656045069813,0.19509317518911068,0.61673665673224898,0.11349797104487928,2.8878868948287297,0.27025833193433624,7.6816542279384121,0.023044900903372717,-0.10582390935167907,755,True
trend_ensemble_vol20,trend_ensemble,candidate,delay_one_day,through_2020,1094,2018-01-03,2020-12-31,0.12738558466632544,0.69768987420524109,-0.26554656045069813,0.20058032723366195,0.47971091943394267,0.07959416176595531,1.431612144412034,0.23786221610379346,7.3939565167186974,0.022181787139667113,-0.10582390935167907,527,True
trend_ensemble_vol20,trend_ensemble,candidate,delay_one_day,2021_2024,1461,2021-01-01,2024-12-31,0.19190292498850448,1.0136013962117909,-0.21809695343483071,0.1909415565685515,0.87989732073835114,0.13885061129550441,2.0172271561825954,0.29451661442483162,7.9022948119049099,0.023706838057231346,-0.054734543583283668,755,True
trend_ensemble_vol40,trend_ensemble,candidate,delay_one_day,full,2555,2018-01-03,2024-12-31,0.24456021462190014,0.80233558466702137,-0.44304004588062762,0.3490021784751634,0.55200476095967688,0.097313086046319691,4.6173841928133825,0.45587600471356432,10.851443575016908,0.032554110908587987,-0.21164524594994505,1026,True
trend_ensemble_vol40,trend_ensemble,candidate,delay_one_day,through_2020,1094,2018-01-03,2020-12-31,0.1741302840878749,0.62993636160097721,-0.44304004588062762,0.35832688387073691,0.39303508950699328,0.033125899932579028,1.6166796415331712,0.40137729567018426,10.260939158407592,0.030782454596009385,-0.21164524594994505,1026,True
trend_ensemble_vol40,trend_ensemble,candidate,delay_one_day,2021_2024,1461,2021-01-01,2024-12-31,0.30023260931782492,0.93774336092512001,-0.3659156283124616,0.34196150758099575,0.82049681972438515,0.14526562442542271,2.8560910115961682,0.49668475741271406,11.300945472913485,0.033902723552805103,-0.10947369938772322,827,True
trend_ensemble_uncapped,trend_ensemble,candidate,delay_one_day,full,2555,2018-01-03,2024-12-31,0.25106582557914692,0.69123171880770551,-0.73592386233072205,0.53745656838209721,0.34115733764088585,-0.06178231679834173,4.7888220110024768,0.60741455936348077,11.738835196501185,0.03521608252590392,-0.3460145685167807,1084,False
trend_ensemble_uncapped,trend_ensemble,candidate,delay_one_day,through_2020,1094,2018-01-03,2020-12-31,0.040416669250173509,0.36746036964737022,-0.73592386233072205,0.57021684393194116,0.0549196341074892,-0.27818878140516778,1.125880636162409,0.56198894804011923,11.843180854120506,0.035528719370836827,-0.3460145685167807,1083,False
trend_ensemble_uncapped,trend_ensemble,candidate,delay_one_day,2021_2024,1461,2021-01-01,2024-12-31,0.43645407865987673,0.96312605033228782,-0.46944493025588241,0.5116611825607682,0.92972370246277192,0.10009846525887472,4.2534011663308506,0.64142935661725031,11.668759190623501,0.035006153766324627,-0.18571610643758951,840,True
breakout_vol20,breakout,candidate,delay_one_day,full,2555,2018-01-03,2024-12-31,0.091084042478869032,0.63546651184961411,-0.27583584259895044,0.15631232925827229,0.33021104734129869,0.062680934215622874,1.8395957216885408,0.14719570086423345,2.6309316853991938,0.0078927892625766296,-0.088734268329172084,1078,False
breakout_vol20,breakout,candidate,delay_one_day,through_2020,1094,2018-01-03,2020-12-31,0.021770761724107635,0.22110023630334599,-0.27583584259895044,0.14564762224341016,0.07892651483933899,0.00038287889729980012,1.066571537794951,0.098335822194395489,2.0687385565606951,0.0062061978883403311,-0.088734268329172084,1078,False
breakout_vol20,breakout,candidate,delay_one_day,2021_2024,1461,2021-01-01,2024-12-31,0.14610296635301756,0.91304560860502992,-0.18956353832557737,0.16384421240768079,0.77073348410538833,0.10932984972494289,1.7247748102220741,0.18378208502905394,3.0536084124580141,0.009160828414153924,-0.05375350046193661,792,True
breakout_vol40,breakout,candidate,delay_one_day,full,2555,2018-01-03,2024-12-31,0.1682693696419626,0.67317787988071009,-0.46743596781285424,0.29666483334516491,0.35998378650513269,0.06769316853089058,2.9668281741806752,0.27397966518132094,3.7869178575097013,0.011360751666162773,-0.17746128875841005,1079,False
breakout_vol40,breakout,candidate,delay_one_day,through_2020,1094,2018-01-03,2020-12-31,0.041115713973003842,0.28646774059132141,-0.46743596781285424,0.28742991947137075,0.087960098931593567,-0.041584538301668972,1.1281458573420551,0.1936884300147603,3.349341161448578,0.010047976760058971,-0.17746128875841005,1079,False
breakout_vol40,breakout,candidate,delay_one_day,2021_2024,1461,2021-01-01,2024-12-31,0.27366053074526597,0.94786614139047987,-0.30560735911664727,0.30341227357623701,0.89546446635407262,0.14950570937016847,2.629826768296271,0.33410191793437866,4.1170947387784116,0.012351315860709087,-0.10751205340497139,825,True
breakout_uncapped,breakout,candidate,delay_one_day,full,2555,2018-01-03,2024-12-31,0.18346908977303045,0.5984474349273089,-0.68413454227238257,0.4633502229082968,0.26817691321889681,-0.044749391231285462,3.2474885655016794,0.38957766849354525,3.6654418889768952,0.010996362972578723,-0.21662529461224223,1085,False
breakout_uncapped,breakout,candidate,delay_one_day,through_2020,1094,2018-01-03,2020-12-31,-0.007796183539078072,0.22403212516791193,-0.68413454227238257,0.46871961343915008,-0.011395687627732859,-0.22453886292716449,0.97685087930089898,0.29816339791848029,3.4431250680159029,0.010329400643182387,-0.21662529461224223,1083,False
breakout_uncapped,breakout,candidate,delay_one_day,2021_2024,1461,2021-01-01,2024-12-31,0.3505764579423849,0.88453431354410428,-0.4556237620026119,0.45933352776265574,0.76944287629224917,0.089815332077002819,3.3244465806549752,0.45802887452305996,3.8343855377435676,0.011503202828060076,-0.20955298437515157,1021,False
rotation_vol20,rotation,candidate,delay_one_day,full,2555,2018-01-03,2024-12-31,0.12905015791517727,0.78023768238792524,-0.2524266869079953,0.17502512334512701,0.51123817174771846,0.090610505895497268,2.3366613126808407,0.19727864893208177,7.1753287074696983,0.021525958868586721,-0.088734268329172195,968,True
rotation_vol20,rotation,candidate,delay_one_day,through_2020,1094,2018-01-03,2020-12-31,0.056321849161954152,0.40985840423434072,-0.2524266869079953,0.16799210358458502,0.22312161147399756,0.026520955198987173,1.1781745156188073,0.13699065898513238,4.0285737446308723,0.012085682283822776,-0.088734268329172195,968,True
rotation_vol20,rotation,candidate,delay_one_day,2021_2024,1461,2021-01-01,2024-12-31,0.18685443827452852,1.0396290828629009,-0.24880210172777795,0.1801231457876879,0.75101631769562671,0.13859473938495556,1.9832896414786054,0.24242242785197404,9.5359989150657984,0.028607978228871365,-0.054850422194228421,790,True
rotation_vol40,rotation,candidate,delay_one_day,full,2555,2018-01-03,2024-12-31,0.23954277106609223,0.79385906920725813,-0.46846894940160699,0.34532704711952827,0.51133115945479246,0.09526485398996043,4.4887812757514451,0.38823622414813935,13.128666516769988,0.039385910637567211,-0.17746128875840983,1048,False
rotation_vol40,rotation,candidate,delay_one_day,through_2020,1094,2018-01-03,2020-12-31,0.086556780184179338,0.41589652296294694,-0.46846894940160699,0.33597827173465955,0.18476524494257637,-0.029589903611168034,1.2819935393999353,0.27377419567293759,7.3626909414670996,0.022087930374950233,-0.17746128875840983,1048,False
rotation_vol40,rotation,candidate,delay_one_day,2021_2024,1461,2021-01-01,2024-12-31,0.36821341453418088,1.0641684843120598,-0.42414884113442641,0.35218729687575101,0.86812311817087395,0.18873278378925684,3.5014070958988448,0.47394564177433424,17.454241838908914,0.052362676622278101,-0.10970042907451194,825,True
rotation_uncapped,rotation,candidate,delay_one_day,full,2555,2018-01-03,2024-12-31,0.1810311454192064,0.59398132439717966,-0.87596680198513199,0.68611830361779591,0.20666439071543613,-0.29859603116299843,3.200997926124157,0.66379647749509851,18.546083753438321,0.055637237179763377,-0.43322542520938701,1123,False
rotation_uncapped,rotation,candidate,delay_one_day,through_2020,1094,2018-01-03,2020-12-31,-0.16015198183854384,0.15403909138039043,-0.87596680198513199,0.74101179173476406,-0.18282882579066295,-0.7095029301339697,0.59316129528662476,0.58957952468006503,11.667034121788461,0.034999222846166099,-0.43322542520938701,1090,False
rotation_uncapped,rotation,candidate,delay_one_day,2021_2024,1461,2021-01-01,2024-12-31,0.52459155119504186,0.9770530063889693,-0.60455984444176969,0.6419687855891042,0.86772476871902093,0.0090516494615859866,5.396505051087976,0.71937029431894994,23.708650418607313,0.071125584374148024,-0.27608443227999935,853,True
equal_weight_vol20,equal_weight,control,delay_one_day,full,2555,2018-01-03,2024-12-31,0.16301048115583416,0.79648163361306035,-0.38550508723555021,0.21984516087753442,0.42284910511759854,0.10260479073576123,2.874693953557808,0.31704695512907416,3.1811957452411717,0.0095435744714685022,-0.11062470431703353,928,False
equal_weight_vol20,equal_weight,control,delay_one_day,through_2020,1094,2018-01-03,2020-12-31,0.12820160923956347,0.65337279182958496,-0.38550508723555021,0.22246716893657462,0.33255490909055135,0.071116533376532037,1.4347152689154137,0.27211597817760169,3.0918708305667626,0.0092755987087955703,-0.11062470431703353,928,True
equal_weight_vol20,equal_weight,control,delay_one_day,2021_2024,1461,2021-01-01,2024-12-31,0.18989367589091044,0.9056955805239153,-0.34558723773109423,0.21793026501307725,0.54948115890399019,0.12613807727174461,2.0036686134461679,0.35069136908178528,3.250245969545535,0.0097507258982308161,-0.05752044587525329,756,False
equal_weight_vol40,equal_weight,control,delay_one_day,full,2555,2018-01-03,2024-12-31,0.28602323559236464,0.7967528575689391,-0.63721762070628607,0.43511658174661771,0.44886272177366843,0.062690720315955017,5.8065632842423742,0.62294924776567262,4.8206135425940708,0.014461800856976849,-0.22124776599062346,942,True
equal_weight_vol40,equal_weight,control,delay_one_day,through_2020,1094,2018-01-03,2020-12-31,0.21389991977376255,0.66102176399856083,-0.63721762070628607,0.44492322278587132,0.3356779737771185,-0.0028310776914078351,1.7861372494979018,0.54389566409930101,5.0485926151661387,0.015145753132279368,-0.22124776599062346,942,True
equal_weight_vol40,equal_weight,control,delay_one_day,2021_2024,1461,2021-01-01,2024-12-31,0.34303940760633256,0.90247486748965677,-0.59111916381731588,0.42776785475698803,0.58032191917287956,0.11157173169305418,3.2509054306294889,0.68214474436458461,4.6532433283621017,0.013959678914477755,-0.1149424804796787,825,False
equal_weight_uncapped,equal_weight,control,delay_one_day,full,2555,2018-01-03,2024-12-31,0.27289807109875941,0.70407367712259417,-0.88131760941562842,0.74837825976256922,0.30964781389050966,-0.31319159629823723,5.4046353562327418,0.99921722113502953,3.531801747476818,0.010595402827238367,-0.41070627336520782,1108,False
equal_weight_uncapped,equal_weight,control,delay_one_day,through_2020,1094,2018-01-03,2020-12-31,0.098401237896992511,0.54337804927645617,-0.88131760941562842,0.83245346755718741,0.11165241321144032,-0.58713122215733171,1.3242688017973034,0.99908592321754985,3.9231854763922129,0.011769632491505895,-0.41070627336520782,1078,False
equal_weight_uncapped,equal_weight,control,delay_one_day,2021_2024,1461,2021-01-01,2024-12-31,0.42168096921483644,0.85835641705393717,-0.7651343076101027,0.67892132235601832,0.55112019552744551,-0.10864476920543376,4.0812222933120372,0.99931553730321732,3.2412191351774688,0.0097235962380485211,-0.20955298437515157,1108,False
btc_buy_hold,btc_buy_hold,benchmark,delay_one_day,full,2555,2018-01-03,2024-12-31,0.29505678452674799,0.72453954810631849,-0.81384865421875419,0.68771929458143666,0.36254502971438196,-0.2111569152893531,6.097843123733198,0.99921722113502398,0.28559417674931276,0.00085678248392645256,-0.38812428745094474,1045,True
btc_buy_hold,btc_buy_hold,benchmark,delay_one_day,through_2020,1094,2018-01-03,2020-12-31,0.24235011676381735,0.67680434704948456,-0.81384865421875419,0.76630388589131604,0.29778278247134154,-0.36219466716604187,1.9143548542000655,0.99908592321754053,0.33317248620104761,0.00099951745860314299,-0.38812428745094474,1045,True
btc_buy_hold,btc_buy_hold,benchmark,delay_one_day,2021_2024,1461,2021-01-01,2024-12-31,0.3362096606510192,0.77572813746244529,-0.76670598287258096,0.62268687690047786,0.43851185221140238,-0.098572688755791726,3.1853253906163674,0.99931553730321498,0.25017123287671211,0.00075051361759926347,-0.154178089413749,846,False
eth_buy_hold,eth_buy_hold,benchmark,delay_one_day,full,2555,2018-01-03,2024-12-31,0.19889180145410568,0.65311171105835386,-0.94011630423803116,0.88042948527432552,0.21156084684150697,-0.58771531021688006,3.5552225390851873,0.99921722113501976,0.28559417674931264,0.00085675440247703493,-0.43322542520938323,1149,False
eth_buy_hold,eth_buy_hold,benchmark,delay_one_day,through_2020,1094,2018-01-03,2020-12-31,-0.078123456365541744,0.41838102874873428,-0.94011630423803116,0.97417218324560229,-0.083099778201231378,-1.0159420037095597,0.78394262084557031,0.99908592321753031,0.33317248620104761,0.00099951745860314299,-0.43322542520938323,1083,False
eth_buy_hold,eth_buy_hold,benchmark,delay_one_day,2021_2024,1461,2021-01-01,2024-12-31,0.45968134276427364,0.87180863383876661,-0.79350360564433942,0.80338843906972335,0.57930592815769755,-0.26774849853909521,4.535054536581371,0.99931553730321476,0.250171232876712,0.00075046449429665217,-0.27608443228000301,1149,False
mix_buy_hold,mix_buy_hold,benchmark,delay_one_day,full,2555,2018-01-03,2024-12-31,0.25247001595103913,0.68085971972495085,-0.87616416900269534,0.73439652245090925,0.28815377857601304,-0.30898636783907873,4.8265328314091427,0.99921722113502276,0.28559417674931276,0.00085677214110548461,-0.40088439421053368,1108,False
mix_buy_hold,mix_buy_hold,benchmark,delay_one_day,through_2020,1094,2018-01-03,2020-12-31,0.10525465938692036,0.54102994749998057,-0.87616416900269534,0.80730261967856509,0.12013120726761489,-0.54083138566852007,1.3491487375228126,0.99908592321753764,0.33317248620104761,0.00099951745860314299,-0.40088439421053368,1077,False
mix_buy_hold,mix_buy_hold,benchmark,delay_one_day,2021_2024,1461,2021-01-01,2024-12-31,0.37558885548228083,0.81100178817335944,-0.76855706988198447,0.67494282871920053,0.48869351438007624,-0.1359418920531571,3.5774653284494091,0.99931553730321498,0.25017123287671211,0.00075049552474669358,-0.21736532567134526,1108,False
usd_cash,usd_cash,benchmark,delay_one_day,full,2555,2018-01-03,2024-12-31,0,,0,0,,0,1,0,0,0,0,0,False
usd_cash,usd_cash,benchmark,delay_one_day,through_2020,1094,2018-01-03,2020-12-31,0,,0,0,,0,1,0,0,0,0,0,False
usd_cash,usd_cash,benchmark,delay_one_day,2021_2024,1461,2021-01-01,2024-12-31,0,,0,0,,0,1,0,0,0,0,0,False
