scope,asset,variant,rows,mse,residual_correlation
all,pooled,mean,2912,0.0006426405018752151,
all,pooled,raw_ridge100,2912,0.0006360169556784956,0.10806388026402468
all,pooled,cal_ridge100,2912,0.0006392444300895725,0.08063405775353544
all,pooled,static_ridge100,2912,0.0006426422437500899,-0.005603085982309129
all,pooled,raw_gbm2,2912,0.0006364024145191058,0.10596927537099092
all,pooled,cal_gbm2,2912,0.0006424895107071289,0.047445367680784736
all,pooled,static_gbm2,2912,0.0006412167596280903,0.0671548648044696
all,SPY,mean,364,0.0006410512434569505,
all,SPY,raw_ridge100,364,0.0006307289720418715,0.12982870443923342
all,SPY,cal_ridge100,364,0.0006352672738069683,0.09778188283465117
all,SPY,static_ridge100,364,0.000641051886604009,-0.009050331072997846
all,SPY,raw_gbm2,364,0.0006316513979527018,0.12230374146750221
all,SPY,cal_gbm2,364,0.0006376468797924382,0.0732373744566007
all,SPY,static_gbm2,364,0.0006401754029652261,0.05738790306086385
all,QQQ,mean,364,0.0009501025716676351,
all,QQQ,raw_ridge100,364,0.0009487741452393516,0.07071533763229705
all,QQQ,cal_ridge100,364,0.0009531319723643989,0.034598736432604096
all,QQQ,static_ridge100,364,0.0009501249244440683,-0.11319999192517723
all,QQQ,raw_gbm2,364,0.000950112340559987,0.07599324828137323
all,QQQ,cal_gbm2,364,0.0009506889373463054,0.047784497260127054
all,QQQ,static_gbm2,364,0.0009471999262495352,0.12038713313705306
all,GLD,mean,364,0.0003806022453611423,
all,GLD,raw_ridge100,364,0.0003781783873544941,0.07999838886861889
all,GLD,cal_ridge100,364,0.00037713196019899335,0.11337770816947562
all,GLD,static_ridge100,364,0.00038059870536934833,0.06596126666123546
all,GLD,raw_gbm2,364,0.0003813866328123388,0.05816696195521488
all,GLD,cal_gbm2,364,0.0003801079170181985,0.0521648520939337
all,GLD,static_gbm2,364,0.00038043013640392387,0.059327095863909905
all,IWM,mean,364,0.0012015809357772008,
all,IWM,raw_ridge100,364,0.0011841117291286193,0.13404159425617265
all,IWM,cal_ridge100,364,0.0011930902003004114,0.09590951485506305
all,IWM,static_ridge100,364,0.0012015988064945676,-0.042911346758942745
all,IWM,raw_gbm2,364,0.0011856004848156175,0.1238637248038427
all,IWM,cal_gbm2,364,0.0011998395710594541,0.054684284128758025
all,IWM,static_gbm2,364,0.001199578929535908,0.05815613181176909
all,EFA,mean,364,0.000638029579613981,
all,EFA,raw_ridge100,364,0.0006208628434070592,0.1778489148300772
all,EFA,cal_ridge100,364,0.0006266325658968864,0.15293270416342022
all,EFA,static_ridge100,364,0.0006380294556420603,0.015086895472722593
all,EFA,raw_gbm2,364,0.0006225532149845741,0.1584066652703457
all,EFA,cal_gbm2,364,0.0006388856920111482,0.0361755221127791
all,EFA,static_gbm2,364,0.0006374107375469162,0.029339013344196342
all,EEM,mean,364,0.0007629709014704572,
all,EEM,raw_ridge100,364,0.0007494556656807897,0.13592676483957325
all,EEM,cal_ridge100,364,0.0007526278091284468,0.13254706159102742
all,EEM,static_ridge100,364,0.0007629838011871966,-0.014094454489555784
all,EEM,raw_gbm2,364,0.0007479750468240757,0.1502361410773449
all,EEM,cal_gbm2,364,0.0007563198230983099,0.1013618833587707
all,EEM,static_gbm2,364,0.0007610665987874425,0.06263422106086085
all,IEF,mean,364,8.886705513098261e-05,
all,IEF,raw_ridge100,364,9.126140353850694e-05,-0.0309693470147721
all,IEF,cal_ridge100,364,9.104594447012904e-05,-0.058812798609077364
all,IEF,static_ridge100,364,8.884169883954346e-05,0.07679421359093427
all,IEF,raw_gbm2,364,8.814673660930036e-05,0.07053531029160297
all,IEF,cal_gbm2,364,8.831484839923115e-05,0.06446762227267902
all,IEF,static_gbm2,364,8.826306122008539e-05,0.09544140231303713
all,TLT,mean,364,0.0004779194825233714,
all,TLT,raw_ridge100,364,0.0004847624990372722,-0.0073810551157651874
all,TLT,cal_ridge100,364,0.00048502771455034556,-0.03445638146439767
all,TLT,static_ridge100,364,0.00047790867141992566,0.05972958205925894
all,TLT,raw_gbm2,364,0.0004837934615942508,0.03291758534177302
all,TLT,cal_gbm2,364,0.0004881124169319465,-0.014787959494373422
all,TLT,static_gbm2,364,0.00047560928431568503,0.08356719402249158
excluding_2020,pooled,mean,2488,0.0004906274108936855,
excluding_2020,pooled,raw_ridge100,2488,0.0004957076887741158,0.007468649373391106
excluding_2020,pooled,cal_ridge100,2488,0.0004968439141628758,-0.029660820433786317
excluding_2020,pooled,static_ridge100,2488,0.0004906315404995297,-0.014904105762286018
excluding_2020,pooled,raw_gbm2,2488,0.0004941153710657224,0.0433432449313828
excluding_2020,pooled,cal_gbm2,2488,0.0004926921905913765,0.03922551917585815
excluding_2020,pooled,static_gbm2,2488,0.0004888907160843115,0.06539345726402619
excluding_2020,SPY,mean,311,0.000459961356169203,
excluding_2020,SPY,raw_ridge100,311,0.00046615651048711754,0.002164625835844258
excluding_2020,SPY,cal_ridge100,311,0.00046774636585848045,-0.04265110294004294
excluding_2020,SPY,static_ridge100,311,0.00045995913186003935,0.12940852135952396
excluding_2020,SPY,raw_gbm2,311,0.00046156023975329563,0.04419179776378066
excluding_2020,SPY,cal_gbm2,311,0.00045879430461154156,0.06358498307731539
excluding_2020,SPY,static_gbm2,311,0.00045888400560766955,0.06094901148457693
excluding_2020,QQQ,mean,311,0.0008107925080751071,
excluding_2020,QQQ,raw_ridge100,311,0.0008303748292370302,-0.031552467739821115
excluding_2020,QQQ,cal_ridge100,311,0.0008305323965390347,-0.06378710549535282
excluding_2020,QQQ,static_ridge100,311,0.0008108185256254603,-0.10890142018599865
excluding_2020,QQQ,raw_gbm2,311,0.0008178775753987665,0.05250887937408031
excluding_2020,QQQ,cal_gbm2,311,0.0008132771017897762,0.04778336903606219
excluding_2020,QQQ,static_gbm2,311,0.0008072635751102238,0.11401509799143668
excluding_2020,GLD,mean,311,0.0002688671692753524,
excluding_2020,GLD,raw_ridge100,311,0.0002726689247802764,-0.0417664600791972
excluding_2020,GLD,cal_ridge100,311,0.00026969741579097105,-0.01855318528888653
excluding_2020,GLD,static_ridge100,311,0.00026886418286372867,0.065513255309022
excluding_2020,GLD,raw_gbm2,311,0.0002710740531424491,0.015022310294162742
excluding_2020,GLD,cal_gbm2,311,0.00026882309932455646,0.03453250488882481
excluding_2020,GLD,static_gbm2,311,0.0002685942086330658,0.06313908484104076
excluding_2020,IWM,mean,311,0.000865968465642337,
excluding_2020,IWM,raw_ridge100,311,0.0008682184316820621,0.04850554929596457
excluding_2020,IWM,cal_ridge100,311,0.0008747508600003593,-0.023076422141061658
excluding_2020,IWM,static_ridge100,311,0.0008659934539947533,-0.051088021189842896
excluding_2020,IWM,raw_gbm2,311,0.0008759974078149811,0.029281908164324473
excluding_2020,IWM,cal_gbm2,311,0.0008692495591282609,0.04369387375802046
excluding_2020,IWM,static_gbm2,311,0.0008635426766243704,0.053397055091550814
excluding_2020,EFA,mean,311,0.00041582113171307125,
excluding_2020,EFA,raw_ridge100,311,0.00041538269659170755,0.05747757639276692
excluding_2020,EFA,cal_ridge100,311,0.0004177888402339331,0.016215228834874727
excluding_2020,EFA,static_ridge100,311,0.00041582210616134067,0.007351599436753073
excluding_2020,EFA,raw_gbm2,311,0.0004206488698980893,0.012333616230876716
excluding_2020,EFA,cal_gbm2,311,0.00042126218932045216,0.000636355377129081
excluding_2020,EFA,static_gbm2,311,0.00041503448465259214,0.02319037839199831
excluding_2020,EEM,mean,311,0.0006400295788330513,
excluding_2020,EEM,raw_ridge100,311,0.0006367341905438533,0.06393182878881826
excluding_2020,EEM,cal_ridge100,311,0.0006382124357151995,0.06058647373036874
excluding_2020,EEM,static_ridge100,311,0.0006400605877921484,-0.04527549216413036
excluding_2020,EEM,raw_gbm2,311,0.0006323574206245698,0.13209175612401386
excluding_2020,EEM,cal_gbm2,311,0.0006345573928519614,0.11122452212109443
excluding_2020,EEM,static_gbm2,311,0.0006376508942551067,0.04087667503575989
excluding_2020,IEF,mean,311,8.686717953424731e-05,
excluding_2020,IEF,raw_ridge100,311,8.974331263279233e-05,-0.04167771222693053
excluding_2020,IEF,cal_ridge100,311,8.952197095057322e-05,-0.07283254378202357
excluding_2020,IEF,static_ridge100,311,8.683533201517988e-05,0.08758460527725438
excluding_2020,IEF,raw_gbm2,311,8.606479305319212e-05,0.061610898742351046
excluding_2020,IEF,cal_gbm2,311,8.624119571855881e-05,0.05323282436554867
excluding_2020,IEF,static_gbm2,311,8.616339391709004e-05,0.0888846420671443
excluding_2020,TLT,mean,311,0.0003767118979071148,
excluding_2020,TLT,raw_ridge100,311,0.00038638261423808753,-0.04944250917244019
excluding_2020,TLT,cal_ridge100,311,0.00038650102821445435,-0.07915944792133546
excluding_2020,TLT,static_ridge100,311,0.00037669900368358716,0.06693656254397179
excluding_2020,TLT,raw_gbm2,311,0.0003873426088404355,0.003569075964715151
excluding_2020,TLT,cal_gbm2,311,0.00038933268198590454,-0.020781254960313557
excluding_2020,TLT,static_gbm2,311,0.0003739924898743735,0.09076215751807157
2018,pooled,mean,416,0.0004682103391920498,
2018,pooled,raw_ridge100,416,0.00046801140669702144,0.08834528523697312
2018,pooled,cal_ridge100,416,0.0004682103391920498,
2018,pooled,static_ridge100,416,0.0004682103391920498,
2018,pooled,raw_gbm2,416,0.00047709030080061743,0.04929990926676985
2018,pooled,cal_gbm2,416,0.0004682103391920498,
2018,pooled,static_gbm2,416,0.0004682103391920498,
2018,SPY,mean,52,0.0005979829274442359,
2018,SPY,raw_ridge100,52,0.0006019988244112509,0.10426654694156877
2018,SPY,cal_ridge100,52,0.0005979829274442359,
2018,SPY,static_ridge100,52,0.0005979829274442359,
2018,SPY,raw_gbm2,52,0.0006118726286309934,-0.023539638284090794
2018,SPY,cal_gbm2,52,0.0005979829274442359,
2018,SPY,static_gbm2,52,0.0005979829274442359,
2018,QQQ,mean,52,0.0008552062565439723,
2018,QQQ,raw_ridge100,52,0.0008597580001969446,0.09921014960114694
2018,QQQ,cal_ridge100,52,0.0008552062565439723,
2018,QQQ,static_ridge100,52,0.0008552062565439723,
2018,QQQ,raw_gbm2,52,0.0008767883359045417,0.09260299512879493
2018,QQQ,cal_gbm2,52,0.0008552062565439723,
2018,QQQ,static_gbm2,52,0.0008552062565439723,
2018,GLD,mean,52,0.00014240827244485564,
2018,GLD,raw_ridge100,52,0.00014436691754079906,-0.10856004791200775
2018,GLD,cal_ridge100,52,0.00014240827244485564,
2018,GLD,static_ridge100,52,0.00014240827244485564,
2018,GLD,raw_gbm2,52,0.00014215232632725264,-0.03731907088794296
2018,GLD,cal_gbm2,52,0.00014240827244485564,
2018,GLD,static_gbm2,52,0.00014240827244485564,
2018,IWM,mean,52,0.0007794582318981822,
2018,IWM,raw_ridge100,52,0.0007918105873280888,0.02574978505658286
2018,IWM,cal_ridge100,52,0.0007794582318981822,
2018,IWM,static_ridge100,52,0.0007794582318981822,
2018,IWM,raw_gbm2,52,0.0008321237707463304,-0.08272292708443753
2018,IWM,cal_gbm2,52,0.0007794582318981822,
2018,IWM,static_gbm2,52,0.0007794582318981822,
2018,EFA,mean,52,0.00043150761513713337,
2018,EFA,raw_ridge100,52,0.0004306975014051358,0.1655565789348427
2018,EFA,cal_ridge100,52,0.00043150761513713337,
2018,EFA,static_ridge100,52,0.00043150761513713337,
2018,EFA,raw_gbm2,52,0.0004240564021372974,0.11213966651719154
2018,EFA,cal_gbm2,52,0.00043150761513713337,
2018,EFA,static_gbm2,52,0.00043150761513713337,
2018,EEM,mean,52,0.0007511190019054716,
2018,EEM,raw_ridge100,52,0.0007400383395518427,0.2805463912037734
2018,EEM,cal_ridge100,52,0.0007511190019054716,
2018,EEM,static_ridge100,52,0.0007511190019054716,
2018,EEM,raw_gbm2,52,0.0007447509917345961,0.22570277589887675
2018,EEM,cal_gbm2,52,0.0007511190019054716,
2018,EEM,static_gbm2,52,0.0007511190019054716,
2018,IEF,mean,52,2.9984783420163275e-05,
2018,IEF,raw_ridge100,52,2.7485503820417567e-05,0.3886630433849973
2018,IEF,cal_ridge100,52,2.9984783420163275e-05,
2018,IEF,static_ridge100,52,2.9984783420163275e-05,
2018,IEF,raw_gbm2,52,3.019753989503395e-05,-0.07588063731367845
2018,IEF,cal_gbm2,52,2.9984783420163275e-05,
2018,IEF,static_gbm2,52,2.9984783420163275e-05,
2018,TLT,mean,52,0.00015801562474238425,
2018,TLT,raw_ridge100,52,0.00014793557932169153,0.38210179056924254
2018,TLT,cal_ridge100,52,0.00015801562474238425,
2018,TLT,static_ridge100,52,0.00015801562474238425,
2018,TLT,raw_gbm2,52,0.00015478041102889381,0.12020687348954244
2018,TLT,cal_gbm2,52,0.00015801562474238425,
2018,TLT,static_gbm2,52,0.00015801562474238425,
2019,pooled,mean,416,0.00030022938650265784,
2019,pooled,raw_ridge100,416,0.00029790050994113937,0.1198882533191714
2019,pooled,cal_ridge100,416,0.00030022938650265784,
2019,pooled,static_ridge100,416,0.00030022938650265784,
2019,pooled,raw_gbm2,416,0.00030265667563943806,0.047419242211778866
2019,pooled,cal_gbm2,416,0.00030022938650265784,
2019,pooled,static_gbm2,416,0.00030022938650265784,
2019,SPY,mean,52,0.00025733856118537694,
2019,SPY,raw_ridge100,52,0.00024788755618958725,0.3063074810323177
2019,SPY,cal_ridge100,52,0.00025733856118537694,
2019,SPY,static_ridge100,52,0.00025733856118537694,
2019,SPY,raw_gbm2,52,0.000260616980006062,0.010837320774929072
2019,SPY,cal_gbm2,52,0.00025733856118537694,
2019,SPY,static_gbm2,52,0.00025733856118537694,
2019,QQQ,mean,52,0.0003782512124193072,
2019,QQQ,raw_ridge100,52,0.00037086239714883337,0.17850116951693382
2019,QQQ,cal_ridge100,52,0.0003782512124193072,
2019,QQQ,static_ridge100,52,0.0003782512124193072,
2019,QQQ,raw_gbm2,52,0.000381876454618986,0.030937152162171352
2019,QQQ,cal_gbm2,52,0.0003782512124193072,
2019,QQQ,static_gbm2,52,0.0003782512124193072,
2019,GLD,mean,52,0.00027990551850102385,
2019,GLD,raw_ridge100,52,0.00028264279872674414,0.07736689842536351
2019,GLD,cal_ridge100,52,0.00027990551850102385,
2019,GLD,static_ridge100,52,0.00027990551850102385,
2019,GLD,raw_gbm2,52,0.00028937562392808707,0.06395469386008136
2019,GLD,cal_gbm2,52,0.00027990551850102385,
2019,GLD,static_gbm2,52,0.00027990551850102385,
2019,IWM,mean,52,0.000420290020003799,
2019,IWM,raw_ridge100,52,0.0004119862399866837,0.16640064546639763
2019,IWM,cal_ridge100,52,0.000420290020003799,
2019,IWM,static_ridge100,52,0.000420290020003799,
2019,IWM,raw_gbm2,52,0.0004278472915889488,-0.09344468990864227
2019,IWM,cal_gbm2,52,0.000420290020003799,
2019,IWM,static_gbm2,52,0.000420290020003799,
2019,EFA,mean,52,0.00023126740576471814,
2019,EFA,raw_ridge100,52,0.00022790730839933034,0.2237768492457492
2019,EFA,cal_ridge100,52,0.00023126740576471814,
2019,EFA,static_ridge100,52,0.00023126740576471814,
2019,EFA,raw_gbm2,52,0.00023641309155452542,-0.06120908764654787
2019,EFA,cal_gbm2,52,0.00023126740576471814,
2019,EFA,static_gbm2,52,0.00023126740576471814,
2019,EEM,mean,52,0.0005057500731742632,
2019,EEM,raw_ridge100,52,0.0005052125089408211,0.08294469200905923
2019,EEM,cal_ridge100,52,0.0005057500731742632,
2019,EEM,static_ridge100,52,0.0005057500731742632,
2019,EEM,raw_gbm2,52,0.0005086284338988725,-0.007544212566979827
2019,EEM,cal_gbm2,52,0.0005057500731742632,
2019,EEM,static_gbm2,52,0.0005057500731742632,
2019,IEF,mean,52,4.874613907002598e-05,
2019,IEF,raw_ridge100,52,5.0779382314608434e-05,-0.17287415191072478
2019,IEF,cal_ridge100,52,4.874613907002598e-05,
2019,IEF,static_ridge100,52,4.874613907002598e-05,
2019,IEF,raw_gbm2,52,4.751974476318752e-05,0.16583960057397826
2019,IEF,cal_gbm2,52,4.874613907002598e-05,
2019,IEF,static_gbm2,52,4.874613907002598e-05,
2019,TLT,mean,52,0.00028028616190274824,
2019,TLT,raw_ridge100,52,0.0002859258878225064,-0.06827915658208059
2019,TLT,cal_ridge100,52,0.00028028616190274824,
2019,TLT,static_ridge100,52,0.00028028616190274824,
2019,TLT,raw_gbm2,52,0.00026897578475683576,0.2424847188256072
2019,TLT,cal_gbm2,52,0.00028028616190274824,
2019,TLT,static_gbm2,52,0.00028028616190274824,
2020,pooled,mean,424,0.0015346418470687188,
2020,pooled,raw_ridge100,424,0.0014593411444947615,0.22777478850542923
2020,pooled,cal_ridge100,424,0.0014748399103386798,0.22777478850542904
2020,pooled,static_ridge100,424,0.0015346295779184716,0.033626995732701594
2020,pooled,raw_gbm2,424,0.0014713320468587709,0.20269705676453503
2020,pooled,cal_gbm2,424,0.0015214888796882427,0.20269705676453514
2020,pooled,static_gbm2,424,0.001535054486837811,-0.025681518511930315
2020,SPY,mean,53,0.0017036730349001476,
2020,SPY,raw_ridge100,53,0.001596427755882031,0.2743288135455207
2020,SPY,cal_ridge100,53,0.0016182673185613017,0.27432881354552074
2020,SPY,static_ridge100,53,0.0017036905040639064,
2020,SPY,raw_gbm2,53,0.0016297334771982748,0.20713050077529263
2020,SPY,cal_gbm2,53,0.0016871402926463789,0.20713050077529263
2020,SPY,static_gbm2,53,0.001703979640289756,
2020,QQQ,mean,53,0.0017675635108615243,
2020,QQQ,raw_ridge100,53,0.0016435323957435413,0.28091866368144597
2020,QQQ,cal_ridge100,53,0.0016725370305094602,0.2809186636814459
2020,QQQ,static_ridge100,53,0.0017675643590211831,
2020,QQQ,raw_gbm2,53,0.001726055962543753,0.16205178132590745
2020,QQQ,cal_gbm2,53,0.0017570112176874477,0.16205178132590756
2020,QQQ,static_gbm2,53,0.001768335873500966,
2020,GLD,mean,53,0.0010362552389966261,
2020,GLD,raw_ridge100,53,0.000997299950761696,0.29276186792559317
2020,GLD,cal_ridge100,53,0.0010075497585177668,0.2927618679255932
2020,GLD,static_ridge100,53,0.001036248450638173,
2020,GLD,raw_gbm2,53,0.001028692524837541,0.0973294387398701
2020,GLD,cal_gbm2,53,0.0010331188283903248,0.0973294387398701
2020,GLD,static_gbm2,53,0.00103667492011594,
2020,IWM,mean,53,0.0031709295812855534,
2020,IWM,raw_ridge100,53,0.0030377497575414373,0.2032815691689781
2020,IWM,cal_ridge100,53,0.0030610814235705274,0.2032815691689782
2020,IWM,static_ridge100,53,0.0031709056862576296,
2020,IWM,raw_gbm2,53,0.0030023279743853913,0.26103180524317104
2020,IWM,cal_gbm2,53,0.0031397168108821157,0.261031805243171
2020,IWM,static_gbm2,53,0.003171414300394178,
2020,EFA,mean,53,0.0019419319814476213,
2020,EFA,raw_ridge100,53,0.001826604836983933,0.282678532481394
2020,EFA,cal_ridge100,53,0.0018521117862964798,0.2826785324813941
2020,EFA,static_ridge100,53,0.0019419254120289255,
2020,EFA,raw_gbm2,53,0.0018073126738882867,0.28601013105179457
2020,EFA,cal_gbm2,53,0.001915883981384855,0.28601013105179457
2020,EFA,static_gbm2,53,0.0019422978064173831,
2020,EEM,mean,53,0.001484381304116368,
2020,EEM,raw_ridge100,53,0.00141089677450319,0.19817017395577996
2020,EEM,cal_ridge100,53,0.0014240085851948605,0.19817017395577988
2020,EEM,static_ridge100,53,0.0014842879401656872,
2020,EEM,raw_gbm2,53,0.0014264105515041947,0.17127888048842602
2020,EEM,cal_gbm2,53,0.0014708125741665057,0.1712788804884261
2020,EEM,static_gbm2,53,0.001485260638590394,
2020,IEF,mean,53,0.00010060217419861793,
2020,IEF,raw_ridge100,53,0.00010016944640034183,0.09730621338668352
2020,IEF,cal_ridge100,53,9.998850606601322e-05,0.09730621338668348
2020,IEF,static_ridge100,53,0.00010061490794099766,
2020,IEF,raw_gbm2,53,0.00010036342426872795,0.05110897166611372
2020,IEF,cal_gbm2,53,0.00010048288582732735,0.05110897166611363
2020,IEF,static_gbm2,53,0.00010058375048860533,
2020,TLT,mean,53,0.0010717979507432918,
2020,TLT,raw_ridge100,53,0.0010620482381419219,0.09422257382447018
2020,TLT,cal_ridge100,53,0.0010631748739930278,0.09422257382447012
2020,TLT,static_ridge100,53,0.0010717993632312695,
2020,TLT,raw_gbm2,53,0.0010497597862439974,0.1656689304196249
2020,TLT,cal_gbm2,53,0.0010677444465209851,0.1656689304196249
2020,TLT,static_gbm2,53,0.0010718889649052672,
2021,pooled,mean,416,0.0004294791278106967,
2021,pooled,raw_ridge100,416,0.00042723182810573825,0.0654428359720021
2021,pooled,cal_ridge100,416,0.00042723182810573825,0.0654428359720021
2021,pooled,static_ridge100,416,0.00042948171492313323,-0.005216321163671901
2021,pooled,raw_gbm2,416,0.0004241966670138466,0.1101630391802918
2021,pooled,cal_gbm2,416,0.0004241966670138466,0.1101630391802918
2021,pooled,static_gbm2,416,0.0004291570497470019,-0.007583482250657359
2021,SPY,mean,52,0.0003328336610668265,
2021,SPY,raw_ridge100,52,0.00033242947735199146,0.2899927339204449
2021,SPY,cal_ridge100,52,0.00033242947735199146,0.2899927339204449
2021,SPY,static_ridge100,52,0.00033283387041788636,
2021,SPY,raw_gbm2,52,0.0003343627708118417,0.2049018363974334
2021,SPY,cal_gbm2,52,0.0003343627708118417,0.2049018363974334
2021,SPY,static_gbm2,52,0.0003379830160990643,
2021,QQQ,mean,52,0.0007323605208057805,
2021,QQQ,raw_ridge100,52,0.0007142351746103159,0.22709153557538722
2021,QQQ,cal_ridge100,52,0.0007142351746103159,0.22709153557538722
2021,QQQ,static_ridge100,52,0.0007323611579413109,
2021,QQQ,raw_gbm2,52,0.0007200525129140507,0.15092729452947995
2021,QQQ,cal_gbm2,52,0.0007200525129140507,0.15092729452947995
2021,QQQ,static_gbm2,52,0.0007332541177661081,
2021,GLD,mean,52,0.0002407317796697927,
2021,GLD,raw_ridge100,52,0.0002469015397115412,-0.08674103756136269
2021,GLD,cal_ridge100,52,0.0002469015397115412,-0.08674103756136269
2021,GLD,static_ridge100,52,0.00024071959874533385,
2021,GLD,raw_gbm2,52,0.00024193001560465514,-0.053176522095107016
2021,GLD,cal_gbm2,52,0.00024193001560465514,-0.053176522095107016
2021,GLD,static_gbm2,52,0.00023911538134528462,
2021,IWM,mean,52,0.0009689538135817682,
2021,IWM,raw_ridge100,52,0.0009739086993970229,-0.010976196859439766
2021,IWM,cal_ridge100,52,0.0009739086993970229,-0.010976196859439766
2021,IWM,static_ridge100,52,0.0009689776491290916,
2021,IWM,raw_gbm2,52,0.0009499211101189816,0.15993912234429186
2021,IWM,cal_gbm2,52,0.0009499211101189816,0.15993912234429186
2021,IWM,static_gbm2,52,0.000967743793418574,
2021,EFA,mean,52,0.0002881267907993789,
2021,EFA,raw_ridge100,52,0.00028680976305801923,0.2276932178720774
2021,EFA,cal_ridge100,52,0.00028680976305801923,0.2276932178720774
2021,EFA,static_ridge100,52,0.0002881224824881463,
2021,EFA,raw_gbm2,52,0.0002885558337781892,0.07626279520455517
2021,EFA,cal_gbm2,52,0.0002885558337781892,0.07626279520455517
2021,EFA,static_gbm2,52,0.00029054532320608675,
2021,EEM,mean,52,0.0005670523648571756,
2021,EEM,raw_ridge100,52,0.0005561205291126279,0.10826507691591618
2021,EEM,cal_ridge100,52,0.0005561205291126279,0.10826507691591618
2021,EEM,static_ridge100,52,0.000567136765946789,
2021,EEM,raw_gbm2,52,0.0005548984969156945,0.17556841278046087
2021,EEM,cal_gbm2,52,0.0005548984969156945,0.17556841278046087
2021,EEM,static_gbm2,52,0.0005620648341466059,
2021,IEF,mean,52,4.3908192386613775e-05,
2021,IEF,raw_ridge100,52,4.316144086641517e-05,0.13086468530856418
2021,IEF,cal_ridge100,52,4.316144086641517e-05,0.13086468530856418
2021,IEF,static_ridge100,52,4.3855492245948314e-05,
2021,IEF,raw_gbm2,52,4.294385131019877e-05,
2021,IEF,cal_gbm2,52,4.294385131019877e-05,
2021,IEF,static_gbm2,52,4.294385131019877e-05,
2021,TLT,mean,52,0.00026186589931823773,
2021,TLT,raw_ridge100,52,0.00026428800073797235,0.010058705903950848
2021,TLT,cal_ridge100,52,0.00026428800073797235,0.010058705903950848
2021,TLT,static_ridge100,52,0.0002618467024705592,
2021,TLT,raw_gbm2,52,0.00026090874465716125,0.009288138213052285
2021,TLT,cal_gbm2,52,0.00026090874465716125,0.009288138213052285
2021,TLT,static_gbm2,52,0.0002596060806840925,
2022,pooled,mean,416,0.0008185937362418656,
2022,pooled,raw_ridge100,416,0.0008580205074221731,0.08372598341110137
2022,pooled,cal_ridge100,416,0.0008580205074221731,0.08372598341110137
2022,pooled,static_ridge100,416,0.0008186158473489971,-0.039020938879220424
2022,pooled,raw_gbm2,416,0.0008377903440980536,0.1027148554142594
2022,pooled,cal_gbm2,416,0.0008377903440980536,0.1027148554142594
2022,pooled,static_gbm2,416,0.0008079861663429014,0.046440533650620286
2022,SPY,mean,52,0.0008773343353254415,
2022,SPY,raw_ridge100,52,0.0009242988654511476,0.23341793784866802
2022,SPY,cal_ridge100,52,0.0009242988654511476,0.23341793784866802
2022,SPY,static_ridge100,52,0.0008773208228945762,
2022,SPY,raw_gbm2,52,0.0008692560784200006,0.19825367604569027
2022,SPY,cal_gbm2,52,0.0008692560784200006,0.19825367604569027
2022,SPY,static_gbm2,52,0.0008648955655261933,
2022,QQQ,mean,52,0.0015283668489557705,
2022,QQQ,raw_ridge100,52,0.0016645519126951096,0.27873375459969385
2022,QQQ,cal_ridge100,52,0.0016645519126951096,0.27873375459969385
2022,QQQ,static_ridge100,52,0.0015285218167848517,
2022,QQQ,raw_gbm2,52,0.0015559260109791096,0.11086723486579021
2022,QQQ,cal_gbm2,52,0.0015559260109791096,0.11086723486579021
2022,QQQ,static_gbm2,52,0.0015026316088875605,
2022,GLD,mean,52,0.0003728449736947623,
2022,GLD,raw_ridge100,52,0.0003716407264675786,0.09257224776773898
2022,GLD,cal_ridge100,52,0.0003716407264675786,0.09257224776773898
2022,GLD,static_ridge100,52,0.0003728392935804713,
2022,GLD,raw_gbm2,52,0.00037051809054500527,0.06451989091547669
2022,GLD,cal_gbm2,52,0.00037051809054500527,0.06451989091547669
2022,GLD,static_gbm2,52,0.00037183540946934184,
2022,IWM,mean,52,0.0010263110212421981,
2022,IWM,raw_ridge100,52,0.001073881609375884,0.2364931498208968
2022,IWM,cal_ridge100,52,0.001073881609375884,0.2364931498208968
2022,IWM,static_ridge100,52,0.0010264366352641335,
2022,IWM,raw_gbm2,52,0.0010727948437627734,0.062222630824100886
2022,IWM,cal_gbm2,52,0.0010727948437627734,0.062222630824100886
2022,IWM,static_gbm2,52,0.001012510208750077,
2022,EFA,mean,52,0.0008676504845000515,
2022,EFA,raw_ridge100,52,0.0008807359228181044,0.21702373159146612
2022,EFA,cal_ridge100,52,0.0008807359228181044,0.21702373159146612
2022,EFA,static_ridge100,52,0.0008676606207615103,
2022,EFA,raw_gbm2,52,0.0009006255820830446,0.05213624235571858
2022,EFA,cal_gbm2,52,0.0009006255820830446,0.05213624235571858
2022,EFA,static_gbm2,52,0.0008606502644331589,
2022,EEM,mean,52,0.0009782582918024365,
2022,EEM,raw_ridge100,52,0.000978322213899832,0.19740503746187427
2022,EEM,cal_ridge100,52,0.000978322213899832,0.19740503746187427
2022,EEM,static_ridge100,52,0.0009783593481412695,
2022,EEM,raw_gbm2,52,0.0009618975417467841,0.2617312106513443
2022,EEM,cal_gbm2,52,0.0009618975417467841,0.2617312106513443
2022,EEM,static_gbm2,52,0.0009693955988812,
2022,IEF,mean,52,0.0001918787260096297,
2022,IEF,raw_ridge100,52,0.0002085031723467006,0.05127356580800233
2022,IEF,cal_ridge100,52,0.0002085031723467006,0.05127356580800233
2022,IEF,static_ridge100,52,0.0001917409534881803,
2022,IEF,raw_gbm2,52,0.00018922420570314147,-0.050020634040549704
2022,IEF,cal_gbm2,52,0.00018922420570314147,-0.050020634040549704
2022,IEF,static_gbm2,52,0.00018879416245747778,
2022,TLT,mean,52,0.0007061052084046348,
2022,TLT,raw_ridge100,52,0.0007622296363230269,0.10263846547564869
2022,TLT,cal_ridge100,52,0.0007622296363230269,0.10263846547564869
2022,TLT,static_ridge100,52,0.0007060472878769846,
2022,TLT,raw_gbm2,52,0.0007820803995445693,0.10078113587215022
2022,TLT,cal_gbm2,52,0.0007820803995445693,0.10078113587215022
2022,TLT,static_gbm2,52,0.0006931765123382009,
2023,pooled,mean,416,0.0004269344480234488,
2023,pooled,raw_ridge100,416,0.0004249701350595353,0.07077971830178821
2023,pooled,cal_ridge100,416,0.0004269344480234488,
2023,pooled,static_ridge100,416,0.0004269344480234488,
2023,pooled,raw_gbm2,416,0.000425668071770607,0.0655087163217652
2023,pooled,cal_gbm2,416,0.00042631488508624216,0.06550871632176535
2023,pooled,static_gbm2,416,0.00042724668678708076,-0.030857007019575906
2023,SPY,mean,52,0.0003268301124576739,
2023,SPY,raw_ridge100,52,0.00032491731005917975,0.13100885536810208
2023,SPY,cal_ridge100,52,0.0003268301124576739,
2023,SPY,static_ridge100,52,0.0003268301124576739,
2023,SPY,raw_gbm2,52,0.00032836548140480524,-0.006432144419259534
2023,SPY,cal_gbm2,52,0.00032713982817142933,-0.006432144419259515
2023,SPY,static_gbm2,52,0.00032718957051614255,
2023,QQQ,mean,52,0.0005852539496353335,
2023,QQQ,raw_ridge100,52,0.000594827679570175,-0.042815042463977375
2023,QQQ,cal_ridge100,52,0.0005852539496353335,
2023,QQQ,static_ridge100,52,0.0005852539496353335,
2023,QQQ,raw_gbm2,52,0.0005832510008943615,0.07988897429953476
2023,QQQ,cal_gbm2,52,0.000584397809702479,0.07988897429953491
2023,QQQ,static_gbm2,52,0.0005882816937477765,
2023,GLD,mean,52,0.000305063287150319,
2023,GLD,raw_ridge100,52,0.00031384082652263974,-0.120476735937664
2023,GLD,cal_ridge100,52,0.000305063287150319,
2023,GLD,static_ridge100,52,0.000305063287150319,
2023,GLD,raw_gbm2,52,0.00030580967990911657,-0.008923272913026277
2023,GLD,cal_gbm2,52,0.0003051432204394935,-0.008923272913026222
2023,GLD,static_gbm2,52,0.0003050462259696089,
2023,IWM,mean,52,0.0008502060823203198,
2023,IWM,raw_ridge100,52,0.0008238475526433029,0.30055683399231486
2023,IWM,cal_ridge100,52,0.0008502060823203198,
2023,IWM,static_ridge100,52,0.0008502060823203198,
2023,IWM,raw_gbm2,52,0.0008414514536123954,0.1445532173792439
2023,IWM,cal_gbm2,52,0.0008473493536073236,0.14455321737924393
2023,IWM,static_gbm2,52,0.0008503182397628722,
2023,EFA,mean,52,0.00032433114586072527,
2023,EFA,raw_ridge100,52,0.0003166506664101154,0.23911488869007527
2023,EFA,cal_ridge100,52,0.00032433114586072527,
2023,EFA,static_ridge100,52,0.00032433114586072527,
2023,EFA,raw_gbm2,52,0.00032403903554120234,0.05164184418623384
2023,EFA,cal_gbm2,52,0.000324036172964158,0.05164184418623387
2023,EFA,static_gbm2,52,0.0003245274383746064,
2023,EEM,mean,52,0.00046424363289868326,
2023,EEM,raw_ridge100,52,0.0004573103886296752,0.13394483789802195
2023,EEM,cal_ridge100,52,0.00046424363289868326,
2023,EEM,static_ridge100,52,0.00046424363289868326,
2023,EEM,raw_gbm2,52,0.00045573809171340024,0.164000321974997
2023,EEM,cal_gbm2,52,0.00046145141871017437,0.16400032197499706
2023,EEM,static_gbm2,52,0.0004636003510672388,
2023,IEF,mean,52,0.0001056322047759262,
2023,IEF,raw_ridge100,52,0.0001080327473607577,0.008094271943682941
2023,IEF,cal_ridge100,52,0.0001056322047759262,
2023,IEF,static_ridge100,52,0.0001056322047759262,
2023,IEF,raw_gbm2,52,0.00010589558870613701,-0.1099234203906804
2023,IEF,cal_gbm2,52,0.00010562548740121477,-0.10992342039068032
2023,IEF,static_gbm2,52,0.00010558641539626415,
2023,TLT,mean,52,0.0004539151690886094,
2023,TLT,raw_ridge100,52,0.0004603339092804371,-0.03536668508946291
2023,TLT,cal_ridge100,52,0.0004539151690886094,
2023,TLT,static_ridge100,52,0.0004539151690886094,
2023,TLT,raw_gbm2,52,0.00046079424238343786,-0.1717104293745775
2023,TLT,cal_gbm2,52,0.00045537578969366446,-0.17171042937457753
2023,TLT,static_gbm2,52,0.00045342355946213656,
2024,pooled,mean,408,0.0005005074279188005,
2024,pooled,raw_ridge100,408,0.0004981588837846755,0.07414935584854918
2024,pooled,cal_ridge100,408,0.0005005074279188005,
2024,pooled,static_ridge100,408,0.0005005074279188005,
2024,pooled,raw_gbm2,408,0.0004973524179738508,0.09764316135083027
2024,pooled,cal_gbm2,408,0.0004995432732448998,0.09764316135083018
2024,pooled,static_gbm2,408,0.0005007425885586843,-0.01893436642381309
2024,SPY,mean,51,0.0003656345627389271,
2024,SPY,raw_ridge100,51,0.0003634315494394003,0.17639259841387447
2024,SPY,cal_ridge100,51,0.0003656345627389271,
2024,SPY,static_ridge100,51,0.0003656345627389271,
2024,SPY,raw_gbm2,51,0.00036299195531455636,0.20069056153029463
2024,SPY,cal_gbm2,51,0.00036487960981332205,0.20069056153029452
2024,SPY,static_gbm2,51,0.0003661306749782853,
2024,QQQ,mean,51,0.000784816725816271,
2024,QQQ,raw_ridge100,51,0.0007769871245726405,0.14099768314612118
2024,QQQ,cal_ridge100,51,0.000784816725816271,
2024,QQQ,static_ridge100,51,0.000784816725816271,
2024,QQQ,raw_gbm2,51,0.0007888121873106227,-0.007777173891694393
2024,QQQ,cal_gbm2,51,0.0007852906063442476,-0.007777173891694422
2024,QQQ,static_gbm2,51,0.0007855387767120382,
2024,GLD,mean,51,0.00027231549820932213,
2024,GLD,raw_ridge100,51,0.00027669822627965167,-0.12813916047763757
2024,GLD,cal_ridge100,51,0.00027231549820932213,
2024,GLD,static_ridge100,51,0.00027231549820932213,
2024,GLD,raw_gbm2,51,0.000276768083117012,0.05401332142875408
2024,GLD,cal_gbm2,51,0.0002731160348650063,0.05401332142875407
2024,GLD,static_gbm2,51,0.0002733458212336758,
2024,IWM,mean,51,0.0011561724710659003,
2024,IWM,raw_ridge100,51,0.0011390848713551018,0.18296380930003658
2024,IWM,cal_ridge100,51,0.0011561724710659003,
2024,IWM,static_ridge100,51,0.0011561724710659003,
2024,IWM,raw_gbm2,51,0.0011368626156731123,0.174337018556225
2024,IWM,cal_gbm2,51,0.001151104074520667,0.1743370185562251
2024,IWM,static_gbm2,51,0.0011565707206046454,
2024,EFA,mean,51,0.0003507928034419762,
2024,EFA,raw_ridge100,51,0.00034820310218243845,0.06547236762531139
2024,EFA,cal_ridge100,51,0.0003507928034419762,
2024,EFA,static_ridge100,51,0.0003507928034419762,
2024,EFA,raw_gbm2,51,0.0003488219881059665,0.05983982424333842
2024,EFA,cal_gbm2,51,0.000350214219075372,0.05983982424333845
2024,EFA,static_gbm2,51,0.0003504671821046976,
2024,EEM,mean,51,0.0005724545893313996,
2024,EEM,raw_ridge100,51,0.0005823554174927227,-0.10206732882607596
2024,EEM,cal_ridge100,51,0.0005724545893313996,
2024,EEM,static_ridge100,51,0.0005724545893313996,
2024,EEM,raw_gbm2,51,0.0005669735863089249,0.15878659740180628
2024,EEM,cal_gbm2,51,0.0005710056762634471,0.15878659740180628
2024,EEM,static_gbm2,51,0.0005727269693382278,
2024,IEF,mean,51,0.0001013311855040834,
2024,IEF,raw_ridge100,51,0.00010070849803795368,0.14953033184770442
2024,IEF,cal_ridge100,51,0.0001013311855040834,
2024,IEF,static_ridge100,51,0.0001013311855040834,
2024,IEF,raw_gbm2,51,0.00010089298548828261,-0.012524228488050976
2024,IEF,cal_gbm2,51,0.00010121058018480565,-0.01252422848805098
2024,IEF,static_gbm2,51,0.00010121445533725974,
2024,TLT,mean,51,0.0004005415872425248,
2024,TLT,raw_ridge100,51,0.000397802280917495,0.1040487017187072
2024,TLT,cal_ridge100,51,0.0004005415872425248,
2024,TLT,static_ridge100,51,0.0004005415872425248,
2024,TLT,raw_gbm2,51,0.0003966959424723284,0.09400769627181861
2024,TLT,cal_gbm2,51,0.00039952538489233054,0.09400769627181864
2024,TLT,static_gbm2,51,0.0003999461081606452,
