period,asset,model,bin,lower,upper,rows,mean_probability,event_fraction
all,pooled,logistic,0,0.0,0.2,820,0.12242838322939724,0.1719512195121951
all,pooled,logistic,1,0.2,0.4,243,0.26091897040197626,0.23868312757201646
all,pooled,logistic,2,0.4,0.6,10,0.46887932332291593,0.2
all,pooled,logistic,3,0.6,0.8,5,0.7390822686316864,0.2
all,pooled,logistic,4,0.8,1.0,5,0.8558925858602215,0.0
all,pooled,gbm,0,0.0,0.2,740,0.13290484629385493,0.15945945945945947
all,pooled,gbm,1,0.2,0.4,334,0.25991333315679344,0.25149700598802394
all,pooled,gbm,2,0.4,0.6,9,0.44195120099972496,0.0
all,pooled,gbm,3,0.6,0.8,0,,
all,pooled,gbm,4,0.8,1.0,0,,
all,pooled,past_frequency,0,0.0,0.2,983,0.1451846478414865,0.18921668362156663
all,pooled,past_frequency,1,0.2,0.4,100,0.24956006145046358,0.16
all,pooled,past_frequency,2,0.4,0.6,0,,
all,pooled,past_frequency,3,0.6,0.8,0,,
all,pooled,past_frequency,4,0.8,1.0,0,,
all,SPY,logistic,0,0.0,0.2,330,0.11925844539201594,0.18484848484848485
all,SPY,logistic,1,0.2,0.4,25,0.2449496054907318,0.12
all,SPY,logistic,2,0.4,0.6,1,0.4743574412758553,0.0
all,SPY,logistic,3,0.6,0.8,3,0.707816749013356,0.3333333333333333
all,SPY,logistic,4,0.8,1.0,2,0.8389831883630463,0.0
all,SPY,gbm,0,0.0,0.2,262,0.1271228566127301,0.17938931297709923
all,SPY,gbm,1,0.2,0.4,97,0.2526925241060749,0.18556701030927836
all,SPY,gbm,2,0.4,0.6,2,0.4429057979347979,0.0
all,SPY,gbm,3,0.6,0.8,0,,
all,SPY,gbm,4,0.8,1.0,0,,
all,SPY,past_frequency,0,0.0,0.2,361,0.1286314121303055,0.18005540166204986
all,SPY,past_frequency,1,0.2,0.4,0,,
all,SPY,past_frequency,2,0.4,0.6,0,,
all,SPY,past_frequency,3,0.6,0.8,0,,
all,SPY,past_frequency,4,0.8,1.0,0,,
all,QQQ,logistic,0,0.0,0.2,171,0.1346226239440555,0.27485380116959063
all,QQQ,logistic,1,0.2,0.4,177,0.26344188800634866,0.2937853107344633
all,QQQ,logistic,2,0.4,0.6,8,0.4749851792612345,0.25
all,QQQ,logistic,3,0.6,0.8,2,0.7859805480591818,0.0
all,QQQ,logistic,4,0.8,1.0,3,0.867165517525005,0.0
all,QQQ,gbm,0,0.0,0.2,175,0.1434504348626695,0.2342857142857143
all,QQQ,gbm,1,0.2,0.4,179,0.26613079061843276,0.33519553072625696
all,QQQ,gbm,2,0.4,0.6,7,0.4416784590182755,0.0
all,QQQ,gbm,3,0.6,0.8,0,,
all,QQQ,gbm,4,0.8,1.0,0,,
all,QQQ,past_frequency,0,0.0,0.2,261,0.18279022332159256,0.32567049808429116
all,QQQ,past_frequency,1,0.2,0.4,100,0.24956006145046358,0.16
all,QQQ,past_frequency,2,0.4,0.6,0,,
all,QQQ,past_frequency,3,0.6,0.8,0,,
all,QQQ,past_frequency,4,0.8,1.0,0,,
all,GLD,logistic,0,0.0,0.2,319,0.119170904621652,0.10344827586206896
all,GLD,logistic,1,0.2,0.4,41,0.25976476812898114,0.07317073170731707
all,GLD,logistic,2,0.4,0.6,1,0.41455435786342837,0.0
all,GLD,logistic,3,0.6,0.8,0,,
all,GLD,logistic,4,0.8,1.0,0,,
all,GLD,gbm,0,0.0,0.2,303,0.13181376806584222,0.09900990099009901
all,GLD,gbm,1,0.2,0.4,58,0.25280115371345346,0.10344827586206896
all,GLD,gbm,2,0.4,0.6,0,,
all,GLD,gbm,3,0.6,0.8,0,,
all,GLD,gbm,4,0.8,1.0,0,,
all,GLD,past_frequency,0,0.0,0.2,361,0.1345493649922584,0.0997229916897507
all,GLD,past_frequency,1,0.2,0.4,0,,
all,GLD,past_frequency,2,0.4,0.6,0,,
all,GLD,past_frequency,3,0.6,0.8,0,,
all,GLD,past_frequency,4,0.8,1.0,0,,
2018_2020,pooled,logistic,0,0.0,0.2,343,0.10479849944703622,0.1661807580174927
2018_2020,pooled,logistic,1,0.2,0.4,111,0.2693008285329252,0.18018018018018017
2018_2020,pooled,logistic,2,0.4,0.6,7,0.48387164327642035,0.2857142857142857
2018_2020,pooled,logistic,3,0.6,0.8,5,0.7390822686316864,0.2
2018_2020,pooled,logistic,4,0.8,1.0,5,0.8558925858602215,0.0
2018_2020,pooled,gbm,0,0.0,0.2,347,0.11467849321989008,0.15273775216138327
2018_2020,pooled,gbm,1,0.2,0.4,122,0.26850943075910083,0.22131147540983606
2018_2020,pooled,gbm,2,0.4,0.6,2,0.41317563120003664,0.0
2018_2020,pooled,gbm,3,0.6,0.8,0,,
2018_2020,pooled,gbm,4,0.8,1.0,0,,
2018_2020,pooled,past_frequency,0,0.0,0.2,471,0.13859902185420594,0.16985138004246284
2018_2020,pooled,past_frequency,1,0.2,0.4,0,,
2018_2020,pooled,past_frequency,2,0.4,0.6,0,,
2018_2020,pooled,past_frequency,3,0.6,0.8,0,,
2018_2020,pooled,past_frequency,4,0.8,1.0,0,,
2018_2020,SPY,logistic,0,0.0,0.2,133,0.08893809419019402,0.21052631578947367
2018_2020,SPY,logistic,1,0.2,0.4,18,0.2525806553835491,0.1111111111111111
2018_2020,SPY,logistic,2,0.4,0.6,1,0.4743574412758553,0.0
2018_2020,SPY,logistic,3,0.6,0.8,3,0.707816749013356,0.3333333333333333
2018_2020,SPY,logistic,4,0.8,1.0,2,0.8389831883630463,0.0
2018_2020,SPY,gbm,0,0.0,0.2,124,0.10493621065608118,0.1935483870967742
2018_2020,SPY,gbm,1,0.2,0.4,33,0.25946717656371954,0.21212121212121213
2018_2020,SPY,gbm,2,0.4,0.6,0,,
2018_2020,SPY,gbm,3,0.6,0.8,0,,
2018_2020,SPY,gbm,4,0.8,1.0,0,,
2018_2020,SPY,past_frequency,0,0.0,0.2,157,0.10515896911614286,0.19745222929936307
2018_2020,SPY,past_frequency,1,0.2,0.4,0,,
2018_2020,SPY,past_frequency,2,0.4,0.6,0,,
2018_2020,SPY,past_frequency,3,0.6,0.8,0,,
2018_2020,SPY,past_frequency,4,0.8,1.0,0,,
2018_2020,QQQ,logistic,0,0.0,0.2,88,0.11188141584940453,0.23863636363636365
2018_2020,QQQ,logistic,1,0.2,0.4,59,0.27688795076097317,0.2711864406779661
2018_2020,QQQ,logistic,2,0.4,0.6,5,0.4996379407591318,0.4
2018_2020,QQQ,logistic,3,0.6,0.8,2,0.7859805480591818,0.0
2018_2020,QQQ,logistic,4,0.8,1.0,3,0.867165517525005,0.0
2018_2020,QQQ,gbm,0,0.0,0.2,94,0.12319863572484897,0.23404255319148937
2018_2020,QQQ,gbm,1,0.2,0.4,61,0.2680782076682337,0.2786885245901639
2018_2020,QQQ,gbm,2,0.4,0.6,2,0.41317563120003664,0.0
2018_2020,QQQ,gbm,3,0.6,0.8,0,,
2018_2020,QQQ,gbm,4,0.8,1.0,0,,
2018_2020,QQQ,past_frequency,0,0.0,0.2,157,0.17261859442813565,0.2484076433121019
2018_2020,QQQ,past_frequency,1,0.2,0.4,0,,
2018_2020,QQQ,past_frequency,2,0.4,0.6,0,,
2018_2020,QQQ,past_frequency,3,0.6,0.8,0,,
2018_2020,QQQ,past_frequency,4,0.8,1.0,0,,
2018_2020,GLD,logistic,0,0.0,0.2,122,0.11697995236303299,0.06557377049180328
2018_2020,GLD,logistic,1,0.2,0.4,34,0.26498679633392347,0.058823529411764705
2018_2020,GLD,logistic,2,0.4,0.6,1,0.41455435786342837,0.0
2018_2020,GLD,logistic,3,0.6,0.8,0,,
2018_2020,GLD,logistic,4,0.8,1.0,0,,
2018_2020,GLD,gbm,0,0.0,0.2,129,0.11783469199854257,0.05426356589147287
2018_2020,GLD,gbm,1,0.2,0.4,28,0.28010582350876057,0.10714285714285714
2018_2020,GLD,gbm,2,0.4,0.6,0,,
2018_2020,GLD,gbm,3,0.6,0.8,0,,
2018_2020,GLD,gbm,4,0.8,1.0,0,,
2018_2020,GLD,past_frequency,0,0.0,0.2,157,0.13801950201833932,0.06369426751592357
2018_2020,GLD,past_frequency,1,0.2,0.4,0,,
2018_2020,GLD,past_frequency,2,0.4,0.6,0,,
2018_2020,GLD,past_frequency,3,0.6,0.8,0,,
2018_2020,GLD,past_frequency,4,0.8,1.0,0,,
2021_2024,pooled,logistic,0,0.0,0.2,477,0.1351056371861055,0.1761006289308176
2021_2024,pooled,logistic,1,0.2,0.4,132,0.25387058970095105,0.2878787878787879
2021_2024,pooled,logistic,2,0.4,0.6,3,0.4338972434314057,0.0
2021_2024,pooled,logistic,3,0.6,0.8,0,,
2021_2024,pooled,logistic,4,0.8,1.0,0,,
2021_2024,pooled,gbm,0,0.0,0.2,393,0.1489978348858799,0.16539440203562342
2021_2024,pooled,gbm,1,0.2,0.4,212,0.2549665222724468,0.2688679245283019
2021_2024,pooled,gbm,2,0.4,0.6,7,0.4501727923710645,0.0
2021_2024,pooled,gbm,3,0.6,0.8,0,,
2021_2024,pooled,gbm,4,0.8,1.0,0,,
2021_2024,pooled,past_frequency,0,0.0,0.2,512,0.15124290924775433,0.20703125
2021_2024,pooled,past_frequency,1,0.2,0.4,100,0.24956006145046358,0.16
2021_2024,pooled,past_frequency,2,0.4,0.6,0,,
2021_2024,pooled,past_frequency,3,0.6,0.8,0,,
2021_2024,pooled,past_frequency,4,0.8,1.0,0,,
2021_2024,SPY,logistic,0,0.0,0.2,197,0.13972853021355053,0.16751269035532995
2021_2024,SPY,logistic,1,0.2,0.4,7,0.22532690576634423,0.14285714285714285
2021_2024,SPY,logistic,2,0.4,0.6,0,,
2021_2024,SPY,logistic,3,0.6,0.8,0,,
2021_2024,SPY,logistic,4,0.8,1.0,0,,
2021_2024,SPY,gbm,0,0.0,0.2,138,0.14705868341435674,0.16666666666666666
2021_2024,SPY,gbm,1,0.2,0.4,64,0.24919934393260196,0.171875
2021_2024,SPY,gbm,2,0.4,0.6,2,0.4429057979347979,0.0
2021_2024,SPY,gbm,3,0.6,0.8,0,,
2021_2024,SPY,gbm,4,0.8,1.0,0,,
2021_2024,SPY,past_frequency,0,0.0,0.2,204,0.14669598837159734,0.16666666666666666
2021_2024,SPY,past_frequency,1,0.2,0.4,0,,
2021_2024,SPY,past_frequency,2,0.4,0.6,0,,
2021_2024,SPY,past_frequency,3,0.6,0.8,0,,
2021_2024,SPY,past_frequency,4,0.8,1.0,0,,
2021_2024,QQQ,logistic,0,0.0,0.2,83,0.158733784333565,0.3132530120481928
2021_2024,QQQ,logistic,1,0.2,0.4,118,0.25671885662903643,0.3050847457627119
2021_2024,QQQ,logistic,2,0.4,0.6,3,0.4338972434314057,0.0
2021_2024,QQQ,logistic,3,0.6,0.8,0,,
2021_2024,QQQ,logistic,4,0.8,1.0,0,,
2021_2024,QQQ,gbm,0,0.0,0.2,81,0.16695252275100447,0.2345679012345679
2021_2024,QQQ,gbm,1,0.2,0.4,118,0.2651240750248915,0.3644067796610169
2021_2024,QQQ,gbm,2,0.4,0.6,5,0.45307959014557114,0.0
2021_2024,QQQ,gbm,3,0.6,0.8,0,,
2021_2024,QQQ,gbm,4,0.8,1.0,0,,
2021_2024,QQQ,past_frequency,0,0.0,0.2,104,0.1981454707857533,0.4423076923076923
2021_2024,QQQ,past_frequency,1,0.2,0.4,100,0.24956006145046358,0.16
2021_2024,QQQ,past_frequency,2,0.4,0.6,0,,
2021_2024,QQQ,past_frequency,3,0.6,0.8,0,,
2021_2024,QQQ,past_frequency,4,0.8,1.0,0,,
2021_2024,GLD,logistic,0,0.0,0.2,197,0.12052773800008611,0.12690355329949238
2021_2024,GLD,logistic,1,0.2,0.4,7,0.23440063113354728,0.14285714285714285
2021_2024,GLD,logistic,2,0.4,0.6,0,,
2021_2024,GLD,logistic,3,0.6,0.8,0,,
2021_2024,GLD,logistic,4,0.8,1.0,0,,
2021_2024,GLD,gbm,0,0.0,0.2,174,0.14217756583987473,0.13218390804597702
2021_2024,GLD,gbm,1,0.2,0.4,30,0.22731679523783346,0.1
2021_2024,GLD,gbm,2,0.4,0.6,0,,
2021_2024,GLD,gbm,3,0.6,0.8,0,,
2021_2024,GLD,gbm,4,0.8,1.0,0,,
2021_2024,GLD,past_frequency,0,0.0,0.2,204,0.13187872032022557,0.12745098039215685
2021_2024,GLD,past_frequency,1,0.2,0.4,0,,
2021_2024,GLD,past_frequency,2,0.4,0.6,0,,
2021_2024,GLD,past_frequency,3,0.6,0.8,0,,
2021_2024,GLD,past_frequency,4,0.8,1.0,0,,
2018,pooled,logistic,0,0.0,0.2,134,0.09724569790483163,0.2462686567164179
2018,pooled,logistic,1,0.2,0.4,21,0.27293435420583456,0.2857142857142857
2018,pooled,logistic,2,0.4,0.6,1,0.41455435786342837,0.0
2018,pooled,logistic,3,0.6,0.8,0,,
2018,pooled,logistic,4,0.8,1.0,0,,
2018,pooled,gbm,0,0.0,0.2,140,0.10161928098474493,0.22857142857142856
2018,pooled,gbm,1,0.2,0.4,16,0.2296582534288056,0.4375
2018,pooled,gbm,2,0.4,0.6,0,,
2018,pooled,gbm,3,0.6,0.8,0,,
2018,pooled,gbm,4,0.8,1.0,0,,
2018,pooled,past_frequency,0,0.0,0.2,156,0.12798353909465018,0.25
2018,pooled,past_frequency,1,0.2,0.4,0,,
2018,pooled,past_frequency,2,0.4,0.6,0,,
2018,pooled,past_frequency,3,0.6,0.8,0,,
2018,pooled,past_frequency,4,0.8,1.0,0,,
2018,SPY,logistic,0,0.0,0.2,52,0.0557776666539932,0.3269230769230769
2018,SPY,logistic,1,0.2,0.4,0,,
2018,SPY,logistic,2,0.4,0.6,0,,
2018,SPY,logistic,3,0.6,0.8,0,,
2018,SPY,logistic,4,0.8,1.0,0,,
2018,SPY,gbm,0,0.0,0.2,48,0.07947181790466441,0.3333333333333333
2018,SPY,gbm,1,0.2,0.4,4,0.22059392578566017,0.25
2018,SPY,gbm,2,0.4,0.6,0,,
2018,SPY,gbm,3,0.6,0.8,0,,
2018,SPY,gbm,4,0.8,1.0,0,,
2018,SPY,past_frequency,0,0.0,0.2,52,0.07407407407407406,0.3269230769230769
2018,SPY,past_frequency,1,0.2,0.4,0,,
2018,SPY,past_frequency,2,0.4,0.6,0,,
2018,SPY,past_frequency,3,0.6,0.8,0,,
2018,SPY,past_frequency,4,0.8,1.0,0,,
2018,QQQ,logistic,0,0.0,0.2,46,0.10336276919996594,0.34782608695652173
2018,QQQ,logistic,1,0.2,0.4,6,0.23478909433528672,1.0
2018,QQQ,logistic,2,0.4,0.6,0,,
2018,QQQ,logistic,3,0.6,0.8,0,,
2018,QQQ,logistic,4,0.8,1.0,0,,
2018,QQQ,gbm,0,0.0,0.2,44,0.10585840723149319,0.36363636363636365
2018,QQQ,gbm,1,0.2,0.4,8,0.22471452505081313,0.75
2018,QQQ,gbm,2,0.4,0.6,0,,
2018,QQQ,gbm,3,0.6,0.8,0,,
2018,QQQ,gbm,4,0.8,1.0,0,,
2018,QQQ,past_frequency,0,0.0,0.2,52,0.13580246913580243,0.4230769230769231
2018,QQQ,past_frequency,1,0.2,0.4,0,,
2018,QQQ,past_frequency,2,0.4,0.6,0,,
2018,QQQ,past_frequency,3,0.6,0.8,0,,
2018,QQQ,past_frequency,4,0.8,1.0,0,,
2018,GLD,logistic,0,0.0,0.2,36,0.14932770750114882,0.0
2018,GLD,logistic,1,0.2,0.4,15,0.2881924581540537,0.0
2018,GLD,logistic,2,0.4,0.6,1,0.41455435786342837,0.0
2018,GLD,logistic,3,0.6,0.8,0,,
2018,GLD,logistic,4,0.8,1.0,0,,
2018,GLD,gbm,0,0.0,0.2,48,0.11988087833863953,0.0
2018,GLD,gbm,1,0.2,0.4,4,0.24861003782793595,0.0
2018,GLD,gbm,2,0.4,0.6,0,,
2018,GLD,gbm,3,0.6,0.8,0,,
2018,GLD,gbm,4,0.8,1.0,0,,
2018,GLD,past_frequency,0,0.0,0.2,52,0.17407407407407408,0.0
2018,GLD,past_frequency,1,0.2,0.4,0,,
2018,GLD,past_frequency,2,0.4,0.6,0,,
2018,GLD,past_frequency,3,0.6,0.8,0,,
2018,GLD,past_frequency,4,0.8,1.0,0,,
2019,pooled,logistic,0,0.0,0.2,117,0.11091858625294555,0.06837606837606838
2019,pooled,logistic,1,0.2,0.4,39,0.2583172048586559,0.05128205128205128
2019,pooled,logistic,2,0.4,0.6,0,,
2019,pooled,logistic,3,0.6,0.8,0,,
2019,pooled,logistic,4,0.8,1.0,0,,
2019,pooled,gbm,0,0.0,0.2,133,0.11859771073546231,0.06766917293233082
2019,pooled,gbm,1,0.2,0.4,22,0.27537775396754544,0.045454545454545456
2019,pooled,gbm,2,0.4,0.6,1,0.40358798882610347,0.0
2019,pooled,gbm,3,0.6,0.8,0,,
2019,pooled,gbm,4,0.8,1.0,0,,
2019,pooled,past_frequency,0,0.0,0.2,156,0.14716981132075474,0.0641025641025641
2019,pooled,past_frequency,1,0.2,0.4,0,,
2019,pooled,past_frequency,2,0.4,0.6,0,,
2019,pooled,past_frequency,3,0.6,0.8,0,,
2019,pooled,past_frequency,4,0.8,1.0,0,,
2019,SPY,logistic,0,0.0,0.2,46,0.10649169399885834,0.06521739130434782
2019,SPY,logistic,1,0.2,0.4,6,0.23207616739271045,0.0
2019,SPY,logistic,2,0.4,0.6,0,,
2019,SPY,logistic,3,0.6,0.8,0,,
2019,SPY,logistic,4,0.8,1.0,0,,
2019,SPY,gbm,0,0.0,0.2,46,0.11051694305878396,0.06521739130434782
2019,SPY,gbm,1,0.2,0.4,6,0.25058530225907644,0.0
2019,SPY,gbm,2,0.4,0.6,0,,
2019,SPY,gbm,3,0.6,0.8,0,,
2019,SPY,gbm,4,0.8,1.0,0,,
2019,SPY,past_frequency,0,0.0,0.2,52,0.11981132075471702,0.057692307692307696
2019,SPY,past_frequency,1,0.2,0.4,0,,
2019,SPY,past_frequency,2,0.4,0.6,0,,
2019,SPY,past_frequency,3,0.6,0.8,0,,
2019,SPY,past_frequency,4,0.8,1.0,0,,
2019,QQQ,logistic,0,0.0,0.2,29,0.12722453132908373,0.1724137931034483
2019,QQQ,logistic,1,0.2,0.4,23,0.2800690215755236,0.08695652173913043
2019,QQQ,logistic,2,0.4,0.6,0,,
2019,QQQ,logistic,3,0.6,0.8,0,,
2019,QQQ,logistic,4,0.8,1.0,0,,
2019,QQQ,gbm,0,0.0,0.2,41,0.13182284535770986,0.14634146341463414
2019,QQQ,gbm,1,0.2,0.4,10,0.24462306357627397,0.1
2019,QQQ,gbm,2,0.4,0.6,1,0.40358798882610347,0.0
2019,QQQ,gbm,3,0.6,0.8,0,,
2019,QQQ,gbm,4,0.8,1.0,0,,
2019,QQQ,past_frequency,0,0.0,0.2,52,0.18867924528301888,0.1346153846153846
2019,QQQ,past_frequency,1,0.2,0.4,0,,
2019,QQQ,past_frequency,2,0.4,0.6,0,,
2019,QQQ,past_frequency,3,0.6,0.8,0,,
2019,QQQ,past_frequency,4,0.8,1.0,0,,
2019,GLD,logistic,0,0.0,0.2,42,0.10450822045485038,0.0
2019,GLD,logistic,1,0.2,0.4,10,0.22403264888942775,0.0
2019,GLD,logistic,2,0.4,0.6,0,,
2019,GLD,logistic,3,0.6,0.8,0,,
2019,GLD,logistic,4,0.8,1.0,0,,
2019,GLD,gbm,0,0.0,0.2,46,0.11489085842274616,0.0
2019,GLD,gbm,1,0.2,0.4,6,0.3514280229948002,0.0
2019,GLD,gbm,2,0.4,0.6,0,,
2019,GLD,gbm,3,0.6,0.8,0,,
2019,GLD,gbm,4,0.8,1.0,0,,
2019,GLD,past_frequency,0,0.0,0.2,52,0.13301886792452833,0.0
2019,GLD,past_frequency,1,0.2,0.4,0,,
2019,GLD,past_frequency,2,0.4,0.6,0,,
2019,GLD,past_frequency,3,0.6,0.8,0,,
2019,GLD,past_frequency,4,0.8,1.0,0,,
2020,pooled,logistic,0,0.0,0.2,92,0.10801616521186261,0.17391304347826086
2020,pooled,logistic,1,0.2,0.4,51,0.2762039125361684,0.23529411764705882
2020,pooled,logistic,2,0.4,0.6,6,0.49542452417858573,0.3333333333333333
2020,pooled,logistic,3,0.6,0.8,5,0.7390822686316864,0.2
2020,pooled,logistic,4,0.8,1.0,5,0.8558925858602215,0.0
2020,pooled,gbm,0,0.0,0.2,74,0.13234111191379838,0.16216216216216217
2020,pooled,gbm,1,0.2,0.4,84,0.27411080845789776,0.2261904761904762
2020,pooled,gbm,2,0.4,0.6,1,0.42276327357396976,0.0
2020,pooled,gbm,3,0.6,0.8,0,,
2020,pooled,gbm,4,0.8,1.0,0,,
2020,pooled,past_frequency,0,0.0,0.2,159,0.140605136028477,0.1949685534591195
2020,pooled,past_frequency,1,0.2,0.4,0,,
2020,pooled,past_frequency,2,0.4,0.6,0,,
2020,pooled,past_frequency,3,0.6,0.8,0,,
2020,pooled,past_frequency,4,0.8,1.0,0,,
2020,SPY,logistic,0,0.0,0.2,35,0.11513456963830503,0.22857142857142856
2020,SPY,logistic,1,0.2,0.4,12,0.26283289937896853,0.16666666666666666
2020,SPY,logistic,2,0.4,0.6,1,0.4743574412758553,0.0
2020,SPY,logistic,3,0.6,0.8,3,0.707816749013356,0.3333333333333333
2020,SPY,logistic,4,0.8,1.0,2,0.8389831883630463,0.0
2020,SPY,gbm,0,0.0,0.2,30,0.13712211604087032,0.16666666666666666
2020,SPY,gbm,1,0.2,0.4,23,0.2685447526045933,0.2608695652173913
2020,SPY,gbm,2,0.4,0.6,0,,
2020,SPY,gbm,3,0.6,0.8,0,,
2020,SPY,gbm,4,0.8,1.0,0,,
2020,SPY,past_frequency,0,0.0,0.2,53,0.12128146453089245,0.20754716981132076
2020,SPY,past_frequency,1,0.2,0.4,0,,
2020,SPY,past_frequency,2,0.4,0.6,0,,
2020,SPY,past_frequency,3,0.6,0.8,0,,
2020,SPY,past_frequency,4,0.8,1.0,0,,
2020,QQQ,logistic,0,0.0,0.2,13,0.10779736946197957,0.0
2020,QQQ,logistic,1,0.2,0.4,30,0.2828689010882883,0.26666666666666666
2020,QQQ,logistic,2,0.4,0.6,5,0.4996379407591318,0.4
2020,QQQ,logistic,3,0.6,0.8,2,0.7859805480591818,0.0
2020,QQQ,logistic,4,0.8,1.0,3,0.867165517525005,0.0
2020,QQQ,gbm,0,0.0,0.2,9,0.16868502003155553,0.0
2020,QQQ,gbm,1,0.2,0.4,43,0.2816005542230934,0.23255813953488372
2020,QQQ,gbm,2,0.4,0.6,1,0.42276327357396976,0.0
2020,QQQ,gbm,3,0.6,0.8,0,,
2020,QQQ,gbm,4,0.8,1.0,0,,
2020,QQQ,past_frequency,0,0.0,0.2,53,0.19298245614035087,0.18867924528301888
2020,QQQ,past_frequency,1,0.2,0.4,0,,
2020,QQQ,past_frequency,2,0.4,0.6,0,,
2020,QQQ,past_frequency,3,0.6,0.8,0,,
2020,QQQ,past_frequency,4,0.8,1.0,0,,
2020,GLD,logistic,0,0.0,0.2,44,0.10241844225329431,0.18181818181818182
2020,GLD,logistic,1,0.2,0.4,9,0.2718153015720349,0.2222222222222222
2020,GLD,logistic,2,0.4,0.6,0,,
2020,GLD,logistic,3,0.6,0.8,0,,
2020,GLD,logistic,4,0.8,1.0,0,,
2020,GLD,gbm,0,0.0,0.2,35,0.11889753200317063,0.2
2020,GLD,gbm,1,0.2,0.4,18,0.2633308204980417,0.16666666666666666
2020,GLD,gbm,2,0.4,0.6,0,,
2020,GLD,gbm,3,0.6,0.8,0,,
2020,GLD,gbm,4,0.8,1.0,0,,
2020,GLD,past_frequency,0,0.0,0.2,53,0.10755148741418769,0.18867924528301888
2020,GLD,past_frequency,1,0.2,0.4,0,,
2020,GLD,past_frequency,2,0.4,0.6,0,,
2020,GLD,past_frequency,3,0.6,0.8,0,,
2020,GLD,past_frequency,4,0.8,1.0,0,,
2021,pooled,logistic,0,0.0,0.2,124,0.13465577559593211,0.11290322580645161
2021,pooled,logistic,1,0.2,0.4,32,0.24099217579663212,0.28125
2021,pooled,logistic,2,0.4,0.6,0,,
2021,pooled,logistic,3,0.6,0.8,0,,
2021,pooled,logistic,4,0.8,1.0,0,,
2021,pooled,gbm,0,0.0,0.2,89,0.15434075975949596,0.1348314606741573
2021,pooled,gbm,1,0.2,0.4,67,0.265402078462643,0.16417910447761194
2021,pooled,gbm,2,0.4,0.6,0,,
2021,pooled,gbm,3,0.6,0.8,0,,
2021,pooled,gbm,4,0.8,1.0,0,,
2021,pooled,past_frequency,0,0.0,0.2,156,0.1520952988725803,0.14743589743589744
2021,pooled,past_frequency,1,0.2,0.4,0,,
2021,pooled,past_frequency,2,0.4,0.6,0,,
2021,pooled,past_frequency,3,0.6,0.8,0,,
2021,pooled,past_frequency,4,0.8,1.0,0,,
2021,SPY,logistic,0,0.0,0.2,50,0.15271946751890975,0.06
2021,SPY,logistic,1,0.2,0.4,2,0.2267753829804131,0.0
2021,SPY,logistic,2,0.4,0.6,0,,
2021,SPY,logistic,3,0.6,0.8,0,,
2021,SPY,logistic,4,0.8,1.0,0,,
2021,SPY,gbm,0,0.0,0.2,24,0.15399503908631754,0.125
2021,SPY,gbm,1,0.2,0.4,28,0.2628231539506458,0.0
2021,SPY,gbm,2,0.4,0.6,0,,
2021,SPY,gbm,3,0.6,0.8,0,,
2021,SPY,gbm,4,0.8,1.0,0,,
2021,SPY,past_frequency,0,0.0,0.2,52,0.14039566049776644,0.057692307692307696
2021,SPY,past_frequency,1,0.2,0.4,0,,
2021,SPY,past_frequency,2,0.4,0.6,0,,
2021,SPY,past_frequency,3,0.6,0.8,0,,
2021,SPY,past_frequency,4,0.8,1.0,0,,
2021,QQQ,logistic,0,0.0,0.2,22,0.1612169652544636,0.13636363636363635
2021,QQQ,logistic,1,0.2,0.4,30,0.2419399619843801,0.3
2021,QQQ,logistic,2,0.4,0.6,0,,
2021,QQQ,logistic,3,0.6,0.8,0,,
2021,QQQ,logistic,4,0.8,1.0,0,,
2021,QQQ,gbm,0,0.0,0.2,22,0.1668634480637904,0.13636363636363635
2021,QQQ,gbm,1,0.2,0.4,30,0.2770271409919354,0.3
2021,QQQ,gbm,2,0.4,0.6,0,,
2021,QQQ,gbm,3,0.6,0.8,0,,
2021,QQQ,gbm,4,0.8,1.0,0,,
2021,QQQ,past_frequency,0,0.0,0.2,52,0.19783024888321632,0.23076923076923078
2021,QQQ,past_frequency,1,0.2,0.4,0,,
2021,QQQ,past_frequency,2,0.4,0.6,0,,
2021,QQQ,past_frequency,3,0.6,0.8,0,,
2021,QQQ,past_frequency,4,0.8,1.0,0,,
2021,GLD,logistic,0,0.0,0.2,52,0.10604941466061336,0.15384615384615385
2021,GLD,logistic,1,0.2,0.4,0,,
2021,GLD,logistic,2,0.4,0.6,0,,
2021,GLD,logistic,3,0.6,0.8,0,,
2021,GLD,logistic,4,0.8,1.0,0,,
2021,GLD,gbm,0,0.0,0.2,43,0.14812676332837518,0.13953488372093023
2021,GLD,gbm,1,0.2,0.4,9,0.23467519073565946,0.2222222222222222
2021,GLD,gbm,2,0.4,0.6,0,,
2021,GLD,gbm,3,0.6,0.8,0,,
2021,GLD,gbm,4,0.8,1.0,0,,
2021,GLD,past_frequency,0,0.0,0.2,52,0.1180599872367581,0.15384615384615385
2021,GLD,past_frequency,1,0.2,0.4,0,,
2021,GLD,past_frequency,2,0.4,0.6,0,,
2021,GLD,past_frequency,3,0.6,0.8,0,,
2021,GLD,past_frequency,4,0.8,1.0,0,,
2022,pooled,logistic,0,0.0,0.2,120,0.12841096052953177,0.375
2022,pooled,logistic,1,0.2,0.4,35,0.2526152384497979,0.5714285714285714
2022,pooled,logistic,2,0.4,0.6,1,0.4236507339469064,0.0
2022,pooled,logistic,3,0.6,0.8,0,,
2022,pooled,logistic,4,0.8,1.0,0,,
2022,pooled,gbm,0,0.0,0.2,91,0.14768256771738422,0.31868131868131866
2022,pooled,gbm,1,0.2,0.4,65,0.2608106096596669,0.5538461538461539
2022,pooled,gbm,2,0.4,0.6,0,,
2022,pooled,gbm,3,0.6,0.8,0,,
2022,pooled,gbm,4,0.8,1.0,0,,
2022,pooled,past_frequency,0,0.0,0.2,156,0.1513652189847902,0.4166666666666667
2022,pooled,past_frequency,1,0.2,0.4,0,,
2022,pooled,past_frequency,2,0.4,0.6,0,,
2022,pooled,past_frequency,3,0.6,0.8,0,,
2022,pooled,past_frequency,4,0.8,1.0,0,,
2022,SPY,logistic,0,0.0,0.2,49,0.11997302840779962,0.42857142857142855
2022,SPY,logistic,1,0.2,0.4,3,0.2271330350922649,0.3333333333333333
2022,SPY,logistic,2,0.4,0.6,0,,
2022,SPY,logistic,3,0.6,0.8,0,,
2022,SPY,logistic,4,0.8,1.0,0,,
2022,SPY,gbm,0,0.0,0.2,30,0.15447401104605826,0.36666666666666664
2022,SPY,gbm,1,0.2,0.4,22,0.2380739827184465,0.5
2022,SPY,gbm,2,0.4,0.6,0,,
2022,SPY,gbm,3,0.6,0.8,0,,
2022,SPY,gbm,4,0.8,1.0,0,,
2022,SPY,past_frequency,0,0.0,0.2,52,0.12204507971412862,0.4230769230769231
2022,SPY,past_frequency,1,0.2,0.4,0,,
2022,SPY,past_frequency,2,0.4,0.6,0,,
2022,SPY,past_frequency,3,0.6,0.8,0,,
2022,SPY,past_frequency,4,0.8,1.0,0,,
2022,QQQ,logistic,0,0.0,0.2,23,0.13963285802519176,0.6521739130434783
2022,QQQ,logistic,1,0.2,0.4,28,0.25657203458914185,0.6785714285714286
2022,QQQ,logistic,2,0.4,0.6,1,0.4236507339469064,0.0
2022,QQQ,logistic,3,0.6,0.8,0,,
2022,QQQ,logistic,4,0.8,1.0,0,,
2022,QQQ,gbm,0,0.0,0.2,17,0.16246109030560194,0.5294117647058824
2022,QQQ,gbm,1,0.2,0.4,35,0.2804729434675008,0.7142857142857143
2022,QQQ,gbm,2,0.4,0.6,0,,
2022,QQQ,gbm,3,0.6,0.8,0,,
2022,QQQ,gbm,4,0.8,1.0,0,,
2022,QQQ,past_frequency,0,0.0,0.2,52,0.19846069268829025,0.6538461538461539
2022,QQQ,past_frequency,1,0.2,0.4,0,,
2022,QQQ,past_frequency,2,0.4,0.6,0,,
2022,QQQ,past_frequency,3,0.6,0.8,0,,
2022,QQQ,past_frequency,4,0.8,1.0,0,,
2022,GLD,logistic,0,0.0,0.2,48,0.1316475236871296,0.1875
2022,GLD,logistic,1,0.2,0.4,4,0.24402931799254024,0.0
2022,GLD,logistic,2,0.4,0.6,0,,
2022,GLD,logistic,3,0.6,0.8,0,,
2022,GLD,logistic,4,0.8,1.0,0,,
2022,GLD,gbm,0,0.0,0.2,44,0.1373421544478405,0.20454545454545456
2022,GLD,gbm,1,0.2,0.4,8,0.2373136233387504,0.0
2022,GLD,gbm,2,0.4,0.6,0,,
2022,GLD,gbm,3,0.6,0.8,0,,
2022,GLD,gbm,4,0.8,1.0,0,,
2022,GLD,past_frequency,0,0.0,0.2,52,0.13358988455195162,0.17307692307692307
2022,GLD,past_frequency,1,0.2,0.4,0,,
2022,GLD,past_frequency,2,0.4,0.6,0,,
2022,GLD,past_frequency,3,0.6,0.8,0,,
2022,GLD,past_frequency,4,0.8,1.0,0,,
2023,pooled,logistic,0,0.0,0.2,114,0.1442781087286129,0.10526315789473684
2023,pooled,logistic,1,0.2,0.4,40,0.2604291818792074,0.05
2023,pooled,logistic,2,0.4,0.6,2,0.4390204981736553,0.0
2023,pooled,logistic,3,0.6,0.8,0,,
2023,pooled,logistic,4,0.8,1.0,0,,
2023,pooled,gbm,0,0.0,0.2,98,0.1407912931290696,0.11224489795918367
2023,pooled,gbm,1,0.2,0.4,51,0.24832836367644248,0.058823529411764705
2023,pooled,gbm,2,0.4,0.6,7,0.4501727923710645,0.0
2023,pooled,gbm,3,0.6,0.8,0,,
2023,pooled,gbm,4,0.8,1.0,0,,
2023,pooled,past_frequency,0,0.0,0.2,104,0.15345577573707103,0.08653846153846154
2023,pooled,past_frequency,1,0.2,0.4,52,0.25422909618173023,0.09615384615384616
2023,pooled,past_frequency,2,0.4,0.6,0,,
2023,pooled,past_frequency,3,0.6,0.8,0,,
2023,pooled,past_frequency,4,0.8,1.0,0,,
2023,SPY,logistic,0,0.0,0.2,50,0.1507594748767796,0.08
2023,SPY,logistic,1,0.2,0.4,2,0.22116923456339435,0.0
2023,SPY,logistic,2,0.4,0.6,0,,
2023,SPY,logistic,3,0.6,0.8,0,,
2023,SPY,logistic,4,0.8,1.0,0,,
2023,SPY,gbm,0,0.0,0.2,39,0.13956688687068153,0.10256410256410256
2023,SPY,gbm,1,0.2,0.4,11,0.2451597861117433,0.0
2023,SPY,gbm,2,0.4,0.6,2,0.4429057979347979,0.0
2023,SPY,gbm,3,0.6,0.8,0,,
2023,SPY,gbm,4,0.8,1.0,0,,
2023,SPY,past_frequency,0,0.0,0.2,52,0.16578057032382787,0.07692307692307693
2023,SPY,past_frequency,1,0.2,0.4,0,,
2023,SPY,past_frequency,2,0.4,0.6,0,,
2023,SPY,past_frequency,3,0.6,0.8,0,,
2023,SPY,past_frequency,4,0.8,1.0,0,,
2023,QQQ,logistic,0,0.0,0.2,15,0.17115546866949624,0.26666666666666666
2023,QQQ,logistic,1,0.2,0.4,35,0.2660040474307669,0.02857142857142857
2023,QQQ,logistic,2,0.4,0.6,2,0.4390204981736553,0.0
2023,QQQ,logistic,3,0.6,0.8,0,,
2023,QQQ,logistic,4,0.8,1.0,0,,
2023,QQQ,gbm,0,0.0,0.2,14,0.17395583197176676,0.14285714285714285
2023,QQQ,gbm,1,0.2,0.4,33,0.2559162264164419,0.09090909090909091
2023,QQQ,gbm,2,0.4,0.6,5,0.45307959014557114,0.0
2023,QQQ,gbm,3,0.6,0.8,0,,
2023,QQQ,gbm,4,0.8,1.0,0,,
2023,QQQ,past_frequency,0,0.0,0.2,0,,
2023,QQQ,past_frequency,1,0.2,0.4,52,0.25422909618173023,0.09615384615384616
2023,QQQ,past_frequency,2,0.4,0.6,0,,
2023,QQQ,past_frequency,3,0.6,0.8,0,,
2023,QQQ,past_frequency,4,0.8,1.0,0,,
2023,GLD,logistic,0,0.0,0.2,49,0.12943670655470305,0.08163265306122448
2023,GLD,logistic,1,0.2,0.4,3,0.2215623819882233,0.3333333333333333
2023,GLD,logistic,2,0.4,0.6,0,,
2023,GLD,logistic,3,0.6,0.8,0,,
2023,GLD,logistic,4,0.8,1.0,0,,
2023,GLD,gbm,0,0.0,0.2,45,0.13153458869083345,0.1111111111111111
2023,GLD,gbm,1,0.2,0.4,7,0.21753620407525825,0.0
2023,GLD,gbm,2,0.4,0.6,0,,
2023,GLD,gbm,3,0.6,0.8,0,,
2023,GLD,gbm,4,0.8,1.0,0,,
2023,GLD,past_frequency,0,0.0,0.2,52,0.1411309811503142,0.09615384615384616
2023,GLD,past_frequency,1,0.2,0.4,0,,
2023,GLD,past_frequency,2,0.4,0.6,0,,
2023,GLD,past_frequency,3,0.6,0.8,0,,
2023,GLD,past_frequency,4,0.8,1.0,0,,
2024,pooled,logistic,0,0.0,0.2,119,0.13353826138883232,0.1092436974789916
2024,pooled,logistic,1,0.2,0.4,25,0.26161870376488355,0.28
2024,pooled,logistic,2,0.4,0.6,0,,
2024,pooled,logistic,3,0.6,0.8,0,,
2024,pooled,logistic,4,0.8,1.0,0,,
2024,pooled,gbm,0,0.0,0.2,115,0.15289705306630325,0.11304347826086956
2024,pooled,gbm,1,0.2,0.4,29,0.229431975496025,0.2413793103448276
2024,pooled,gbm,2,0.4,0.6,0,,
2024,pooled,gbm,3,0.6,0.8,0,,
2024,pooled,gbm,4,0.8,1.0,0,,
2024,pooled,past_frequency,0,0.0,0.2,96,0.14726175075463566,0.09375
2024,pooled,past_frequency,1,0.2,0.4,48,0.2445019404915912,0.22916666666666666
2024,pooled,past_frequency,2,0.4,0.6,0,,
2024,pooled,past_frequency,3,0.6,0.8,0,,
2024,pooled,past_frequency,4,0.8,1.0,0,,
2024,SPY,logistic,0,0.0,0.2,48,0.13487281125630837,0.10416666666666667
2024,SPY,logistic,1,0.2,0.4,0,,
2024,SPY,logistic,2,0.4,0.6,0,,
2024,SPY,logistic,3,0.6,0.8,0,,
2024,SPY,logistic,4,0.8,1.0,0,,
2024,SPY,gbm,0,0.0,0.2,45,0.14490863230602846,0.1111111111111111
2024,SPY,gbm,1,0.2,0.4,3,0.2184414780111477,0.0
2024,SPY,gbm,2,0.4,0.6,0,,
2024,SPY,gbm,3,0.6,0.8,0,,
2024,SPY,gbm,4,0.8,1.0,0,,
2024,SPY,past_frequency,0,0.0,0.2,48,0.1595515308322553,0.10416666666666667
2024,SPY,past_frequency,1,0.2,0.4,0,,
2024,SPY,past_frequency,2,0.4,0.6,0,,
2024,SPY,past_frequency,3,0.6,0.8,0,,
2024,SPY,past_frequency,4,0.8,1.0,0,,
2024,QQQ,logistic,0,0.0,0.2,23,0.1673583956289497,0.17391304347826086
2024,QQQ,logistic,1,0.2,0.4,25,0.26161870376488355,0.28
2024,QQQ,logistic,2,0.4,0.6,0,,
2024,QQQ,logistic,3,0.6,0.8,0,,
2024,QQQ,logistic,4,0.8,1.0,0,,
2024,QQQ,gbm,0,0.0,0.2,28,0.16624779652242874,0.17857142857142858
2024,QQQ,gbm,1,0.2,0.4,20,0.23560190650370116,0.3
2024,QQQ,gbm,2,0.4,0.6,0,,
2024,QQQ,gbm,3,0.6,0.8,0,,
2024,QQQ,gbm,4,0.8,1.0,0,,
2024,QQQ,past_frequency,0,0.0,0.2,0,,
2024,QQQ,past_frequency,1,0.2,0.4,48,0.2445019404915912,0.22916666666666666
2024,QQQ,past_frequency,2,0.4,0.6,0,,
2024,QQQ,past_frequency,3,0.6,0.8,0,,
2024,QQQ,past_frequency,4,0.8,1.0,0,,
2024,GLD,logistic,0,0.0,0.2,48,0.11599823053129998,0.08333333333333333
2024,GLD,logistic,1,0.2,0.4,0,,
2024,GLD,logistic,2,0.4,0.6,0,,
2024,GLD,logistic,3,0.6,0.8,0,,
2024,GLD,logistic,4,0.8,1.0,0,,
2024,GLD,gbm,0,0.0,0.2,42,0.15255557967203776,0.07142857142857142
2024,GLD,gbm,1,0.2,0.4,6,0.21436078754620977,0.16666666666666666
2024,GLD,gbm,2,0.4,0.6,0,,
2024,GLD,gbm,3,0.6,0.8,0,,
2024,GLD,gbm,4,0.8,1.0,0,,
2024,GLD,past_frequency,0,0.0,0.2,48,0.13497197067701597,0.08333333333333333
2024,GLD,past_frequency,1,0.2,0.4,0,,
2024,GLD,past_frequency,2,0.4,0.6,0,,
2024,GLD,past_frequency,3,0.6,0.8,0,,
2024,GLD,past_frequency,4,0.8,1.0,0,,
exclude_2018,pooled,logistic,0,0.0,0.2,686,0.1273474500420675,0.15743440233236153
exclude_2018,pooled,logistic,1,0.2,0.4,222,0.2597823800421519,0.23423423423423423
exclude_2018,pooled,logistic,2,0.4,0.6,9,0.4749154305961924,0.2222222222222222
exclude_2018,pooled,logistic,3,0.6,0.8,5,0.7390822686316864,0.2
exclude_2018,pooled,logistic,4,0.8,1.0,5,0.8558925858602215,0.0
exclude_2018,pooled,gbm,0,0.0,0.2,600,0.14020481153264727,0.14333333333333334
exclude_2018,pooled,gbm,1,0.2,0.4,318,0.261435601319208,0.24213836477987422
exclude_2018,pooled,gbm,2,0.4,0.6,9,0.44195120099972496,0.0
exclude_2018,pooled,gbm,3,0.6,0.8,0,,
exclude_2018,pooled,gbm,4,0.8,1.0,0,,
exclude_2018,pooled,past_frequency,0,0.0,0.2,827,0.1484293551746261,0.1777509068923821
exclude_2018,pooled,past_frequency,1,0.2,0.4,100,0.24956006145046358,0.16
exclude_2018,pooled,past_frequency,2,0.4,0.6,0,,
exclude_2018,pooled,past_frequency,3,0.6,0.8,0,,
exclude_2018,pooled,past_frequency,4,0.8,1.0,0,,
exclude_2018,SPY,logistic,0,0.0,0.2,278,0.13113254788977557,0.15827338129496402
exclude_2018,SPY,logistic,1,0.2,0.4,25,0.2449496054907318,0.12
exclude_2018,SPY,logistic,2,0.4,0.6,1,0.4743574412758553,0.0
exclude_2018,SPY,logistic,3,0.6,0.8,3,0.707816749013356,0.3333333333333333
exclude_2018,SPY,logistic,4,0.8,1.0,2,0.8389831883630463,0.0
exclude_2018,SPY,gbm,0,0.0,0.2,214,0.13781094006126823,0.14485981308411214
exclude_2018,SPY,gbm,1,0.2,0.4,93,0.25407310898007124,0.1827956989247312
exclude_2018,SPY,gbm,2,0.4,0.6,2,0.4429057979347979,0.0
exclude_2018,SPY,gbm,3,0.6,0.8,0,,
exclude_2018,SPY,gbm,4,0.8,1.0,0,,
exclude_2018,SPY,past_frequency,0,0.0,0.2,309,0.13781258228863572,0.1553398058252427
exclude_2018,SPY,past_frequency,1,0.2,0.4,0,,
exclude_2018,SPY,past_frequency,2,0.4,0.6,0,,
exclude_2018,SPY,past_frequency,3,0.6,0.8,0,,
exclude_2018,SPY,past_frequency,4,0.8,1.0,0,,
exclude_2018,QQQ,logistic,0,0.0,0.2,125,0.14612625048988048,0.248
exclude_2018,QQQ,logistic,1,0.2,0.4,171,0.2644472491877894,0.26900584795321636
exclude_2018,QQQ,logistic,2,0.4,0.6,8,0.4749851792612345,0.25
exclude_2018,QQQ,logistic,3,0.6,0.8,2,0.7859805480591818,0.0
exclude_2018,QQQ,logistic,4,0.8,1.0,3,0.867165517525005,0.0
exclude_2018,QQQ,gbm,0,0.0,0.2,131,0.156076764754057,0.19083969465648856
exclude_2018,QQQ,gbm,1,0.2,0.4,171,0.2680683936859237,0.3157894736842105
exclude_2018,QQQ,gbm,2,0.4,0.6,7,0.4416784590182755,0.0
exclude_2018,QQQ,gbm,3,0.6,0.8,0,,
exclude_2018,QQQ,gbm,4,0.8,1.0,0,,
exclude_2018,QQQ,past_frequency,0,0.0,0.2,209,0.19448095642044938,0.3014354066985646
exclude_2018,QQQ,past_frequency,1,0.2,0.4,100,0.24956006145046358,0.16
exclude_2018,QQQ,past_frequency,2,0.4,0.6,0,,
exclude_2018,QQQ,past_frequency,3,0.6,0.8,0,,
exclude_2018,QQQ,past_frequency,4,0.8,1.0,0,,
exclude_2018,GLD,logistic,0,0.0,0.2,283,0.11533470354864181,0.1166077738515901
exclude_2018,GLD,logistic,1,0.2,0.4,26,0.24336417772990085,0.11538461538461539
exclude_2018,GLD,logistic,2,0.4,0.6,0,,
exclude_2018,GLD,logistic,3,0.6,0.8,0,,
exclude_2018,GLD,logistic,4,0.8,1.0,0,,
exclude_2018,GLD,gbm,0,0.0,0.2,255,0.13405995907331567,0.11764705882352941
exclude_2018,GLD,gbm,1,0.2,0.4,54,0.2531116067420103,0.1111111111111111
exclude_2018,GLD,gbm,2,0.4,0.6,0,,
exclude_2018,GLD,gbm,3,0.6,0.8,0,,
exclude_2018,GLD,gbm,4,0.8,1.0,0,,
exclude_2018,GLD,past_frequency,0,0.0,0.2,309,0.12789795763868422,0.11650485436893204
exclude_2018,GLD,past_frequency,1,0.2,0.4,0,,
exclude_2018,GLD,past_frequency,2,0.4,0.6,0,,
exclude_2018,GLD,past_frequency,3,0.6,0.8,0,,
exclude_2018,GLD,past_frequency,4,0.8,1.0,0,,
exclude_2019,pooled,logistic,0,0.0,0.2,703,0.1243439539921922,0.1891891891891892
exclude_2019,pooled,logistic,1,0.2,0.4,204,0.26141636675584634,0.27450980392156865
exclude_2019,pooled,logistic,2,0.4,0.6,10,0.46887932332291593,0.2
exclude_2019,pooled,logistic,3,0.6,0.8,5,0.7390822686316864,0.2
exclude_2019,pooled,logistic,4,0.8,1.0,5,0.8558925858602215,0.0
exclude_2019,pooled,gbm,0,0.0,0.2,607,0.1360396881872095,0.17957166392092258
exclude_2019,pooled,gbm,1,0.2,0.4,312,0.2588228932278302,0.266025641025641
exclude_2019,pooled,gbm,2,0.4,0.6,8,0.4467466025214276,0.0
exclude_2019,pooled,gbm,3,0.6,0.8,0,,
exclude_2019,pooled,gbm,4,0.8,1.0,0,,
exclude_2019,pooled,past_frequency,0,0.0,0.2,827,0.14481017927707796,0.21281741233373638
exclude_2019,pooled,past_frequency,1,0.2,0.4,100,0.24956006145046358,0.16
exclude_2019,pooled,past_frequency,2,0.4,0.6,0,,
exclude_2019,pooled,past_frequency,3,0.6,0.8,0,,
exclude_2019,pooled,past_frequency,4,0.8,1.0,0,,
exclude_2019,SPY,logistic,0,0.0,0.2,284,0.12132629949090765,0.20422535211267606
exclude_2019,SPY,logistic,1,0.2,0.4,19,0.24901490173221225,0.15789473684210525
exclude_2019,SPY,logistic,2,0.4,0.6,1,0.4743574412758553,0.0
exclude_2019,SPY,logistic,3,0.6,0.8,3,0.707816749013356,0.3333333333333333
exclude_2019,SPY,logistic,4,0.8,1.0,2,0.8389831883630463,0.0
exclude_2019,SPY,gbm,0,0.0,0.2,216,0.1306593011658853,0.2037037037037037
exclude_2019,SPY,gbm,1,0.2,0.4,91,0.2528314618102726,0.1978021978021978
exclude_2019,SPY,gbm,2,0.4,0.6,2,0.4429057979347979,0.0
exclude_2019,SPY,gbm,3,0.6,0.8,0,,
exclude_2019,SPY,gbm,4,0.8,1.0,0,,
exclude_2019,SPY,past_frequency,0,0.0,0.2,309,0.1301156993520874,0.20064724919093851
exclude_2019,SPY,past_frequency,1,0.2,0.4,0,,
exclude_2019,SPY,past_frequency,2,0.4,0.6,0,,
exclude_2019,SPY,past_frequency,3,0.6,0.8,0,,
exclude_2019,SPY,past_frequency,4,0.8,1.0,0,,
exclude_2019,QQQ,logistic,0,0.0,0.2,142,0.13613350201331031,0.29577464788732394
exclude_2019,QQQ,logistic,1,0.2,0.4,154,0.2609586148109524,0.3246753246753247
exclude_2019,QQQ,logistic,2,0.4,0.6,8,0.4749851792612345,0.25
exclude_2019,QQQ,logistic,3,0.6,0.8,2,0.7859805480591818,0.0
exclude_2019,QQQ,logistic,4,0.8,1.0,3,0.867165517525005,0.0
exclude_2019,QQQ,gbm,0,0.0,0.2,134,0.14700813015896314,0.26119402985074625
exclude_2019,QQQ,gbm,1,0.2,0.4,169,0.26740343718897464,0.34911242603550297
exclude_2019,QQQ,gbm,2,0.4,0.6,6,0.44802687071697084,0.0
exclude_2019,QQQ,gbm,3,0.6,0.8,0,,
exclude_2019,QQQ,gbm,4,0.8,1.0,0,,
exclude_2019,QQQ,past_frequency,0,0.0,0.2,209,0.1813250121158788,0.37320574162679426
exclude_2019,QQQ,past_frequency,1,0.2,0.4,100,0.24956006145046358,0.16
exclude_2019,QQQ,past_frequency,2,0.4,0.6,0,,
exclude_2019,QQQ,past_frequency,3,0.6,0.8,0,,
exclude_2019,QQQ,past_frequency,4,0.8,1.0,0,,
exclude_2019,GLD,logistic,0,0.0,0.2,277,0.12139412749170857,0.11913357400722022
exclude_2019,GLD,logistic,1,0.2,0.4,31,0.27129125820625644,0.0967741935483871
exclude_2019,GLD,logistic,2,0.4,0.6,1,0.41455435786342837,0.0
exclude_2019,GLD,logistic,3,0.6,0.8,0,,
exclude_2019,GLD,logistic,4,0.8,1.0,0,,
exclude_2019,GLD,gbm,0,0.0,0.2,257,0.1348427713482641,0.11673151750972763
exclude_2019,GLD,gbm,1,0.2,0.4,52,0.24142113033483653,0.11538461538461539
exclude_2019,GLD,gbm,2,0.4,0.6,0,,
exclude_2019,GLD,gbm,3,0.6,0.8,0,,
exclude_2019,GLD,gbm,4,0.8,1.0,0,,
exclude_2019,GLD,past_frequency,0,0.0,0.2,309,0.13480692436935213,0.11650485436893204
exclude_2019,GLD,past_frequency,1,0.2,0.4,0,,
exclude_2019,GLD,past_frequency,2,0.4,0.6,0,,
exclude_2019,GLD,past_frequency,3,0.6,0.8,0,,
exclude_2019,GLD,past_frequency,4,0.8,1.0,0,,
exclude_2020,pooled,logistic,0,0.0,0.2,728,0.1242497074843604,0.1717032967032967
exclude_2020,pooled,logistic,1,0.2,0.4,192,0.2568589076475815,0.23958333333333334
exclude_2020,pooled,logistic,2,0.4,0.6,4,0.4290615220394114,0.0
exclude_2020,pooled,logistic,3,0.6,0.8,0,,
exclude_2020,pooled,logistic,4,0.8,1.0,0,,
exclude_2020,pooled,gbm,0,0.0,0.2,666,0.13296748344719456,0.15915915915915915
exclude_2020,pooled,gbm,1,0.2,0.4,250,0.2551429814556224,0.26
exclude_2020,pooled,gbm,2,0.4,0.6,8,0.4443496919279443,0.0
exclude_2020,pooled,gbm,3,0.6,0.8,0,,
exclude_2020,pooled,gbm,4,0.8,1.0,0,,
exclude_2020,pooled,past_frequency,0,0.0,0.2,824,0.14606831577627835,0.18810679611650485
exclude_2020,pooled,past_frequency,1,0.2,0.4,100,0.24956006145046358,0.16
exclude_2020,pooled,past_frequency,2,0.4,0.6,0,,
exclude_2020,pooled,past_frequency,3,0.6,0.8,0,,
exclude_2020,pooled,past_frequency,4,0.8,1.0,0,,
exclude_2020,SPY,logistic,0,0.0,0.2,295,0.11974771878652399,0.17966101694915254
exclude_2020,SPY,logistic,1,0.2,0.4,13,0.22844194959389785,0.07692307692307693
exclude_2020,SPY,logistic,2,0.4,0.6,0,,
exclude_2020,SPY,logistic,3,0.6,0.8,0,,
exclude_2020,SPY,logistic,4,0.8,1.0,0,,
exclude_2020,SPY,gbm,0,0.0,0.2,232,0.12582984892805682,0.1810344827586207
exclude_2020,SPY,gbm,1,0.2,0.4,74,0.24776548011329222,0.16216216216216217
exclude_2020,SPY,gbm,2,0.4,0.6,2,0.4429057979347979,0.0
exclude_2020,SPY,gbm,3,0.6,0.8,0,,
exclude_2020,SPY,gbm,4,0.8,1.0,0,,
exclude_2020,SPY,past_frequency,0,0.0,0.2,308,0.12989617584059412,0.17532467532467533
exclude_2020,SPY,past_frequency,1,0.2,0.4,0,,
exclude_2020,SPY,past_frequency,2,0.4,0.6,0,,
exclude_2020,SPY,past_frequency,3,0.6,0.8,0,,
exclude_2020,SPY,past_frequency,4,0.8,1.0,0,,
exclude_2020,QQQ,logistic,0,0.0,0.2,158,0.1368297651356187,0.2974683544303797
exclude_2020,QQQ,logistic,1,0.2,0.4,147,0.25947719145901404,0.29931972789115646
exclude_2020,QQQ,logistic,2,0.4,0.6,3,0.4338972434314057,0.0
exclude_2020,QQQ,logistic,3,0.6,0.8,0,,
exclude_2020,QQQ,logistic,4,0.8,1.0,0,,
exclude_2020,QQQ,gbm,0,0.0,0.2,166,0.14208229470291062,0.2469879518072289
exclude_2020,QQQ,gbm,1,0.2,0.4,136,0.2612396153610768,0.36764705882352944
exclude_2020,QQQ,gbm,2,0.4,0.6,6,0.4448309899256599,0.0
exclude_2020,QQQ,gbm,3,0.6,0.8,0,,
exclude_2020,QQQ,gbm,4,0.8,1.0,0,,
exclude_2020,QQQ,past_frequency,0,0.0,0.2,208,0.18019316399758198,0.3605769230769231
exclude_2020,QQQ,past_frequency,1,0.2,0.4,100,0.24956006145046358,0.16
exclude_2020,QQQ,past_frequency,2,0.4,0.6,0,,
exclude_2020,QQQ,past_frequency,3,0.6,0.8,0,,
exclude_2020,QQQ,past_frequency,4,0.8,1.0,0,,
exclude_2020,GLD,logistic,0,0.0,0.2,275,0.12185129860058923,0.09090909090909091
exclude_2020,GLD,logistic,1,0.2,0.4,32,0.2563755555981223,0.03125
exclude_2020,GLD,logistic,2,0.4,0.6,1,0.41455435786342837,0.0
exclude_2020,GLD,logistic,3,0.6,0.8,0,,
exclude_2020,GLD,logistic,4,0.8,1.0,0,,
exclude_2020,GLD,gbm,0,0.0,0.2,268,0.13350058993969857,0.08582089552238806
exclude_2020,GLD,gbm,1,0.2,0.4,40,0.24806280366038874,0.075
exclude_2020,GLD,gbm,2,0.4,0.6,0,,
exclude_2020,GLD,gbm,3,0.6,0.8,0,,
exclude_2020,GLD,gbm,4,0.8,1.0,0,,
exclude_2020,GLD,past_frequency,0,0.0,0.2,308,0.13919510366640692,0.08441558441558442
exclude_2020,GLD,past_frequency,1,0.2,0.4,0,,
exclude_2020,GLD,past_frequency,2,0.4,0.6,0,,
exclude_2020,GLD,past_frequency,3,0.6,0.8,0,,
exclude_2020,GLD,past_frequency,4,0.8,1.0,0,,
exclude_2021,pooled,logistic,0,0.0,0.2,696,0.12024993976179622,0.1824712643678161
exclude_2021,pooled,logistic,1,0.2,0.4,211,0.26394104351747866,0.23222748815165878
exclude_2021,pooled,logistic,2,0.4,0.6,10,0.46887932332291593,0.2
exclude_2021,pooled,logistic,3,0.6,0.8,5,0.7390822686316864,0.2
exclude_2021,pooled,logistic,4,0.8,1.0,5,0.8558925858602215,0.0
exclude_2021,pooled,gbm,0,0.0,0.2,651,0.12997428362343702,0.16282642089093702
exclude_2021,pooled,gbm,1,0.2,0.4,267,0.25853600755570016,0.27340823970037453
exclude_2021,pooled,gbm,2,0.4,0.6,9,0.44195120099972496,0.0
exclude_2021,pooled,gbm,3,0.6,0.8,0,,
exclude_2021,pooled,gbm,4,0.8,1.0,0,,
exclude_2021,pooled,past_frequency,0,0.0,0.2,827,0.14388106675218704,0.19709794437726724
exclude_2021,pooled,past_frequency,1,0.2,0.4,100,0.24956006145046358,0.16
exclude_2021,pooled,past_frequency,2,0.4,0.6,0,,
exclude_2021,pooled,past_frequency,3,0.6,0.8,0,,
exclude_2021,pooled,past_frequency,4,0.8,1.0,0,,
exclude_2021,SPY,logistic,0,0.0,0.2,280,0.1132832628693563,0.20714285714285716
exclude_2021,SPY,logistic,1,0.2,0.4,23,0.24652997266554208,0.13043478260869565
exclude_2021,SPY,logistic,2,0.4,0.6,1,0.4743574412758553,0.0
exclude_2021,SPY,logistic,3,0.6,0.8,3,0.707816749013356,0.3333333333333333
exclude_2021,SPY,logistic,4,0.8,1.0,2,0.8389831883630463,0.0
exclude_2021,SPY,gbm,0,0.0,0.2,238,0.12441305669942719,0.18487394957983194
exclude_2021,SPY,gbm,1,0.2,0.4,69,0.24858154387929254,0.2608695652173913
exclude_2021,SPY,gbm,2,0.4,0.6,2,0.4429057979347979,0.0
exclude_2021,SPY,gbm,3,0.6,0.8,0,,
exclude_2021,SPY,gbm,4,0.8,1.0,0,,
exclude_2021,SPY,past_frequency,0,0.0,0.2,309,0.1266516680684674,0.20064724919093851
exclude_2021,SPY,past_frequency,1,0.2,0.4,0,,
exclude_2021,SPY,past_frequency,2,0.4,0.6,0,,
exclude_2021,SPY,past_frequency,3,0.6,0.8,0,,
exclude_2021,SPY,past_frequency,4,0.8,1.0,0,,
exclude_2021,QQQ,logistic,0,0.0,0.2,149,0.13069594267674692,0.2953020134228188
exclude_2021,QQQ,logistic,1,0.2,0.4,147,0.26783003617409734,0.2925170068027211
exclude_2021,QQQ,logistic,2,0.4,0.6,8,0.4749851792612345,0.25
exclude_2021,QQQ,logistic,3,0.6,0.8,2,0.7859805480591818,0.0
exclude_2021,QQQ,logistic,4,0.8,1.0,3,0.867165517525005,0.0
exclude_2021,QQQ,gbm,0,0.0,0.2,153,0.14008385780107044,0.24836601307189543
exclude_2021,QQQ,gbm,1,0.2,0.4,149,0.26393689457007646,0.3422818791946309
exclude_2021,QQQ,gbm,2,0.4,0.6,7,0.4416784590182755,0.0
exclude_2021,QQQ,gbm,3,0.6,0.8,0,,
exclude_2021,QQQ,gbm,4,0.8,1.0,0,,
exclude_2021,QQQ,past_frequency,0,0.0,0.2,209,0.1790482073923847,0.3492822966507177
exclude_2021,QQQ,past_frequency,1,0.2,0.4,100,0.24956006145046358,0.16
exclude_2021,QQQ,past_frequency,2,0.4,0.6,0,,
exclude_2021,QQQ,past_frequency,3,0.6,0.8,0,,
exclude_2021,QQQ,past_frequency,4,0.8,1.0,0,,
exclude_2021,GLD,logistic,0,0.0,0.2,267,0.1217264007938393,0.09363295880149813
exclude_2021,GLD,logistic,1,0.2,0.4,41,0.25976476812898114,0.07317073170731707
exclude_2021,GLD,logistic,2,0.4,0.6,1,0.41455435786342837,0.0
exclude_2021,GLD,logistic,3,0.6,0.8,0,,
exclude_2021,GLD,logistic,4,0.8,1.0,0,,
exclude_2021,GLD,gbm,0,0.0,0.2,260,0.12911584961857717,0.09230769230769231
exclude_2021,GLD,gbm,1,0.2,0.4,49,0.2561304122195789,0.08163265306122448
exclude_2021,GLD,gbm,2,0.4,0.6,0,,
exclude_2021,GLD,gbm,3,0.6,0.8,0,,
exclude_2021,GLD,gbm,4,0.8,1.0,0,,
exclude_2021,GLD,past_frequency,0,0.0,0.2,309,0.13732427645920342,0.09061488673139159
exclude_2021,GLD,past_frequency,1,0.2,0.4,0,,
exclude_2021,GLD,past_frequency,2,0.4,0.6,0,,
exclude_2021,GLD,past_frequency,3,0.6,0.8,0,,
exclude_2021,GLD,past_frequency,4,0.8,1.0,0,,
exclude_2022,pooled,logistic,0,0.0,0.2,700,0.12140279854937418,0.13714285714285715
exclude_2022,pooled,logistic,1,0.2,0.4,208,0.2623162329900832,0.18269230769230768
exclude_2022,pooled,logistic,2,0.4,0.6,9,0.47390472214247253,0.2222222222222222
exclude_2022,pooled,logistic,3,0.6,0.8,5,0.7390822686316864,0.2
exclude_2022,pooled,logistic,4,0.8,1.0,5,0.8558925858602215,0.0
exclude_2022,pooled,gbm,0,0.0,0.2,649,0.13083277749641092,0.13713405238828968
exclude_2022,pooled,gbm,1,0.2,0.4,269,0.25969651913193553,0.17843866171003717
exclude_2022,pooled,gbm,2,0.4,0.6,9,0.44195120099972496,0.0
exclude_2022,pooled,gbm,3,0.6,0.8,0,,
exclude_2022,pooled,gbm,4,0.8,1.0,0,,
exclude_2022,pooled,past_frequency,0,0.0,0.2,827,0.1440187843610084,0.14631197097944376
exclude_2022,pooled,past_frequency,1,0.2,0.4,100,0.24956006145046358,0.16
exclude_2022,pooled,past_frequency,2,0.4,0.6,0,,
exclude_2022,pooled,past_frequency,3,0.6,0.8,0,,
exclude_2022,pooled,past_frequency,4,0.8,1.0,0,,
exclude_2022,SPY,logistic,0,0.0,0.2,281,0.11913383838926361,0.1423487544483986
exclude_2022,SPY,logistic,1,0.2,0.4,22,0.2473791378177955,0.09090909090909091
exclude_2022,SPY,logistic,2,0.4,0.6,1,0.4743574412758553,0.0
exclude_2022,SPY,logistic,3,0.6,0.8,3,0.707816749013356,0.3333333333333333
exclude_2022,SPY,logistic,4,0.8,1.0,2,0.8389831883630463,0.0
exclude_2022,SPY,gbm,0,0.0,0.2,232,0.12358606940152389,0.15517241379310345
exclude_2022,SPY,gbm,1,0.2,0.4,75,0.2569806295797793,0.09333333333333334
exclude_2022,SPY,gbm,2,0.4,0.6,2,0.4429057979347979,0.0
exclude_2022,SPY,gbm,3,0.6,0.8,0,,
exclude_2022,SPY,gbm,4,0.8,1.0,0,,
exclude_2022,SPY,past_frequency,0,0.0,0.2,309,0.12973979169548736,0.13915857605177995
exclude_2022,SPY,past_frequency,1,0.2,0.4,0,,
exclude_2022,SPY,past_frequency,2,0.4,0.6,0,,
exclude_2022,SPY,past_frequency,3,0.6,0.8,0,,
exclude_2022,SPY,past_frequency,4,0.8,1.0,0,,
exclude_2022,QQQ,logistic,0,0.0,0.2,148,0.13384400648550054,0.21621621621621623
exclude_2022,QQQ,logistic,1,0.2,0.4,149,0.26473286717199823,0.2214765100671141
exclude_2022,QQQ,logistic,2,0.4,0.6,7,0.4823186714489957,0.2857142857142857
exclude_2022,QQQ,logistic,3,0.6,0.8,2,0.7859805480591818,0.0
exclude_2022,QQQ,logistic,4,0.8,1.0,3,0.867165517525005,0.0
exclude_2022,QQQ,gbm,0,0.0,0.2,158,0.14140498459349324,0.20253164556962025
exclude_2022,QQQ,gbm,1,0.2,0.4,144,0.2626448506898398,0.24305555555555555
exclude_2022,QQQ,gbm,2,0.4,0.6,7,0.4416784590182755,0.0
exclude_2022,QQQ,gbm,3,0.6,0.8,0,,
exclude_2022,QQQ,gbm,4,0.8,1.0,0,,
exclude_2022,QQQ,past_frequency,0,0.0,0.2,209,0.17889135056050032,0.24401913875598086
exclude_2022,QQQ,past_frequency,1,0.2,0.4,100,0.24956006145046358,0.16
exclude_2022,QQQ,past_frequency,2,0.4,0.6,0,,
exclude_2022,QQQ,past_frequency,3,0.6,0.8,0,,
exclude_2022,QQQ,past_frequency,4,0.8,1.0,0,,
exclude_2022,GLD,logistic,0,0.0,0.2,271,0.11696102375396593,0.08856088560885608
exclude_2022,GLD,logistic,1,0.2,0.4,37,0.2614658978734613,0.08108108108108109
exclude_2022,GLD,logistic,2,0.4,0.6,1,0.41455435786342837,0.0
exclude_2022,GLD,logistic,3,0.6,0.8,0,,
exclude_2022,GLD,logistic,4,0.8,1.0,0,,
exclude_2022,GLD,gbm,0,0.0,0.2,259,0.1308745827345375,0.08108108108108109
exclude_2022,GLD,gbm,1,0.2,0.4,50,0.25527915857340594,0.12
exclude_2022,GLD,gbm,2,0.4,0.6,0,,
exclude_2022,GLD,gbm,3,0.6,0.8,0,,
exclude_2022,GLD,gbm,4,0.8,1.0,0,,
exclude_2022,GLD,past_frequency,0,0.0,0.2,309,0.134710830956323,0.08737864077669903
exclude_2022,GLD,past_frequency,1,0.2,0.4,0,,
exclude_2022,GLD,past_frequency,2,0.4,0.6,0,,
exclude_2022,GLD,past_frequency,3,0.6,0.8,0,,
exclude_2022,GLD,past_frequency,4,0.8,1.0,0,,
exclude_2023,pooled,logistic,0,0.0,0.2,706,0.11890024058504797,0.18271954674220964
exclude_2023,pooled,logistic,1,0.2,0.4,203,0.2610154804557238,0.27586206896551724
exclude_2023,pooled,logistic,2,0.4,0.6,8,0.47634402961023115,0.25
exclude_2023,pooled,logistic,3,0.6,0.8,5,0.7390822686316864,0.2
exclude_2023,pooled,logistic,4,0.8,1.0,5,0.8558925858602215,0.0
exclude_2023,pooled,gbm,0,0.0,0.2,642,0.13170099615390005,0.16666666666666666
exclude_2023,pooled,gbm,1,0.2,0.4,283,0.2620010838405316,0.2862190812720848
exclude_2023,pooled,gbm,2,0.4,0.6,2,0.41317563120003664,0.0
exclude_2023,pooled,gbm,3,0.6,0.8,0,,
exclude_2023,pooled,gbm,4,0.8,1.0,0,,
exclude_2023,pooled,past_frequency,0,0.0,0.2,879,0.14420603885270283,0.20136518771331058
exclude_2023,pooled,past_frequency,1,0.2,0.4,48,0.2445019404915912,0.22916666666666666
exclude_2023,pooled,past_frequency,2,0.4,0.6,0,,
exclude_2023,pooled,past_frequency,3,0.6,0.8,0,,
exclude_2023,pooled,past_frequency,4,0.8,1.0,0,,
exclude_2023,SPY,logistic,0,0.0,0.2,280,0.11363326155545098,0.20357142857142857
exclude_2023,SPY,logistic,1,0.2,0.4,23,0.24701746383223938,0.13043478260869565
exclude_2023,SPY,logistic,2,0.4,0.6,1,0.4743574412758553,0.0
exclude_2023,SPY,logistic,3,0.6,0.8,3,0.707816749013356,0.3333333333333333
exclude_2023,SPY,logistic,4,0.8,1.0,2,0.8389831883630463,0.0
exclude_2023,SPY,gbm,0,0.0,0.2,223,0.12494654638824533,0.19282511210762332
exclude_2023,SPY,gbm,1,0.2,0.4,86,0.25365601384953596,0.20930232558139536
exclude_2023,SPY,gbm,2,0.4,0.6,0,,
exclude_2023,SPY,gbm,3,0.6,0.8,0,,
exclude_2023,SPY,gbm,4,0.8,1.0,0,,
exclude_2023,SPY,past_frequency,0,0.0,0.2,309,0.1223797738582564,0.19741100323624594
exclude_2023,SPY,past_frequency,1,0.2,0.4,0,,
exclude_2023,SPY,past_frequency,2,0.4,0.6,0,,
exclude_2023,SPY,past_frequency,3,0.6,0.8,0,,
exclude_2023,SPY,past_frequency,4,0.8,1.0,0,,
exclude_2023,QQQ,logistic,0,0.0,0.2,156,0.1311098504127631,0.27564102564102566
exclude_2023,QQQ,logistic,1,0.2,0.4,142,0.26281036983835826,0.3591549295774648
exclude_2023,QQQ,logistic,2,0.4,0.6,6,0.48697340629042757,0.3333333333333333
exclude_2023,QQQ,logistic,3,0.6,0.8,2,0.7859805480591818,0.0
exclude_2023,QQQ,logistic,4,0.8,1.0,3,0.867165517525005,0.0
exclude_2023,QQQ,gbm,0,0.0,0.2,161,0.14079779163579145,0.2422360248447205
exclude_2023,QQQ,gbm,1,0.2,0.4,146,0.2684395619791567,0.3904109589041096
exclude_2023,QQQ,gbm,2,0.4,0.6,2,0.41317563120003664,0.0
exclude_2023,QQQ,gbm,3,0.6,0.8,0,,
exclude_2023,QQQ,gbm,4,0.8,1.0,0,,
exclude_2023,QQQ,past_frequency,0,0.0,0.2,261,0.18279022332159256,0.32567049808429116
exclude_2023,QQQ,past_frequency,1,0.2,0.4,48,0.2445019404915912,0.22916666666666666
exclude_2023,QQQ,past_frequency,2,0.4,0.6,0,,
exclude_2023,QQQ,past_frequency,3,0.6,0.8,0,,
exclude_2023,QQQ,past_frequency,4,0.8,1.0,0,,
exclude_2023,GLD,logistic,0,0.0,0.2,270,0.11730785167824644,0.10740740740740741
exclude_2023,GLD,logistic,1,0.2,0.4,38,0.26278074598219886,0.05263157894736842
exclude_2023,GLD,logistic,2,0.4,0.6,1,0.41455435786342837,0.0
exclude_2023,GLD,logistic,3,0.6,0.8,0,,
exclude_2023,GLD,logistic,4,0.8,1.0,0,,
exclude_2023,GLD,gbm,0,0.0,0.2,258,0.13186246214287864,0.09689922480620156
exclude_2023,GLD,gbm,1,0.2,0.4,51,0.25764144091869595,0.11764705882352941
exclude_2023,GLD,gbm,2,0.4,0.6,0,,
exclude_2023,GLD,gbm,3,0.6,0.8,0,,
exclude_2023,GLD,gbm,4,0.8,1.0,0,,
exclude_2023,GLD,past_frequency,0,0.0,0.2,309,0.13344177910158236,0.10032362459546926
exclude_2023,GLD,past_frequency,1,0.2,0.4,0,,
exclude_2023,GLD,past_frequency,2,0.4,0.6,0,,
exclude_2023,GLD,past_frequency,3,0.6,0.8,0,,
exclude_2023,GLD,past_frequency,4,0.8,1.0,0,,
exclude_2024,pooled,logistic,0,0.0,0.2,701,0.12054239820661156,0.1825962910128388
exclude_2024,pooled,logistic,1,0.2,0.4,218,0.26083872575026673,0.23394495412844038
exclude_2024,pooled,logistic,2,0.4,0.6,10,0.46887932332291593,0.2
exclude_2024,pooled,logistic,3,0.6,0.8,5,0.7390822686316864,0.2
exclude_2024,pooled,logistic,4,0.8,1.0,5,0.8558925858602215,0.0
exclude_2024,pooled,gbm,0,0.0,0.2,625,0.12922628024772445,0.168
exclude_2024,pooled,gbm,1,0.2,0.4,305,0.2628115606065059,0.25245901639344265
exclude_2024,pooled,gbm,2,0.4,0.6,9,0.44195120099972496,0.0
exclude_2024,pooled,gbm,3,0.6,0.8,0,,
exclude_2024,pooled,gbm,4,0.8,1.0,0,,
exclude_2024,pooled,past_frequency,0,0.0,0.2,887,0.1449598430166135,0.1995490417136415
exclude_2024,pooled,past_frequency,1,0.2,0.4,52,0.25422909618173023,0.09615384615384616
exclude_2024,pooled,past_frequency,2,0.4,0.6,0,,
exclude_2024,pooled,past_frequency,3,0.6,0.8,0,,
exclude_2024,pooled,past_frequency,4,0.8,1.0,0,,
exclude_2024,SPY,logistic,0,0.0,0.2,282,0.11660068098958315,0.19858156028368795
exclude_2024,SPY,logistic,1,0.2,0.4,25,0.2449496054907318,0.12
exclude_2024,SPY,logistic,2,0.4,0.6,1,0.4743574412758553,0.0
exclude_2024,SPY,logistic,3,0.6,0.8,3,0.707816749013356,0.3333333333333333
exclude_2024,SPY,logistic,4,0.8,1.0,2,0.8389831883630463,0.0
exclude_2024,SPY,gbm,0,0.0,0.2,217,0.12343456211411988,0.1935483870967742
exclude_2024,SPY,gbm,1,0.2,0.4,94,0.25378564259846625,0.19148936170212766
exclude_2024,SPY,gbm,2,0.4,0.6,2,0.4429057979347979,0.0
exclude_2024,SPY,gbm,3,0.6,0.8,0,,
exclude_2024,SPY,gbm,4,0.8,1.0,0,,
exclude_2024,SPY,past_frequency,0,0.0,0.2,313,0.12388966868719498,0.19169329073482427
exclude_2024,SPY,past_frequency,1,0.2,0.4,0,,
exclude_2024,SPY,past_frequency,2,0.4,0.6,0,,
exclude_2024,SPY,past_frequency,3,0.6,0.8,0,,
exclude_2024,SPY,past_frequency,4,0.8,1.0,0,,
exclude_2024,QQQ,logistic,0,0.0,0.2,148,0.12953530807410574,0.2905405405405405
exclude_2024,QQQ,logistic,1,0.2,0.4,152,0.263741753835537,0.29605263157894735
exclude_2024,QQQ,logistic,2,0.4,0.6,8,0.4749851792612345,0.25
exclude_2024,QQQ,logistic,3,0.6,0.8,2,0.7859805480591818,0.0
exclude_2024,QQQ,logistic,4,0.8,1.0,3,0.867165517525005,0.0
exclude_2024,QQQ,gbm,0,0.0,0.2,147,0.13910808026081065,0.24489795918367346
exclude_2024,QQQ,gbm,1,0.2,0.4,159,0.26997090182783295,0.33962264150943394
exclude_2024,QQQ,gbm,2,0.4,0.6,7,0.4416784590182755,0.0
exclude_2024,QQQ,gbm,3,0.6,0.8,0,,
exclude_2024,QQQ,gbm,4,0.8,1.0,0,,
exclude_2024,QQQ,past_frequency,0,0.0,0.2,261,0.18279022332159256,0.32567049808429116
exclude_2024,QQQ,past_frequency,1,0.2,0.4,52,0.25422909618173023,0.09615384615384616
exclude_2024,QQQ,past_frequency,2,0.4,0.6,0,,
exclude_2024,QQQ,past_frequency,3,0.6,0.8,0,,
exclude_2024,QQQ,past_frequency,4,0.8,1.0,0,,
exclude_2024,GLD,logistic,0,0.0,0.2,271,0.1197328542760317,0.1070110701107011
exclude_2024,GLD,logistic,1,0.2,0.4,41,0.25976476812898114,0.07317073170731707
exclude_2024,GLD,logistic,2,0.4,0.6,1,0.41455435786342837,0.0
exclude_2024,GLD,logistic,3,0.6,0.8,0,,
exclude_2024,GLD,logistic,4,0.8,1.0,0,,
exclude_2024,GLD,gbm,0,0.0,0.2,261,0.12847600527863837,0.10344827586206896
exclude_2024,GLD,gbm,1,0.2,0.4,52,0.25723658057890464,0.09615384615384616
exclude_2024,GLD,gbm,2,0.4,0.6,0,,
exclude_2024,GLD,gbm,3,0.6,0.8,0,,
exclude_2024,GLD,gbm,4,0.8,1.0,0,,
exclude_2024,GLD,past_frequency,0,0.0,0.2,313,0.13448455645274285,0.10223642172523961
exclude_2024,GLD,past_frequency,1,0.2,0.4,0,,
exclude_2024,GLD,past_frequency,2,0.4,0.6,0,,
exclude_2024,GLD,past_frequency,3,0.6,0.8,0,,
exclude_2024,GLD,past_frequency,4,0.8,1.0,0,,
