bh_adjusted_q_value,candidate_id,complete_partition_counts,complete_pooled_anchors,directional_consistency,horizon_hours,outcome_column,outcome_family,predictor,rankable,status,supported_association
,log1p_current_state_age_hours__R__24h,"[135,134,134]",403,false,24,outcome_R_24h,R,log1p_current_state_age_hours,false,RANK_DEFICIENT_DESIGN,false
,log1p_current_state_age_hours__R__72h,"[132,134,133]",399,false,72,outcome_R_72h,R,log1p_current_state_age_hours,false,RANK_DEFICIENT_DESIGN,false
,log1p_current_state_age_hours__R__168h,"[124,133,132]",389,false,168,outcome_R_168h,R,log1p_current_state_age_hours,false,RANK_DEFICIENT_DESIGN,false
,log1p_current_state_age_hours__M__24h,"[135,134,134]",403,false,24,outcome_M_24h,M,log1p_current_state_age_hours,false,RANK_DEFICIENT_DESIGN,false
,log1p_current_state_age_hours__M__72h,"[132,134,133]",399,false,72,outcome_M_72h,M,log1p_current_state_age_hours,false,RANK_DEFICIENT_DESIGN,false
,log1p_current_state_age_hours__M__168h,"[124,133,132]",389,false,168,outcome_M_168h,M,log1p_current_state_age_hours,false,RANK_DEFICIENT_DESIGN,false
,log1p_current_state_age_hours__V__24h,"[135,134,134]",403,false,24,outcome_V_24h,V,log1p_current_state_age_hours,false,RANK_DEFICIENT_DESIGN,false
,log1p_current_state_age_hours__V__72h,"[132,134,133]",399,false,72,outcome_V_72h,V,log1p_current_state_age_hours,false,RANK_DEFICIENT_DESIGN,false
,log1p_current_state_age_hours__V__168h,"[124,133,132]",389,false,168,outcome_V_168h,V,log1p_current_state_age_hours,false,RANK_DEFICIENT_DESIGN,false
,log1p_current_state_age_hours__S__24h,"[135,134,134]",403,false,24,outcome_S_24h,S,log1p_current_state_age_hours,false,RANK_DEFICIENT_DESIGN,false
,log1p_current_state_age_hours__S__72h,"[132,134,133]",399,false,72,outcome_S_72h,S,log1p_current_state_age_hours,false,RANK_DEFICIENT_DESIGN,false
,log1p_current_state_age_hours__S__168h,"[124,133,132]",389,false,168,outcome_S_168h,S,log1p_current_state_age_hours,false,RANK_DEFICIENT_DESIGN,false
,log1p_previous_state_duration_hours__R__24h,"[135,134,134]",403,false,24,outcome_R_24h,R,log1p_previous_state_duration_hours,false,ESTIMATOR_FAILURE,false
,log1p_previous_state_duration_hours__R__72h,"[132,134,133]",399,false,72,outcome_R_72h,R,log1p_previous_state_duration_hours,false,RANK_DEFICIENT_DESIGN,false
,log1p_previous_state_duration_hours__R__168h,"[124,133,132]",389,false,168,outcome_R_168h,R,log1p_previous_state_duration_hours,false,ESTIMATOR_FAILURE,false
,log1p_previous_state_duration_hours__M__24h,"[135,134,134]",403,false,24,outcome_M_24h,M,log1p_previous_state_duration_hours,false,ESTIMATOR_FAILURE,false
,log1p_previous_state_duration_hours__M__72h,"[132,134,133]",399,false,72,outcome_M_72h,M,log1p_previous_state_duration_hours,false,RANK_DEFICIENT_DESIGN,false
,log1p_previous_state_duration_hours__M__168h,"[124,133,132]",389,false,168,outcome_M_168h,M,log1p_previous_state_duration_hours,false,ESTIMATOR_FAILURE,false
,log1p_previous_state_duration_hours__V__24h,"[135,134,134]",403,false,24,outcome_V_24h,V,log1p_previous_state_duration_hours,false,ESTIMATOR_FAILURE,false
,log1p_previous_state_duration_hours__V__72h,"[132,134,133]",399,false,72,outcome_V_72h,V,log1p_previous_state_duration_hours,false,RANK_DEFICIENT_DESIGN,false
,log1p_previous_state_duration_hours__V__168h,"[124,133,132]",389,false,168,outcome_V_168h,V,log1p_previous_state_duration_hours,false,ESTIMATOR_FAILURE,false
,log1p_previous_state_duration_hours__S__24h,"[135,134,134]",403,false,24,outcome_S_24h,S,log1p_previous_state_duration_hours,false,ESTIMATOR_FAILURE,false
,log1p_previous_state_duration_hours__S__72h,"[132,134,133]",399,false,72,outcome_S_72h,S,log1p_previous_state_duration_hours,false,RANK_DEFICIENT_DESIGN,false
,log1p_previous_state_duration_hours__S__168h,"[124,133,132]",389,false,168,outcome_S_168h,S,log1p_previous_state_duration_hours,false,ESTIMATOR_FAILURE,false
,log1p_hours_since_previous_transition__R__24h,"[135,134,134]",403,false,24,outcome_R_24h,R,log1p_hours_since_previous_transition,false,RANK_DEFICIENT_DESIGN,false
,log1p_hours_since_previous_transition__R__72h,"[132,134,133]",399,false,72,outcome_R_72h,R,log1p_hours_since_previous_transition,false,RANK_DEFICIENT_DESIGN,false
,log1p_hours_since_previous_transition__R__168h,"[124,133,132]",389,false,168,outcome_R_168h,R,log1p_hours_since_previous_transition,false,RANK_DEFICIENT_DESIGN,false
,log1p_hours_since_previous_transition__M__24h,"[135,134,134]",403,false,24,outcome_M_24h,M,log1p_hours_since_previous_transition,false,RANK_DEFICIENT_DESIGN,false
,log1p_hours_since_previous_transition__M__72h,"[132,134,133]",399,false,72,outcome_M_72h,M,log1p_hours_since_previous_transition,false,RANK_DEFICIENT_DESIGN,false
,log1p_hours_since_previous_transition__M__168h,"[124,133,132]",389,false,168,outcome_M_168h,M,log1p_hours_since_previous_transition,false,RANK_DEFICIENT_DESIGN,false
,log1p_hours_since_previous_transition__V__24h,"[135,134,134]",403,false,24,outcome_V_24h,V,log1p_hours_since_previous_transition,false,RANK_DEFICIENT_DESIGN,false
,log1p_hours_since_previous_transition__V__72h,"[132,134,133]",399,false,72,outcome_V_72h,V,log1p_hours_since_previous_transition,false,RANK_DEFICIENT_DESIGN,false
,log1p_hours_since_previous_transition__V__168h,"[124,133,132]",389,false,168,outcome_V_168h,V,log1p_hours_since_previous_transition,false,RANK_DEFICIENT_DESIGN,false
,log1p_hours_since_previous_transition__S__24h,"[135,134,134]",403,false,24,outcome_S_24h,S,log1p_hours_since_previous_transition,false,RANK_DEFICIENT_DESIGN,false
,log1p_hours_since_previous_transition__S__72h,"[132,134,133]",399,false,72,outcome_S_72h,S,log1p_hours_since_previous_transition,false,RANK_DEFICIENT_DESIGN,false
,log1p_hours_since_previous_transition__S__168h,"[124,133,132]",389,false,168,outcome_S_168h,S,log1p_hours_since_previous_transition,false,RANK_DEFICIENT_DESIGN,false
,transition_count_trailing_24h__R__24h,"[135,134,134]",403,false,24,outcome_R_24h,R,transition_count_trailing_24h,false,ESTIMATOR_FAILURE,false
,transition_count_trailing_24h__R__72h,"[132,134,133]",399,false,72,outcome_R_72h,R,transition_count_trailing_24h,false,RANK_DEFICIENT_DESIGN,false
,transition_count_trailing_24h__R__168h,"[124,133,132]",389,false,168,outcome_R_168h,R,transition_count_trailing_24h,false,ESTIMATOR_FAILURE,false
,transition_count_trailing_24h__M__24h,"[135,134,134]",403,false,24,outcome_M_24h,M,transition_count_trailing_24h,false,ESTIMATOR_FAILURE,false
,transition_count_trailing_24h__M__72h,"[132,134,133]",399,false,72,outcome_M_72h,M,transition_count_trailing_24h,false,RANK_DEFICIENT_DESIGN,false
,transition_count_trailing_24h__M__168h,"[124,133,132]",389,false,168,outcome_M_168h,M,transition_count_trailing_24h,false,ESTIMATOR_FAILURE,false
,transition_count_trailing_24h__V__24h,"[135,134,134]",403,false,24,outcome_V_24h,V,transition_count_trailing_24h,false,ESTIMATOR_FAILURE,false
,transition_count_trailing_24h__V__72h,"[132,134,133]",399,false,72,outcome_V_72h,V,transition_count_trailing_24h,false,RANK_DEFICIENT_DESIGN,false
,transition_count_trailing_24h__V__168h,"[124,133,132]",389,false,168,outcome_V_168h,V,transition_count_trailing_24h,false,ESTIMATOR_FAILURE,false
,transition_count_trailing_24h__S__24h,"[135,134,134]",403,false,24,outcome_S_24h,S,transition_count_trailing_24h,false,ESTIMATOR_FAILURE,false
,transition_count_trailing_24h__S__72h,"[132,134,133]",399,false,72,outcome_S_72h,S,transition_count_trailing_24h,false,RANK_DEFICIENT_DESIGN,false
,transition_count_trailing_24h__S__168h,"[124,133,132]",389,false,168,outcome_S_168h,S,transition_count_trailing_24h,false,ESTIMATOR_FAILURE,false
,transition_count_trailing_72h__R__24h,"[135,134,134]",403,false,24,outcome_R_24h,R,transition_count_trailing_72h,false,ESTIMATOR_FAILURE,false
,transition_count_trailing_72h__R__72h,"[132,134,133]",399,false,72,outcome_R_72h,R,transition_count_trailing_72h,false,RANK_DEFICIENT_DESIGN,false
,transition_count_trailing_72h__R__168h,"[124,133,132]",389,false,168,outcome_R_168h,R,transition_count_trailing_72h,false,RANK_DEFICIENT_DESIGN,false
,transition_count_trailing_72h__M__24h,"[135,134,134]",403,false,24,outcome_M_24h,M,transition_count_trailing_72h,false,ESTIMATOR_FAILURE,false
,transition_count_trailing_72h__M__72h,"[132,134,133]",399,false,72,outcome_M_72h,M,transition_count_trailing_72h,false,RANK_DEFICIENT_DESIGN,false
,transition_count_trailing_72h__M__168h,"[124,133,132]",389,false,168,outcome_M_168h,M,transition_count_trailing_72h,false,RANK_DEFICIENT_DESIGN,false
,transition_count_trailing_72h__V__24h,"[135,134,134]",403,false,24,outcome_V_24h,V,transition_count_trailing_72h,false,ESTIMATOR_FAILURE,false
,transition_count_trailing_72h__V__72h,"[132,134,133]",399,false,72,outcome_V_72h,V,transition_count_trailing_72h,false,RANK_DEFICIENT_DESIGN,false
,transition_count_trailing_72h__V__168h,"[124,133,132]",389,false,168,outcome_V_168h,V,transition_count_trailing_72h,false,RANK_DEFICIENT_DESIGN,false
,transition_count_trailing_72h__S__24h,"[135,134,134]",403,false,24,outcome_S_24h,S,transition_count_trailing_72h,false,ESTIMATOR_FAILURE,false
,transition_count_trailing_72h__S__72h,"[132,134,133]",399,false,72,outcome_S_72h,S,transition_count_trailing_72h,false,RANK_DEFICIENT_DESIGN,false
,transition_count_trailing_72h__S__168h,"[124,133,132]",389,false,168,outcome_S_168h,S,transition_count_trailing_72h,false,RANK_DEFICIENT_DESIGN,false
,transition_count_trailing_168h__R__24h,"[135,134,134]",403,false,24,outcome_R_24h,R,transition_count_trailing_168h,false,ESTIMATOR_FAILURE,false
,transition_count_trailing_168h__R__72h,"[132,134,133]",399,false,72,outcome_R_72h,R,transition_count_trailing_168h,false,RANK_DEFICIENT_DESIGN,false
,transition_count_trailing_168h__R__168h,"[124,133,132]",389,false,168,outcome_R_168h,R,transition_count_trailing_168h,false,RANK_DEFICIENT_DESIGN,false
,transition_count_trailing_168h__M__24h,"[135,134,134]",403,false,24,outcome_M_24h,M,transition_count_trailing_168h,false,ESTIMATOR_FAILURE,false
,transition_count_trailing_168h__M__72h,"[132,134,133]",399,false,72,outcome_M_72h,M,transition_count_trailing_168h,false,RANK_DEFICIENT_DESIGN,false
,transition_count_trailing_168h__M__168h,"[124,133,132]",389,false,168,outcome_M_168h,M,transition_count_trailing_168h,false,RANK_DEFICIENT_DESIGN,false
,transition_count_trailing_168h__V__24h,"[135,134,134]",403,false,24,outcome_V_24h,V,transition_count_trailing_168h,false,ESTIMATOR_FAILURE,false
,transition_count_trailing_168h__V__72h,"[132,134,133]",399,false,72,outcome_V_72h,V,transition_count_trailing_168h,false,RANK_DEFICIENT_DESIGN,false
,transition_count_trailing_168h__V__168h,"[124,133,132]",389,false,168,outcome_V_168h,V,transition_count_trailing_168h,false,RANK_DEFICIENT_DESIGN,false
,transition_count_trailing_168h__S__24h,"[135,134,134]",403,false,24,outcome_S_24h,S,transition_count_trailing_168h,false,ESTIMATOR_FAILURE,false
,transition_count_trailing_168h__S__72h,"[132,134,133]",399,false,72,outcome_S_72h,S,transition_count_trailing_168h,false,RANK_DEFICIENT_DESIGN,false
,transition_count_trailing_168h__S__168h,"[124,133,132]",389,false,168,outcome_S_168h,S,transition_count_trailing_168h,false,RANK_DEFICIENT_DESIGN,false
