policy,omitted_years,remaining_days,cash_excess_sharpe
trend_vol20_exact,2018,2192,1.2167708655798311
trend_vol20_exact,2019,2190,0.92934256138423577
trend_vol20_exact,2020,2189,0.58972659760420765
trend_vol20_exact,2021,2190,0.77236542486152615
trend_vol20_exact,2022,2190,1.1279409900603161
trend_vol20_exact,2023,2190,0.8150987249229098
trend_vol20_exact,2024,2189,0.81723314277750536
trend_vol20_exact,2018+2022,1827,1.5222339515093266
allocation_vol20_exact,2018,2192,1.2048285395898946
allocation_vol20_exact,2019,2190,0.79550612837543488
allocation_vol20_exact,2020,2189,0.49934184306228818
allocation_vol20_exact,2021,2190,0.67845168961458258
allocation_vol20_exact,2022,2190,1.1558309328174954
allocation_vol20_exact,2023,2190,0.62933304647347466
allocation_vol20_exact,2024,2189,0.71797711532318176
allocation_vol20_exact,2018+2022,1827,1.6939920350752959
fixed_blend_vol20_exact,2018,2192,1.2330923585654376
fixed_blend_vol20_exact,2019,2190,0.88050121261033976
fixed_blend_vol20_exact,2020,2189,0.55746114057850182
fixed_blend_vol20_exact,2021,2190,0.74289523387383771
fixed_blend_vol20_exact,2022,2190,1.1569462403277115
fixed_blend_vol20_exact,2023,2190,0.73576378533763742
fixed_blend_vol20_exact,2024,2189,0.78583423598520186
fixed_blend_vol20_exact,2018+2022,1827,1.6174776247948133
state_rule_vol20_exact,2018,2192,1.2488965419940903
state_rule_vol20_exact,2019,2190,0.96880014333115838
state_rule_vol20_exact,2020,2189,0.62913688167807724
state_rule_vol20_exact,2021,2190,0.80336036864692839
state_rule_vol20_exact,2022,2190,1.1616815172664301
state_rule_vol20_exact,2023,2190,0.82188521561800865
state_rule_vol20_exact,2024,2189,0.8530033215237115
state_rule_vol20_exact,2018+2022,1827,1.5573703466542101
trend_vol20_band2,2018,2192,1.2330226118285821
trend_vol20_band2,2019,2190,0.94675329312050949
trend_vol20_band2,2020,2189,0.61191080696863109
trend_vol20_band2,2021,2190,0.79745371573725277
trend_vol20_band2,2022,2190,1.1559749226566858
trend_vol20_band2,2023,2190,0.84018483678630207
trend_vol20_band2,2024,2189,0.83565234254325738
trend_vol20_band2,2018+2022,1827,1.5444134876092015
allocation_vol20_band2,2018,2192,1.2171511532646462
allocation_vol20_band2,2019,2190,0.80954076885376836
allocation_vol20_band2,2020,2189,0.51850836925441302
allocation_vol20_band2,2021,2190,0.69922718841903442
allocation_vol20_band2,2022,2190,1.1784948401334405
allocation_vol20_band2,2023,2190,0.64970502788674322
allocation_vol20_band2,2024,2189,0.73352105422024072
allocation_vol20_band2,2018+2022,1827,1.7095709701898691
fixed_blend_vol20_band2,2018,2192,1.2498287506804684
fixed_blend_vol20_band2,2019,2190,0.89871617671001913
fixed_blend_vol20_band2,2020,2189,0.57734021640765798
fixed_blend_vol20_band2,2021,2190,0.76690214068965623
fixed_blend_vol20_band2,2022,2190,1.1840313116053849
fixed_blend_vol20_band2,2023,2190,0.75971290352100374
fixed_blend_vol20_band2,2024,2189,0.80359546662419767
fixed_blend_vol20_band2,2018+2022,1827,1.6398014697949668
state_rule_vol20_band2,2018,2192,1.2672048657730366
state_rule_vol20_band2,2019,2190,0.98765407836642849
state_rule_vol20_band2,2020,2189,0.65384096894207355
state_rule_vol20_band2,2021,2190,0.82816048236191464
state_rule_vol20_band2,2022,2190,1.1924662353664326
state_rule_vol20_band2,2023,2190,0.85036257836082496
state_rule_vol20_band2,2024,2189,0.87598614237849848
state_rule_vol20_band2,2018+2022,1827,1.5820891042631755
trend_vol40_exact,2018,2192,1.1477291666309144
trend_vol40_exact,2019,2190,0.92626865635189159
trend_vol40_exact,2020,2189,0.59865645947612123
trend_vol40_exact,2021,2190,0.73833442535617877
trend_vol40_exact,2022,2190,1.093869959026363
trend_vol40_exact,2023,2190,0.84967543795318556
trend_vol40_exact,2024,2189,0.80664446614135787
trend_vol40_exact,2018+2022,1827,1.4202493275747694
allocation_vol40_exact,2018,2192,1.2061592567447506
allocation_vol40_exact,2019,2190,0.79162527597686549
allocation_vol40_exact,2020,2189,0.49179549156014501
allocation_vol40_exact,2021,2190,0.67314741997245875
allocation_vol40_exact,2022,2190,1.1563621367085601
allocation_vol40_exact,2023,2190,0.6374680113647111
allocation_vol40_exact,2024,2189,0.71263272482686757
allocation_vol40_exact,2018+2022,1827,1.7011833999048072
fixed_blend_vol40_exact,2018,2192,1.2091545469375042
fixed_blend_vol40_exact,2019,2190,0.87918753030078467
fixed_blend_vol40_exact,2020,2189,0.5578726673768164
fixed_blend_vol40_exact,2021,2190,0.72673285782922281
fixed_blend_vol40_exact,2022,2190,1.1488913321477181
fixed_blend_vol40_exact,2023,2190,0.755982007226776
fixed_blend_vol40_exact,2024,2189,0.78062417165147102
fixed_blend_vol40_exact,2018+2022,1827,1.5852943764865615
state_rule_vol40_exact,2018,2192,1.1651019482409937
state_rule_vol40_exact,2019,2190,0.95581526031033393
state_rule_vol40_exact,2020,2189,0.62926437119109591
state_rule_vol40_exact,2021,2190,0.76296019838129792
state_rule_vol40_exact,2022,2190,1.1153256760665424
state_rule_vol40_exact,2023,2190,0.85545497354771183
state_rule_vol40_exact,2024,2189,0.84221718900303189
state_rule_vol40_exact,2018+2022,1827,1.4340290939965419
trend_vol40_band2,2018,2192,1.155727552933058
trend_vol40_band2,2019,2190,0.93401878336627964
trend_vol40_band2,2020,2189,0.60679050256634126
trend_vol40_band2,2021,2190,0.7518869547697814
trend_vol40_band2,2022,2190,1.1066337965410351
trend_vol40_band2,2023,2190,0.85886116042235583
trend_vol40_band2,2024,2189,0.81824384414277085
trend_vol40_band2,2018+2022,1827,1.4309524345638969
allocation_vol40_band2,2018,2192,1.2155406627169436
allocation_vol40_band2,2019,2190,0.80268914883401121
allocation_vol40_band2,2020,2189,0.50104833747030064
allocation_vol40_band2,2021,2190,0.68578663113895544
allocation_vol40_band2,2022,2190,1.168668271655918
allocation_vol40_band2,2023,2190,0.6481084884397853
allocation_vol40_band2,2024,2189,0.7254976072834971
allocation_vol40_band2,2018+2022,1827,1.711553271812684
fixed_blend_vol40_band2,2018,2192,1.2238313800538529
fixed_blend_vol40_band2,2019,2190,0.88786317410007209
fixed_blend_vol40_band2,2020,2189,0.57054266706207091
fixed_blend_vol40_band2,2021,2190,0.74296754566133116
fixed_blend_vol40_band2,2022,2190,1.1614889759388998
fixed_blend_vol40_band2,2023,2190,0.76989919603173995
fixed_blend_vol40_band2,2024,2189,0.79652836557080076
fixed_blend_vol40_band2,2018+2022,1827,1.5990362182849913
state_rule_vol40_band2,2018,2192,1.1746099909457974
state_rule_vol40_band2,2019,2190,0.96481516505218412
state_rule_vol40_band2,2020,2189,0.63868483474807614
state_rule_vol40_band2,2021,2190,0.77803542098621636
state_rule_vol40_band2,2022,2190,1.1299268097040931
state_rule_vol40_band2,2023,2190,0.86660530348820297
state_rule_vol40_band2,2024,2189,0.8559956911360227
state_rule_vol40_band2,2018+2022,1827,1.4464775951809041
btc_buy_hold,2018,2192,1.1465352679515723
btc_buy_hold,2019,2190,0.63281312928444755
btc_buy_hold,2020,2189,0.44409237589926531
btc_buy_hold,2021,2190,0.68048199752007266
btc_buy_hold,2022,2190,1.0382977322129925
btc_buy_hold,2023,2190,0.5719664839997487
btc_buy_hold,2024,2189,0.60716967290226065
btc_buy_hold,2018+2022,1827,1.6151106224367164
eth_buy_hold,2018,2192,1.070390512647247
eth_buy_hold,2019,2190,0.7084712910440627
eth_buy_hold,2020,2189,0.35525176689554955
eth_buy_hold,2021,2190,0.37855258864581642
eth_buy_hold,2022,2190,0.91612304038568959
eth_buy_hold,2023,2190,0.59968310429379035
eth_buy_hold,2024,2189,0.64182082195433543
eth_buy_hold,2018+2022,1827,1.4722633870964259
mix_buy_hold,2018,2192,1.1225253136202142
mix_buy_hold,2019,2190,0.64017754918385594
mix_buy_hold,2020,2189,0.39424560248422685
mix_buy_hold,2021,2190,0.51656583707562109
mix_buy_hold,2022,2190,0.98772123767076114
mix_buy_hold,2023,2190,0.57461369083557268
mix_buy_hold,2024,2189,0.61067044049111574
mix_buy_hold,2018+2022,1827,1.5931055588656073
usd_cash,2018,2192,
usd_cash,2019,2190,
usd_cash,2020,2189,
usd_cash,2021,2190,
usd_cash,2022,2190,
usd_cash,2023,2190,
usd_cash,2024,2189,
usd_cash,2018+2022,1827,
