policy,comparator,scenario,period,cagr_difference,sharpe_difference,drawdown_difference,volatility_difference
fixed_blend_vol20_exact,trend_vol20_exact,frictionless,full,-0.0085638524067972455,-0.066216491016308221,-0.056568019384702239,0.0076919346744329653
fixed_blend_vol20_exact,allocation_vol20_exact,frictionless,full,0.010792258217376283,0.096418964089669656,0.068631014382473543,-0.016334931730712404
fixed_blend_vol20_exact,state_rule_vol20_exact,frictionless,full,-0.01164874604609567,-0.076132890354219884,-0.05738006555116737,0.0069221994266112918
fixed_blend_vol20_exact,trend_vol20_exact,frictionless,2018_2019,-0.021512434165222971,-0.10276847413062021,-0.056568019384702239,0.0096922889667938605
fixed_blend_vol20_exact,allocation_vol20_exact,frictionless,2018_2019,0.023405292014696655,0.073439014962700916,0.068631014382473543,-0.021724298406421594
fixed_blend_vol20_exact,state_rule_vol20_exact,frictionless,2018_2019,-0.020198786142978986,-0.095405816567161017,-0.05738006555116737,0.0095592496961153794
fixed_blend_vol20_exact,trend_vol20_exact,frictionless,2020_2021,0.0080778982309162028,0.014360051480723612,-0.0033702052686859219,0.00099969528383769823
fixed_blend_vol20_exact,allocation_vol20_exact,frictionless,2020_2021,-0.0079693889232470561,-0.010437664196037755,0.003364179942081158,-0.0014099048918500279
fixed_blend_vol20_exact,state_rule_vol20_exact,frictionless,2020_2021,0.0092856373456098318,0.024478186397160151,0.0033641799420806029,0.0001576392093706469
fixed_blend_vol20_exact,trend_vol20_exact,frictionless,2022_2024,-0.0058971375808587467,-0.069667984665868765,-0.050410196132702589,0.011845618110520761
fixed_blend_vol20_exact,allocation_vol20_exact,frictionless,2022_2024,0.0090089881482695588,0.10439529238870549,0.071259022374906777,-0.023993036452419958
fixed_blend_vol20_exact,state_rule_vol20_exact,frictionless,2022_2024,-0.014532729927762444,-0.10563987085284532,-0.050057362214239509,0.01070394297575189
fixed_blend_vol20_exact,trend_vol20_exact,frictionless,2020_2024_carry,-0.0013170624184646318,-0.045860627912057472,-0.057108049295338859,0.0069704190935938604
fixed_blend_vol20_exact,allocation_vol20_exact,frictionless,2020_2024_carry,0.0035106218827110069,0.087409859206386553,0.065843380515640426,-0.014351574580685006
fixed_blend_vol20_exact,state_rule_vol20_exact,frictionless,2020_2024_carry,-0.0067499939769517514,-0.060354022515148875,-0.056512890269882599,0.0059798964569065249
state_rule_vol20_exact,trend_vol20_exact,frictionless,full,0.003084893639298425,0.0099163993379116633,0.00081204616646513017,0.00076973524782167346
state_rule_vol20_exact,allocation_vol20_exact,frictionless,full,0.022441004263471953,0.17255185444388954,0.12601107993364091,-0.023257131157323696
state_rule_vol20_exact,fixed_blend_vol20_exact,frictionless,full,0.01164874604609567,0.076132890354219884,0.05738006555116737,-0.0069221994266112918
state_rule_vol20_exact,trend_vol20_exact,frictionless,2018_2019,-0.001313648022243985,-0.0073626575634591906,0.00081204616646513017,0.00013303927067848109
state_rule_vol20_exact,allocation_vol20_exact,frictionless,2018_2019,0.043604078157675641,0.16884483152986193,0.12601107993364091,-0.031283548102536973
state_rule_vol20_exact,fixed_blend_vol20_exact,frictionless,2018_2019,0.020198786142978986,0.095405816567161017,0.05738006555116737,-0.0095592496961153794
state_rule_vol20_exact,trend_vol20_exact,frictionless,2020_2021,-0.0012077391146936289,-0.010118134916436539,-0.0067343852107665247,0.00084205607446705133
state_rule_vol20_exact,allocation_vol20_exact,frictionless,2020_2021,-0.017255026268856888,-0.034915850593197906,5.5511151231257827e-16,-0.0015675441012206748
state_rule_vol20_exact,fixed_blend_vol20_exact,frictionless,2020_2021,-0.0092856373456098318,-0.024478186397160151,-0.0033641799420806029,-0.0001576392093706469
state_rule_vol20_exact,trend_vol20_exact,frictionless,2022_2024,0.0086355923469036977,0.035971886186976554,-0.00035283391846308021,0.0011416751347688714
state_rule_vol20_exact,allocation_vol20_exact,frictionless,2022_2024,0.023541718076032003,0.2100351632415508,0.12131638458914629,-0.034696979428171848
state_rule_vol20_exact,fixed_blend_vol20_exact,frictionless,2022_2024,0.014532729927762444,0.10563987085284532,0.050057362214239509,-0.01070394297575189
state_rule_vol20_exact,trend_vol20_exact,frictionless,2020_2024_carry,0.0054329315584871196,0.014493394603091403,-0.00059515902545625998,0.00099052263668733542
state_rule_vol20_exact,allocation_vol20_exact,frictionless,2020_2024_carry,0.010260615859662758,0.14776388172153543,0.12235627078552302,-0.020331471037591531
state_rule_vol20_exact,fixed_blend_vol20_exact,frictionless,2020_2024_carry,0.0067499939769517514,0.060354022515148875,0.056512890269882599,-0.0059798964569065249
fixed_blend_vol20_band2,trend_vol20_band2,frictionless,full,-0.0091126262845231398,-0.069405510624387934,-0.057173853730561608,0.0075649848098898742
fixed_blend_vol20_band2,allocation_vol20_band2,frictionless,full,0.011490102046935124,0.098169136214748765,0.064842838570240979,-0.01533279170920443
fixed_blend_vol20_band2,state_rule_vol20_band2,frictionless,full,-0.01234159266524304,-0.080950418944003233,-0.058715587073807973,0.007008703907723679
fixed_blend_vol20_band2,trend_vol20_band2,frictionless,2018_2019,-0.023575722059117399,-0.1182915972812108,-0.057173853730561608,0.0092885193780280206
fixed_blend_vol20_band2,allocation_vol20_band2,frictionless,2018_2019,0.020821509959674578,0.065046575941447943,0.064842838570240979,-0.021055316015443692
fixed_blend_vol20_band2,state_rule_vol20_band2,frictionless,2018_2019,-0.02364996687778409,-0.11906814853453582,-0.058715587073807973,0.0090788869267543482
fixed_blend_vol20_band2,trend_vol20_band2,frictionless,2020_2021,0.008888373683652917,0.017330980365302118,-0.0033589881262956478,0.00095403850975775417
fixed_blend_vol20_band2,allocation_vol20_band2,frictionless,2020_2021,-0.0015815301300812212,0.00099305952126993446,0.003401768742426925,-0.00065943052987080253
fixed_blend_vol20_band2,state_rule_vol20_band2,frictionless,2020_2021,0.008228520299297104,0.019359258268952129,0.003401768742427369,0.00046940247249011025
fixed_blend_vol20_band2,trend_vol20_band2,frictionless,2022_2024,-0.0060181607939600035,-0.0706235962704298,-0.057051173704182001,0.011804174385661087
fixed_blend_vol20_band2,allocation_vol20_band2,frictionless,2022_2024,0.0097589655237955153,0.10470468243147568,0.068980545219686662,-0.02257386653072041
fixed_blend_vol20_band2,state_rule_vol20_band2,frictionless,2022_2024,-0.012918494502662137,-0.10002164457385576,-0.05626039118698245,0.010951833963128155
fixed_blend_vol20_band2,trend_vol20_band2,frictionless,2020_2024_carry,-0.0011194637994011991,-0.045562548967046146,-0.055583394998784064,0.0069442491064576894
fixed_blend_vol20_band2,allocation_vol20_band2,frictionless,2020_2024_carry,0.0061157545060854801,0.092180856834253699,0.06415910526577806,-0.013241812884163762
fixed_blend_vol20_band2,state_rule_vol20_band2,frictionless,2020_2024_carry,-0.0059998428405818593,-0.060144022525689511,-0.054596146309318527,0.0062684405954223366
state_rule_vol20_band2,trend_vol20_band2,frictionless,full,0.0032289663807198998,0.011544908319615299,0.0015417333432463654,0.00055628090216619519
state_rule_vol20_band2,allocation_vol20_band2,frictionless,full,0.023831694712178164,0.179119555158752,0.12355842564404895,-0.022341495616928109
state_rule_vol20_band2,fixed_blend_vol20_band2,frictionless,full,0.01234159266524304,0.080950418944003233,0.058715587073807973,-0.007008703907723679
state_rule_vol20_band2,trend_vol20_band2,frictionless,2018_2019,7.4244818666691081e-05,0.00077655125332501407,0.0015417333432463654,0.00020963245127367247
state_rule_vol20_band2,allocation_vol20_band2,frictionless,2018_2019,0.044471476837458668,0.18411472447598376,0.12355842564404895,-0.030134202942198041
state_rule_vol20_band2,fixed_blend_vol20_band2,frictionless,2018_2019,0.02364996687778409,0.11906814853453582,0.058715587073807973,-0.0090788869267543482
state_rule_vol20_band2,trend_vol20_band2,frictionless,2020_2021,0.00065985338435581298,-0.0020282779036500109,-0.0067607568687230168,0.00048463603726764393
state_rule_vol20_band2,allocation_vol20_band2,frictionless,2020_2021,-0.0098100504293783253,-0.018366198747682194,-4.4408920985006262e-16,-0.0011288330023609128
state_rule_vol20_band2,fixed_blend_vol20_band2,frictionless,2020_2021,-0.008228520299297104,-0.019359258268952129,-0.003401768742427369,-0.00046940247249011025
state_rule_vol20_band2,trend_vol20_band2,frictionless,2022_2024,0.0069003337087021333,0.029398048303425961,-0.00079078251719955084,0.0008523404225329323
state_rule_vol20_band2,allocation_vol20_band2,frictionless,2022_2024,0.022677460026457652,0.20472632700533144,0.12524093640666911,-0.033525700493848565
state_rule_vol20_band2,fixed_blend_vol20_band2,frictionless,2022_2024,0.012918494502662137,0.10002164457385576,0.05626039118698245,-0.010951833963128155
state_rule_vol20_band2,trend_vol20_band2,frictionless,2020_2024_carry,0.0048803790411806602,0.014581473558643365,-0.00098724868946553634,0.00067580851103535289
state_rule_vol20_band2,allocation_vol20_band2,frictionless,2020_2024_carry,0.012115597346667339,0.15232487935994321,0.11875525157509659,-0.019510253479586098
state_rule_vol20_band2,fixed_blend_vol20_band2,frictionless,2020_2024_carry,0.0059998428405818593,0.060144022525689511,0.054596146309318527,-0.0062684405954223366
fixed_blend_vol40_exact,trend_vol40_exact,frictionless,full,0.00086352375304588058,-0.049041440484934751,-0.11587857307041616,0.031532289653912415
fixed_blend_vol40_exact,allocation_vol40_exact,frictionless,full,0.012968014815611273,0.086634362532252429,0.13039093818902536,-0.053588947843789703
fixed_blend_vol40_exact,state_rule_vol40_exact,frictionless,full,-0.0082996273513549212,-0.051935754601627471,-0.11176776049932879,0.022088119708502107
fixed_blend_vol40_exact,trend_vol40_exact,frictionless,2018_2019,-0.058647713824044989,-0.12757049161905082,-0.14411886787097516,0.048938358312600794
fixed_blend_vol40_exact,allocation_vol40_exact,frictionless,2018_2019,0.066578705507326919,0.072388399455635244,0.13039093818902536,-0.077759616478528915
fixed_blend_vol40_exact,state_rule_vol40_exact,frictionless,2018_2019,-0.055994378876284001,-0.11837344360317772,-0.14551203675272628,0.048609564384000215
fixed_blend_vol40_exact,trend_vol40_exact,frictionless,2020_2021,0.1047542597119433,0.088202614035071347,-0.0058746413829499078,0.004948998117079495
fixed_blend_vol40_exact,allocation_vol40_exact,frictionless,2020_2021,-0.10721273544318199,-0.07507398720032521,0.005852655091205472,-0.0073643521481969731
fixed_blend_vol40_exact,state_rule_vol40_exact,frictionless,2020_2021,0.09331038908398348,0.085512938621983503,0.005852655091205361,0.0020569250048829701
fixed_blend_vol40_exact,trend_vol40_exact,frictionless,2022_2024,0.016569247327842929,-0.020148306813060346,-0.096386982279053957,0.045500266052644733
fixed_blend_vol40_exact,allocation_vol40_exact,frictionless,2022_2024,0.00065005036039988973,0.066219052237646792,0.13108830547599915,-0.074460484359055001
fixed_blend_vol40_exact,state_rule_vol40_exact,frictionless,2022_2024,-0.0011007987259177288,-0.033228687395880141,-0.06629551332871042,0.023747993882897223
fixed_blend_vol40_exact,trend_vol40_exact,frictionless,2020_2024_carry,0.0418540731070427,0.0060962421305978953,-0.11193975135805789,0.025790542127448135
fixed_blend_vol40_exact,allocation_vol40_exact,frictionless,2020_2024_carry,-0.028702766203286156,0.052896972081628135,0.11066595225598896,-0.044772387608908726
fixed_blend_vol40_exact,state_rule_vol40_exact,frictionless,2020_2024_carry,0.025273806504449992,0.0087964350229574606,-0.11098572293360176,0.013431531589777168
state_rule_vol40_exact,trend_vol40_exact,frictionless,full,0.0091631511044008018,0.00289431411669272,-0.0041108125710873633,0.0094441699454103079
state_rule_vol40_exact,allocation_vol40_exact,frictionless,full,0.021267642166966194,0.1385701171338799,0.24215869868835416,-0.07567706755229181
state_rule_vol40_exact,fixed_blend_vol40_exact,frictionless,full,0.0082996273513549212,0.051935754601627471,0.11176776049932879,-0.022088119708502107
state_rule_vol40_exact,trend_vol40_exact,frictionless,2018_2019,-0.002653334947760988,-0.00919704801587308,0.0013931688817511167,0.00032879392860057921
state_rule_vol40_exact,allocation_vol40_exact,frictionless,2018_2019,0.12257308438361092,0.19076184305881297,0.27590297494175164,-0.12636918086252913
state_rule_vol40_exact,fixed_blend_vol40_exact,frictionless,2018_2019,0.055994378876284001,0.11837344360317772,0.14551203675272628,-0.048609564384000215
state_rule_vol40_exact,trend_vol40_exact,frictionless,2020_2021,0.011443870627959818,0.0026896754130878442,-0.011727296474155269,0.0028920731121965249
state_rule_vol40_exact,allocation_vol40_exact,frictionless,2020_2021,-0.20052312452716547,-0.16058692582230871,1.1102230246251565e-16,-0.0094212771530799433
state_rule_vol40_exact,fixed_blend_vol40_exact,frictionless,2020_2021,-0.09331038908398348,-0.085512938621983503,-0.005852655091205361,-0.0020569250048829701
state_rule_vol40_exact,trend_vol40_exact,frictionless,2022_2024,0.017670046053760657,0.013080380582819795,-0.030091468950343536,0.021752272169747511
state_rule_vol40_exact,allocation_vol40_exact,frictionless,2022_2024,0.0017508490863176185,0.099447739633526933,0.19738381880470957,-0.098208478241952224
state_rule_vol40_exact,fixed_blend_vol40_exact,frictionless,2022_2024,0.0011007987259177288,0.033228687395880141,0.06629551332871042,-0.023747993882897223
state_rule_vol40_exact,trend_vol40_exact,frictionless,2020_2024_carry,0.016580266602592708,-0.0027001928923595653,-0.00095402842445613256,0.012359010537670967
state_rule_vol40_exact,allocation_vol40_exact,frictionless,2020_2024_carry,-0.053976572707736148,0.044100537058670675,0.22165167518959072,-0.058203919198685894
state_rule_vol40_exact,fixed_blend_vol40_exact,frictionless,2020_2024_carry,-0.025273806504449992,-0.0087964350229574606,0.11098572293360176,-0.013431531589777168
fixed_blend_vol40_band2,trend_vol40_band2,frictionless,full,0.0023066823408397497,-0.047087089691711492,-0.12389370846908021,0.031634224790456689
fixed_blend_vol40_band2,allocation_vol40_band2,frictionless,full,0.012752587277375493,0.086662418644172456,0.12708806790322758,-0.052643263068032187
fixed_blend_vol40_band2,state_rule_vol40_band2,frictionless,full,-0.0076233552441800079,-0.051875447544938003,-0.12010559058044501,0.022427007913341457
fixed_blend_vol40_band2,trend_vol40_band2,frictionless,2018_2019,-0.058614481191295309,-0.1298798811461386,-0.14711468971007491,0.04896369319493632
fixed_blend_vol40_band2,allocation_vol40_band2,frictionless,2018_2019,0.067191276383668508,0.079314976153753658,0.12708806790322758,-0.07615755276224101
fixed_blend_vol40_band2,state_rule_vol40_band2,frictionless,2018_2019,-0.057338004154055877,-0.12575086103090372,-0.1494030023172036,0.048596607826352556
fixed_blend_vol40_band2,trend_vol40_band2,frictionless,2020_2021,0.10679116853339821,0.091045837497485405,-0.0058931195426680238,0.0050116434257692632
fixed_blend_vol40_band2,allocation_vol40_band2,frictionless,2020_2021,-0.10829397556891873,-0.077920672963255999,0.0059941514829853215,-0.0070584466689131431
fixed_blend_vol40_band2,state_rule_vol40_band2,frictionless,2020_2021,0.093572071672087365,0.085669586565235489,0.0059941514829857656,0.0023787461064512794
fixed_blend_vol40_band2,trend_vol40_band2,frictionless,2022_2024,0.018380110713232201,-0.015489506870991043,-0.090479555196172234,0.045570146965473068
fixed_blend_vol40_band2,allocation_vol40_band2,frictionless,2022_2024,0.00048040722026110316,0.065435484325924387,0.13254791652992992,-0.073297962329932687
fixed_blend_vol40_band2,state_rule_vol40_band2,frictionless,2022_2024,0.0010051540521183178,-0.028872437422645336,-0.061474600382333766,0.024263394529937921
fixed_blend_vol40_band2,trend_vol40_band2,frictionless,2020_2024_carry,0.043830097712516558,0.009182386511871421,-0.1067550943783695,0.025916457765184808
fixed_blend_vol40_band2,allocation_vol40_band2,frictionless,2020_2024_carry,-0.029169106866215211,0.051444113221369658,0.11285585358702477,-0.044069744955583245
fixed_blend_vol40_band2,state_rule_vol40_band2,frictionless,2020_2024_carry,0.026975512102794363,0.010575363706983643,-0.10453081149806431,0.013879939469779778
state_rule_vol40_band2,trend_vol40_band2,frictionless,full,0.0099300375850197575,0.0047883578532265103,-0.0037881178886352007,0.0092072168771152318
state_rule_vol40_band2,allocation_vol40_band2,frictionless,full,0.020375942521555501,0.13853786618911046,0.24719365848367258,-0.075070270981373644
state_rule_vol40_band2,fixed_blend_vol40_band2,frictionless,full,0.0076233552441800079,0.051875447544938003,0.12010559058044501,-0.022427007913341457
state_rule_vol40_band2,trend_vol40_band2,frictionless,2018_2019,-0.0012764770372394318,-0.0041290201152348743,0.0022883126071286952,0.00036708536858376384
state_rule_vol40_band2,allocation_vol40_band2,frictionless,2018_2019,0.12452928053772438,0.20506583718465737,0.27649107022043118,-0.12475416058859357
state_rule_vol40_band2,fixed_blend_vol40_band2,frictionless,2018_2019,0.057338004154055877,0.12575086103090372,0.1494030023172036,-0.048596607826352556
state_rule_vol40_band2,trend_vol40_band2,frictionless,2020_2021,0.013219096861310842,0.0053762509322499152,-0.011887271025653789,0.0026328973193179839
state_rule_vol40_band2,allocation_vol40_band2,frictionless,2020_2021,-0.2018660472410061,-0.16359025952849149,-4.4408920985006262e-16,-0.0094371927753644225
state_rule_vol40_band2,fixed_blend_vol40_band2,frictionless,2020_2021,-0.093572071672087365,-0.085669586565235489,-0.0059941514829857656,-0.0023787461064512794
state_rule_vol40_band2,trend_vol40_band2,frictionless,2022_2024,0.017374956661113883,0.013382930551654293,-0.029004954813838468,0.021306752435535148
state_rule_vol40_band2,allocation_vol40_band2,frictionless,2022_2024,-0.0005247468318572146,0.094307921748569723,0.19402251691226369,-0.097561356859870607
state_rule_vol40_band2,fixed_blend_vol40_band2,frictionless,2022_2024,-0.0010051540521183178,0.028872437422645336,0.061474600382333766,-0.024263394529937921
state_rule_vol40_band2,trend_vol40_band2,frictionless,2020_2024_carry,0.016854585609722195,-0.0013929771951122216,-0.002224282880305184,0.01203651829540503
state_rule_vol40_band2,allocation_vol40_band2,frictionless,2020_2024_carry,-0.056144618969009574,0.040868749514386016,0.21738666508508908,-0.057949684425363024
state_rule_vol40_band2,fixed_blend_vol40_band2,frictionless,2020_2024_carry,-0.026975512102794363,-0.010575363706983643,0.10453081149806431,-0.013879939469779778
fixed_blend_vol20_exact,trend_vol20_exact,base,full,0.00012133656611834631,-0.025946364222562912,-0.050455453663646677,0.0076820813341320071
fixed_blend_vol20_exact,allocation_vol20_exact,base,full,0.0032964115407987382,0.062028458181635826,0.064688307416240765,-0.01633893420272603
fixed_blend_vol20_exact,state_rule_vol20_exact,base,full,-0.0077276294114587696,-0.057114523731223277,-0.052235377216236167,0.0068775150110491068
fixed_blend_vol20_exact,trend_vol20_exact,base,2018_2019,-0.015941195890231352,-0.067629758453803868,-0.050455453663646677,0.0097187618889015837
fixed_blend_vol20_exact,allocation_vol20_exact,base,2018_2019,0.018505500831064725,0.041792095922504713,0.064688307416240765,-0.0217403840287477
fixed_blend_vol20_exact,state_rule_vol20_exact,base,2018_2019,-0.015366516989003487,-0.064569237391654155,-0.052235377216236167,0.0095836481747837432
fixed_blend_vol20_exact,trend_vol20_exact,base,2020_2021,0.01734457960453617,0.04146473612331647,-0.0030733775930802398,0.00098625592938847428
fixed_blend_vol20_exact,allocation_vol20_exact,base,2020_2021,-0.015561222158462673,-0.032240779428275523,0.0031469834286393938,-0.0014047921741373592
fixed_blend_vol20_exact,state_rule_vol20_exact,base,2020_2021,0.010885390202639567,0.02934668994146028,0.0031469834286392828,0.00016724003718468494
fixed_blend_vol20_exact,trend_vol20_exact,base,2022_2024,0.0046551185170360387,-0.013034691099389484,-0.05352720325891358,0.01181555735342063
fixed_blend_vol20_exact,allocation_vol20_exact,base,2022_2024,-0.00023960497609709641,0.057358391187684377,0.067068542470217429,-0.023997144855033209
fixed_blend_vol20_exact,state_rule_vol20_exact,base,2022_2024,-0.010336199572475335,-0.081074121354445916,-0.056330479562414659,0.010577763412057878
fixed_blend_vol20_exact,trend_vol20_exact,base,2020_2024_carry,0.0089073003036337361,-0.0035332224396305012,-0.051619062184374176,0.0069449008832531411
fixed_blend_vol20_exact,allocation_vol20_exact,base,2020_2024_carry,-0.0052896402648876517,0.05186952435165515,0.061541934744936744,-0.014348888242950358
fixed_blend_vol20_exact,state_rule_vol20_exact,base,2020_2024_carry,-0.0034003114105540799,-0.045270619993788674,-0.052011372265973077,0.0059136065075185706
state_rule_vol20_exact,trend_vol20_exact,base,full,0.0078489659775771159,0.031168159508660365,0.0017799235525894908,0.00080456632308290033
state_rule_vol20_exact,allocation_vol20_exact,base,full,0.011024040952257508,0.1191429819128591,0.11692368463247693,-0.023216449213775137
state_rule_vol20_exact,fixed_blend_vol20_exact,base,full,0.0077276294114587696,0.057114523731223277,0.052235377216236167,-0.0068775150110491068
state_rule_vol20_exact,trend_vol20_exact,base,2018_2019,-0.00057467890122786525,-0.0030605210621497125,0.0017799235525894908,0.00013511371411784046
state_rule_vol20_exact,allocation_vol20_exact,base,2018_2019,0.033872017820068212,0.10636133331415887,0.11692368463247693,-0.031324032203531443
state_rule_vol20_exact,fixed_blend_vol20_exact,base,2018_2019,0.015366516989003487,0.064569237391654155,0.052235377216236167,-0.0095836481747837432
state_rule_vol20_exact,trend_vol20_exact,base,2020_2021,0.0064591894018966034,0.01211804618185619,-0.0062203610217195227,0.00081901589220378934
state_rule_vol20_exact,allocation_vol20_exact,base,2020_2021,-0.02644661236110224,-0.061587469369735803,1.1102230246251565e-16,-0.0015720322113220442
state_rule_vol20_exact,fixed_blend_vol20_exact,base,2020_2021,-0.010885390202639567,-0.02934668994146028,-0.0031469834286392828,-0.00016724003718468494
state_rule_vol20_exact,trend_vol20_exact,base,2022_2024,0.014991318089511374,0.068039430255056432,0.0028032763035010788,0.0012377939413627526
state_rule_vol20_exact,allocation_vol20_exact,base,2022_2024,0.010096594596378239,0.13843251254213029,0.12339902203263209,-0.034574908267091087
state_rule_vol20_exact,fixed_blend_vol20_exact,base,2022_2024,0.010336199572475335,0.081074121354445916,0.056330479562414659,-0.010577763412057878
state_rule_vol20_exact,trend_vol20_exact,base,2020_2024_carry,0.012307611714187816,0.041737397554158173,0.00039231008159890113,0.0010312943757345705
state_rule_vol20_exact,allocation_vol20_exact,base,2020_2024_carry,-0.0018893288543335718,0.097140144345443824,0.11355330701090982,-0.020262494750468929
state_rule_vol20_exact,fixed_blend_vol20_exact,base,2020_2024_carry,0.0034003114105540799,0.045270619993788674,0.052011372265973077,-0.0059136065075185706
fixed_blend_vol20_band2,trend_vol20_band2,base,full,0.00015790773626389587,-0.026608664690630501,-0.050685329993054085,0.0075510147394416416
fixed_blend_vol20_band2,allocation_vol20_band2,base,full,0.0041834057816014791,0.065261142403367889,0.061477891055230827,-0.015353729623416967
fixed_blend_vol20_band2,state_rule_vol20_band2,base,full,-0.0079853845239759025,-0.060113854559394442,-0.053213574554017984,0.0069557032893554915
fixed_blend_vol20_band2,trend_vol20_band2,base,2018_2019,-0.017283855007349636,-0.079263461297562732,-0.050685329993054085,0.0093275808243076797
fixed_blend_vol20_band2,allocation_vol20_band2,base,2018_2019,0.016367321713213756,0.036480833184731165,0.061477891055230827,-0.02107167550406655
fixed_blend_vol20_band2,state_rule_vol20_band2,base,2018_2019,-0.01802882932588834,-0.084165833415318858,-0.053213574554017984,0.0091112814621059079
fixed_blend_vol20_band2,trend_vol20_band2,base,2020_2021,0.01849860952504323,0.045857862133975136,-0.0030571087701010136,0.0009317513295605262
fixed_blend_vol20_band2,allocation_vol20_band2,base,2020_2021,-0.0092687379174818396,-0.020966155877625958,0.0031249097282406435,-0.0006698800560684115
fixed_blend_vol20_band2,state_rule_vol20_band2,base,2020_2021,0.0099275914221452766,0.024581902746547701,0.0031249097282411986,0.00047434789921843579
fixed_blend_vol20_band2,trend_vol20_band2,base,2022_2024,0.0051063546895036005,-0.011558757600440561,-0.053639615386249506,0.011764990148090682
fixed_blend_vol20_band2,allocation_vol20_band2,base,2022_2024,0.00061804114664365528,0.059551176389769478,0.065421256423380592,-0.022606497934495512
fixed_blend_vol20_band2,state_rule_vol20_band2,base,2022_2024,-0.0084042258938787917,-0.074005001873851173,-0.05383079863972462,0.010806315333854788
fixed_blend_vol20_band2,trend_vol20_band2,base,2020_2024_carry,0.0096026571283693851,-0.0011523411465972355,-0.049168847106957347,0.0069092856800155311
fixed_blend_vol20_band2,allocation_vol20_band2,base,2020_2024_carry,-0.002640317572034423,0.057563071635119645,0.060430896159145542,-0.013262047451785053
fixed_blend_vol20_band2,state_rule_vol20_band2,base,2020_2024_carry,-0.0024008762788221283,-0.043991696225165855,-0.049219580834676924,0.006188808583041272
state_rule_vol20_band2,trend_vol20_band2,base,full,0.0081432922602397984,0.03350518986876394,0.0025282445609638993,0.00059531145008615005
state_rule_vol20_band2,allocation_vol20_band2,base,full,0.012168790305577382,0.12537499696276233,0.11469146560924881,-0.022309432912772459
state_rule_vol20_band2,fixed_blend_vol20_band2,base,full,0.0079853845239759025,0.060113854559394442,0.053213574554017984,-0.0069557032893554915
state_rule_vol20_band2,trend_vol20_band2,base,2018_2019,0.00074497431853870477,0.0049023721177561264,0.0025282445609638993,0.00021629936220177171
state_rule_vol20_band2,allocation_vol20_band2,base,2018_2019,0.034396151039102096,0.12064666660005002,0.11469146560924881,-0.030182956966172458
state_rule_vol20_band2,fixed_blend_vol20_band2,base,2018_2019,0.01802882932588834,0.084165833415318858,0.053213574554017984,-0.0091112814621059079
state_rule_vol20_band2,trend_vol20_band2,base,2020_2021,0.0085710181028979537,0.021275959387427434,-0.0061820184983422122,0.00045740343034209041
state_rule_vol20_band2,allocation_vol20_band2,base,2020_2021,-0.019196329339627116,-0.04554805862417366,-5.5511151231257827e-16,-0.0011442279552868473
state_rule_vol20_band2,fixed_blend_vol20_band2,base,2020_2021,-0.0099275914221452766,-0.024581902746547701,-0.0031249097282411986,-0.00047434789921843579
state_rule_vol20_band2,trend_vol20_band2,base,2022_2024,0.013510580583382392,0.062446244273410612,0.00019118325347511345,0.00095867481423589362
state_rule_vol20_band2,allocation_vol20_band2,base,2022_2024,0.009022267040522447,0.13355617826362065,0.11925205506310521,-0.0334128132683503
state_rule_vol20_band2,fixed_blend_vol20_band2,base,2022_2024,0.0084042258938787917,0.074005001873851173,0.05383079863972462,-0.010806315333854788
state_rule_vol20_band2,trend_vol20_band2,base,2020_2024_carry,0.012003533407191513,0.042839355078568619,5.0733727719576294e-05,0.0007204770969742591
state_rule_vol20_band2,allocation_vol20_band2,base,2020_2024_carry,-0.00023944129321229468,0.1015547678602855,0.10965047699382247,-0.019450856034826325
state_rule_vol20_band2,fixed_blend_vol20_band2,base,2020_2024_carry,0.0024008762788221283,0.043991696225165855,0.049219580834676924,-0.006188808583041272
fixed_blend_vol40_exact,trend_vol40_exact,base,full,0.013259404683388265,-0.016064248455472163,-0.11084556472657092,0.031535968140262438
fixed_blend_vol40_exact,allocation_vol40_exact,base,full,0.001706526933793695,0.059635849617197256,0.12599633379181574,-0.05357809440188227
fixed_blend_vol40_exact,state_rule_vol40_exact,base,full,-0.003997887711314041,-0.039409729831027973,-0.10924613685293716,0.022072774570762621
fixed_blend_vol40_exact,trend_vol40_exact,base,2018_2019,-0.053088969942601483,-0.10162220870022065,-0.13674998854857701,0.048984643179281917
fixed_blend_vol40_exact,allocation_vol40_exact,base,2018_2019,0.061842257480198448,0.051622661818715776,0.12599633379181574,-0.07776321275628173
fixed_blend_vol40_exact,state_rule_vol40_exact,base,2018_2019,-0.051932663008108504,-0.097866202544243469,-0.13987037712068695,0.048670152387708776
fixed_blend_vol40_exact,trend_vol40_exact,base,2020_2021,0.12393649745178781,0.11171234475960068,-0.0053940172923060414,0.0049479531852140712
fixed_blend_vol40_exact,allocation_vol40_exact,base,2020_2021,-0.12437128451667068,-0.094252428941950628,0.0054770539263671036,-0.007353655509608592
fixed_blend_vol40_exact,state_rule_vol40_exact,base,2020_2021,0.092300175735624546,0.086866468868097346,0.0054770539263671036,0.0020794399173744704
fixed_blend_vol40_exact,trend_vol40_exact,base,2022_2024,0.030708809347426591,0.031082453809473387,-0.097261012090707366,0.045470963798570463
fixed_blend_vol40_exact,allocation_vol40_exact,base,2022_2024,-0.013005796652982626,0.027088606670436,0.1255184513640677,-0.074431055288130266
fixed_blend_vol40_exact,state_rule_vol40_exact,base,2022_2024,0.0046871357749982412,-0.013217041157271181,-0.073318587092342513,0.023661665238329743
fixed_blend_vol40_exact,trend_vol40_exact,base,2020_2024_carry,0.057947951719390156,0.041707529004571642,-0.096918706823466261,0.025774235621205899
fixed_blend_vol40_exact,allocation_vol40_exact,base,2020_2024_carry,-0.043944729696999252,0.023450476267299347,0.10522427299085835,-0.044749427350425919
fixed_blend_vol40_exact,state_rule_vol40_exact,base,2020_2024_carry,0.029339389679242878,0.019201562021643692,-0.10574942884765803,0.013393830504566717
state_rule_vol40_exact,trend_vol40_exact,base,full,0.017257292394702306,0.02334548137555581,-0.001599427873633763,0.009463193569499817
state_rule_vol40_exact,allocation_vol40_exact,base,full,0.005704414645107736,0.099045579448225229,0.2352424706447529,-0.075650868972644891
state_rule_vol40_exact,fixed_blend_vol40_exact,base,full,0.003997887711314041,0.039409729831027973,0.10924613685293716,-0.022072774570762621
state_rule_vol40_exact,trend_vol40_exact,base,2018_2019,-0.0011563069344929788,-0.0037560061559771818,0.0031203885721099445,0.00031449079157314097
state_rule_vol40_exact,allocation_vol40_exact,base,2018_2019,0.11377492048830695,0.14948886436295925,0.26586671091250269,-0.12643336514399051
state_rule_vol40_exact,fixed_blend_vol40_exact,base,2018_2019,0.051932663008108504,0.097866202544243469,0.13987037712068695,-0.048670152387708776
state_rule_vol40_exact,trend_vol40_exact,base,2020_2021,0.031636321716163263,0.024845875891503333,-0.010871071218673145,0.0028685132678396008
state_rule_vol40_exact,allocation_vol40_exact,base,2020_2021,-0.21667146025229522,-0.18111889781004797,0,-0.0094330954269830625
state_rule_vol40_exact,fixed_blend_vol40_exact,base,2020_2021,-0.092300175735624546,-0.086866468868097346,-0.0054770539263671036,-0.0020794399173744704
state_rule_vol40_exact,trend_vol40_exact,base,2022_2024,0.02602167357242835,0.044299494966744568,-0.023942424998364853,0.02180929856024072
state_rule_vol40_exact,allocation_vol40_exact,base,2022_2024,-0.017692932427980868,0.040305647827707181,0.19883703845641021,-0.098092720526460009
state_rule_vol40_exact,fixed_blend_vol40_exact,base,2022_2024,-0.0046871357749982412,0.013217041157271181,0.073318587092342513,-0.023661665238329743
state_rule_vol40_exact,trend_vol40_exact,base,2020_2024_carry,0.028608562040147278,0.02250596698292795,0.0088307220241917728,0.012380405116639182
state_rule_vol40_exact,allocation_vol40_exact,base,2020_2024_carry,-0.073284119376242129,0.004248914245655655,0.21097370183851638,-0.058143257854992636
state_rule_vol40_exact,fixed_blend_vol40_exact,base,2020_2024_carry,-0.029339389679242878,-0.019201562021643692,0.10574942884765803,-0.013393830504566717
fixed_blend_vol40_band2,trend_vol40_band2,base,full,0.015581370800157313,-0.012697416701400788,-0.1182417944002796,0.031640291710503088
fixed_blend_vol40_band2,allocation_vol40_band2,base,full,0.0022439678045302891,0.061960082123153515,0.12341591082162717,-0.052635320943809627
fixed_blend_vol40_band2,state_rule_vol40_band2,base,full,-0.0023965729448651718,-0.037687474335036053,-0.1170944047127499,0.02241527487798689
fixed_blend_vol40_band2,trend_vol40_band2,base,2018_2019,-0.052382011130727824,-0.10223197752444907,-0.13956108760983077,0.049017554695235444
fixed_blend_vol40_band2,allocation_vol40_band2,base,2018_2019,0.06319550019839093,0.061944909818107297,0.12341591082162717,-0.076182005535957831
fixed_blend_vol40_band2,state_rule_vol40_band2,base,2018_2019,-0.052513377210672951,-0.10332092386220745,-0.14346810981365321,0.04866951451499929
fixed_blend_vol40_band2,trend_vol40_band2,base,2020_2021,0.12616066679082349,0.11463864521988132,-0.0054087044826869324,0.0050115903805652562
fixed_blend_vol40_band2,allocation_vol40_band2,base,2020_2021,-0.12553035631658149,-0.096955651481238636,0.0055736131876011896,-0.0070419914156565899
fixed_blend_vol40_band2,state_rule_vol40_band2,base,2020_2021,0.092897131337534855,0.08709840285108883,0.0055736131876008566,0.0024062834831568569
fixed_blend_vol40_band2,trend_vol40_band2,base,2022_2024,0.033715128321152754,0.037713743938544875,-0.090438824956734387,0.045545218085777106
fixed_blend_vol40_band2,allocation_vol40_band2,base,2022_2024,-0.01222211830782638,0.029925447297814434,0.1280000781688081,-0.07326502975389354
fixed_blend_vol40_band2,state_rule_vol40_band2,base,2022_2024,0.0079810154605683969,-0.0062243295752517636,-0.067436718683918095,0.024178270892644793
fixed_blend_vol40_band2,trend_vol40_band2,base,2020_2024_carry,0.060885937528874612,0.046071243775257065,-0.092515728839484113,0.025901687508015636
fixed_blend_vol40_band2,allocation_vol40_band2,base,2020_2024_carry,-0.043695393970588192,0.023901566352422909,0.10829318816117794,-0.044043098619849841
fixed_blend_vol40_band2,state_rule_vol40_band2,base,2020_2024_carry,0.032038772457715803,0.022499219326428843,-0.098704819762295615,0.01384402525477324
state_rule_vol40_band2,trend_vol40_band2,base,full,0.017977943745022484,0.024990057633635265,-0.0011473896875296985,0.0092250168325161974
state_rule_vol40_band2,allocation_vol40_band2,base,full,0.0046405407493954609,0.099647556458189568,0.24051031553437707,-0.075050595821796517
state_rule_vol40_band2,fixed_blend_vol40_band2,base,full,0.0023965729448651718,0.037687474335036053,0.1170944047127499,-0.02241527487798689
state_rule_vol40_band2,trend_vol40_band2,base,2018_2019,0.00013136607994512772,0.0010889463377583841,0.0039070222038224411,0.00034804018023615324
state_rule_vol40_band2,allocation_vol40_band2,base,2018_2019,0.11570887740906388,0.16526583368031475,0.26688402063528038,-0.12485152005095712
state_rule_vol40_band2,fixed_blend_vol40_band2,base,2018_2019,0.052513377210672951,0.10332092386220745,0.14346810981365321,-0.04866951451499929
state_rule_vol40_band2,trend_vol40_band2,base,2020_2021,0.03326353545328864,0.027540242368792489,-0.010982317670287789,0.0026053068974083993
state_rule_vol40_band2,allocation_vol40_band2,base,2020_2021,-0.21842748765411635,-0.18405405433232747,3.3306690738754696e-16,-0.0094482748988134468
state_rule_vol40_band2,fixed_blend_vol40_band2,base,2020_2021,-0.092897131337534855,-0.08709840285108883,-0.0055736131876008566,-0.0024062834831568569
state_rule_vol40_band2,trend_vol40_band2,base,2022_2024,0.025734112860584357,0.043938073513796638,-0.023002106272816292,0.021366947193132313
state_rule_vol40_band2,allocation_vol40_band2,base,2022_2024,-0.020203133768394776,0.036149776873066197,0.19543679685272619,-0.097443300646538333
state_rule_vol40_band2,fixed_blend_vol40_band2,base,2022_2024,-0.0079810154605683969,0.0062243295752517636,0.067436718683918095,-0.024178270892644793
state_rule_vol40_band2,trend_vol40_band2,base,2020_2024_carry,0.028847165071158809,0.023572024448828222,0.0061890909228115021,0.012057662253242396
state_rule_vol40_band2,allocation_vol40_band2,base,2020_2024_carry,-0.075734166428303995,0.0014023470259940662,0.20699800792347356,-0.057887123874623081
state_rule_vol40_band2,fixed_blend_vol40_band2,base,2020_2024_carry,-0.032038772457715803,-0.022499219326428843,0.098704819762295615,-0.01384402525477324
fixed_blend_vol20_exact,trend_vol20_exact,cost_stress,full,0.012537386571478848,0.034571861069661036,-0.041635530417978961,0.0076218231697505467
fixed_blend_vol20_exact,allocation_vol20_exact,cost_stress,full,-0.0076004677373626706,0.010405172025935827,0.05891563842508607,-0.016332402770934507
fixed_blend_vol20_exact,state_rule_vol20_exact,cost_stress,full,-0.0020878144733298409,-0.028540752296383864,-0.044796280117193055,0.0067732208802855076
fixed_blend_vol20_exact,trend_vol20_exact,cost_stress,2018_2019,-0.0079209446226328195,-0.015009548412841522,-0.041635530417978961,0.0097110092464311459
fixed_blend_vol20_exact,allocation_vol20_exact,cost_stress,2018_2019,0.011362628760516524,-0.0056420873298219099,0.05891563842508607,-0.021751377352570794
fixed_blend_vol20_exact,state_rule_vol20_exact,cost_stress,2018_2019,-0.0084029488816422804,-0.018407802926708738,-0.044796280117193055,0.0095731002054800229
fixed_blend_vol20_exact,trend_vol20_exact,cost_stress,2020_2021,0.030653140671616841,0.082246656370666527,-0.0026294214061570731,0.00094523105509256022
fixed_blend_vol20_exact,allocation_vol20_exact,cost_stress,2020_2021,-0.02661904515715241,-0.06497889872612217,0.002822054201673363,-0.0013919214091031307
fixed_blend_vol20_exact,state_rule_vol20_exact,cost_stress,2020_2021,0.013193201382304398,0.036748870274559975,0.002822054201673585,0.0001689086213478852
fixed_blend_vol20_exact,trend_vol20_exact,cost_stress,2022_2024,0.019620789494604995,0.071969359418815548,-0.030679918903096848,0.011705066135255071
fixed_blend_vol20_exact,allocation_vol20_exact,cost_stress,2022_2024,-0.013640561023941178,-0.013239464704981829,0.060920627251996651,-0.023985263445327948
fixed_blend_vol20_exact,state_rule_vol20_exact,cost_stress,2022_2024,-0.0043295211343381546,-0.044360143426654175,-0.048974248523340869,0.010336461813579723
fixed_blend_vol20_exact,trend_vol20_exact,cost_stress,2020_2024_carry,0.023482155180272413,0.060116681142551531,-0.027265099115763358,0.0068618378570400318
fixed_blend_vol20_exact,allocation_vol20_exact,cost_stress,2020_2024_carry,-0.01806829501158691,-0.001496729696110588,0.055254507047501122,-0.014332551578080194
fixed_blend_vol20_exact,state_rule_vol20_exact,cost_stress,2020_2024_carry,0.0014133609775910383,-0.022574275067190008,-0.045503333250315969,0.0057802475095167782
state_rule_vol20_exact,trend_vol20_exact,cost_stress,full,0.014625201044808689,0.063112613366044901,0.0031607496992140938,0.00084860228946503913
state_rule_vol20_exact,allocation_vol20_exact,cost_stress,full,-0.0055126532640328296,0.038945924322319692,0.10371191854227912,-0.023105623651220014
state_rule_vol20_exact,fixed_blend_vol20_exact,cost_stress,full,0.0020878144733298409,0.028540752296383864,0.044796280117193055,-0.0067732208802855076
state_rule_vol20_exact,trend_vol20_exact,cost_stress,2018_2019,0.00048200425900946087,0.003398254513867216,0.0031607496992140938,0.000137909040951123
state_rule_vol20_exact,allocation_vol20_exact,cost_stress,2018_2019,0.019765577642158805,0.012765715596886829,0.10371191854227912,-0.031324477558050817
state_rule_vol20_exact,fixed_blend_vol20_exact,cost_stress,2018_2019,0.0084029488816422804,0.018407802926708738,0.044796280117193055,-0.0095731002054800229
state_rule_vol20_exact,trend_vol20_exact,cost_stress,2020_2021,0.017459939289312443,0.045497786096106552,-0.0054514756078306581,0.00077632243374467502
state_rule_vol20_exact,allocation_vol20_exact,cost_stress,2020_2021,-0.039812246539456808,-0.10172776900068214,-2.2204460492503131e-16,-0.0015608300304510159
state_rule_vol20_exact,fixed_blend_vol20_exact,cost_stress,2020_2021,-0.013193201382304398,-0.036748870274559975,-0.002822054201673585,-0.0001689086213478852
state_rule_vol20_exact,trend_vol20_exact,cost_stress,2022_2024,0.02395031062894315,0.11632950284546972,0.018294329620244021,0.0013686043216753485
state_rule_vol20_exact,allocation_vol20_exact,cost_stress,2022_2024,-0.0093110398896030233,0.031120678721672346,0.10989487577533752,-0.03432172525890767
state_rule_vol20_exact,fixed_blend_vol20_exact,cost_stress,2022_2024,0.0043295211343381546,0.044360143426654175,0.048974248523340869,-0.010336461813579723
state_rule_vol20_exact,trend_vol20_exact,cost_stress,2020_2024_carry,0.022068794202681374,0.08269095620974154,0.018238234134552611,0.0010815903475232536
state_rule_vol20_exact,allocation_vol20_exact,cost_stress,2020_2024_carry,-0.019481655989177948,0.02107754537107942,0.10075784029781709,-0.020112799087596972
state_rule_vol20_exact,fixed_blend_vol20_exact,cost_stress,2020_2024_carry,-0.0014133609775910383,0.022574275067190008,0.045503333250315969,-0.0057802475095167782
fixed_blend_vol20_band2,trend_vol20_band2,cost_stress,full,0.013497350678597142,0.037717889775411573,-0.041276454109849259,0.0074837633641267054
fixed_blend_vol20_band2,allocation_vol20_band2,cost_stress,full,-0.0065132452483109837,0.015834986131785578,0.056525789234971868,-0.015371829238857798
fixed_blend_vol20_band2,state_rule_vol20_band2,cost_stress,full,-0.0016803223900401232,-0.028801958661061611,-0.045219312521299737,0.0068384732668547443
fixed_blend_vol20_band2,trend_vol20_band2,cost_stress,2018_2019,-0.0081775716597441983,-0.020751002467561064,-0.041276454109849259,0.0093379903938055064
fixed_blend_vol20_band2,allocation_vol20_band2,cost_stress,2018_2019,0.0098364743032920421,-0.0063447836663002577,0.056525789234971868,-0.021082309044480774
fixed_blend_vol20_band2,state_rule_vol20_band2,cost_stress,2018_2019,-0.0098854527398827274,-0.031857288039339848,-0.045219312521299737,0.0091120363901976698
fixed_blend_vol20_band2,trend_vol20_band2,cost_stress,2020_2021,0.032404059752352277,0.08878013326055445,-0.0026053823237779383,0.00087628346299262194
fixed_blend_vol20_band2,allocation_vol20_band2,cost_stress,2020_2021,-0.020555411320064998,-0.053959970457773565,0.0027101183948916585,-0.0006798420380327852
fixed_blend_vol20_band2,state_rule_vol20_band2,cost_stress,2020_2021,0.012399433014145034,0.032519807942773094,0.0027101183948921026,0.0004683284890966144
fixed_blend_vol20_band2,trend_vol20_band2,cost_stress,2022_2024,0.020989149129747586,0.077103996274440534,-0.027866251809421039,0.011640312589404012
fixed_blend_vol20_band2,allocation_vol20_band2,cost_stress,2022_2024,-0.012723363136102561,-0.0082613277646469419,0.060166780958287647,-0.022636425521795067
fixed_blend_vol20_band2,state_rule_vol20_band2,cost_stress,2022_2024,-0.0019037241486363765,-0.035115548870562452,-0.044717600926247103,0.010536065728125238
fixed_blend_vol20_band2,trend_vol20_band2,cost_stress,2020_2024_carry,0.024994007737870749,0.065628678849257938,-0.024741190994788997,0.0068111697969319707
fixed_blend_vol20_band2,allocation_vol20_band2,cost_stress,2020_2024_carry,-0.015450736515994379,0.0055493131656523254,0.054940248492815202,-0.013279296672480817
fixed_blend_vol20_band2,state_rule_vol20_band2,cost_stress,2020_2024_carry,0.0028055302845668706,-0.019688485806404366,-0.041393797008491551,0.0060350745841942499
state_rule_vol20_band2,trend_vol20_band2,cost_stress,full,0.015177673068637265,0.066519848436473183,0.0039428584114504783,0.00064529009727196107
state_rule_vol20_band2,allocation_vol20_band2,cost_stress,full,-0.0048329228582708605,0.044636944792847189,0.10174510175627161,-0.022210302505712542
state_rule_vol20_band2,fixed_blend_vol20_band2,cost_stress,full,0.0016803223900401232,0.028801958661061611,0.045219312521299737,-0.0068384732668547443
state_rule_vol20_band2,trend_vol20_band2,cost_stress,2018_2019,0.0017078810801385291,0.011106285571778785,0.0039428584114504783,0.00022595400360783668
state_rule_vol20_band2,allocation_vol20_band2,cost_stress,2018_2019,0.01972192704317477,0.025512504373039591,0.10174510175627161,-0.030194345434678443
state_rule_vol20_band2,fixed_blend_vol20_band2,cost_stress,2018_2019,0.0098854527398827274,0.031857288039339848,0.045219312521299737,-0.0091120363901976698
state_rule_vol20_band2,trend_vol20_band2,cost_stress,2020_2021,0.020004626738207243,0.056260325317781357,-0.0053155007186700409,0.00040795497389600754
state_rule_vol20_band2,allocation_vol20_band2,cost_stress,2020_2021,-0.032954844334210032,-0.086479778400546659,-4.4408920985006262e-16,-0.0011481705271293996
state_rule_vol20_band2,fixed_blend_vol20_band2,cost_stress,2020_2021,-0.012399433014145034,-0.032519807942773094,-0.0027101183948921026,-0.0004683284890966144
state_rule_vol20_band2,trend_vol20_band2,cost_stress,2022_2024,0.022892873278383963,0.11221954514500299,0.016851349116826064,0.0011042468612787737
state_rule_vol20_band2,allocation_vol20_band2,cost_stress,2022_2024,-0.010819638987466185,0.02685422110591551,0.10488438188453475,-0.033172491249920305
state_rule_vol20_band2,fixed_blend_vol20_band2,cost_stress,2022_2024,0.0019037241486363765,0.035115548870562452,0.044717600926247103,-0.010536065728125238
state_rule_vol20_band2,trend_vol20_band2,cost_stress,2020_2024_carry,0.022188477453303879,0.085317164655662303,0.016652606013702553,0.00077609521273772075
state_rule_vol20_band2,allocation_vol20_band2,cost_stress,2020_2024_carry,-0.018256266800561249,0.025237798972056691,0.096334045501306753,-0.019314371256675067
state_rule_vol20_band2,fixed_blend_vol20_band2,cost_stress,2020_2024_carry,-0.0028055302845668706,0.019688485806404366,0.041393797008491551,-0.0060350745841942499
fixed_blend_vol40_exact,trend_vol40_exact,cost_stress,full,0.030593187372212949,0.033461740908521609,-0.07377609129670426,0.031492650446719894
fixed_blend_vol40_exact,allocation_vol40_exact,cost_stress,full,-0.014419873911785119,0.019125443960136157,0.11960641595111776,-0.053549878740524026
fixed_blend_vol40_exact,state_rule_vol40_exact,cost_stress,full,0.0020784219415290739,-0.020576677476482619,-0.091435456712094965,0.022010294980586431
fixed_blend_vol40_exact,trend_vol40_exact,cost_stress,2018_2019,-0.045147894553891676,-0.062729271532506237,-0.12617668089351242,0.049016948165164276
fixed_blend_vol40_exact,allocation_vol40_exact,cost_stress,2018_2019,0.055006087835937412,0.020501630680006433,0.11960641595111776,-0.077760628235603313
fixed_blend_vol40_exact,state_rule_vol40_exact,cost_stress,2018_2019,-0.046111337142599074,-0.06712293600302166,-0.1317292443172382,0.048725863546390191
fixed_blend_vol40_exact,trend_vol40_exact,cost_stress,2020_2021,0.15055516034602179,0.14704628586055746,-0.0046768404129031715,0.0049198243135238906
fixed_blend_vol40_exact,allocation_vol40_exact,cost_stress,2020_2021,-0.1488264924672662,-0.12303846139966068,0.0049161454185711051,-0.007330475897297517
fixed_blend_vol40_exact,state_rule_vol40_exact,cost_stress,2020_2021,0.090767080478978635,0.088926987911774891,0.0049161454185714382,0.0021021351097585406
fixed_blend_vol40_exact,trend_vol40_exact,cost_stress,2022_2024,0.050281371416563747,0.10791446486517114,-0.062186618357162882,0.045345890509035258
fixed_blend_vol40_exact,allocation_vol40_exact,cost_stress,2022_2024,-0.032522799736083075,-0.031614071831300605,0.11742014185375171,-0.074367589119939292
fixed_blend_vol40_exact,state_rule_vol40_exact,cost_stress,2022_2024,0.012797493377878055,0.016778609148205392,-0.083519607674084062,0.023462081283416258
fixed_blend_vol40_exact,trend_vol40_exact,cost_stress,2020_2024_carry,0.080252289231372176,0.095205573949060263,-0.050678989031901267,0.02569740107699181
fixed_blend_vol40_exact,allocation_vol40_exact,cost_stress,2020_2024_carry,-0.065711828339196199,-0.020744197547424736,0.097355132531412703,-0.04470173801683569
fixed_blend_vol40_exact,state_rule_vol40_exact,cost_stress,2020_2024_carry,0.035024419838877607,0.034870758266565938,-0.087143978929654753,0.013296253691246873
state_rule_vol40_exact,trend_vol40_exact,cost_stress,full,0.028514765430683875,0.054038418385004228,0.017659365415390704,0.009482355466133463
state_rule_vol40_exact,allocation_vol40_exact,cost_stress,full,-0.016498295853314193,0.039702121436618776,0.21104187266321273,-0.075560173721110457
state_rule_vol40_exact,fixed_blend_vol40_exact,cost_stress,full,-0.0020784219415290739,0.020576677476482619,0.091435456712094965,-0.022010294980586431
state_rule_vol40_exact,trend_vol40_exact,cost_stress,2018_2019,0.00096344258870739719,0.0043936644705154237,0.005552563423725787,0.00029108461877408454
state_rule_vol40_exact,allocation_vol40_exact,cost_stress,2018_2019,0.10111742497853649,0.087624566683028093,0.25133566026835596,-0.1264864917819935
state_rule_vol40_exact,fixed_blend_vol40_exact,cost_stress,2018_2019,0.046111337142599074,0.06712293600302166,0.1317292443172382,-0.048725863546390191
state_rule_vol40_exact,trend_vol40_exact,cost_stress,2020_2021,0.059788079867043153,0.058119297948782567,-0.0095929858314746097,0.00281768920376535
state_rule_vol40_exact,allocation_vol40_exact,cost_stress,2020_2021,-0.23959357294624484,-0.21196544931143557,-3.3306690738754696e-16,-0.0094326110070560576
state_rule_vol40_exact,fixed_blend_vol40_exact,cost_stress,2020_2021,-0.090767080478978635,-0.088926987911774891,-0.0049161454185714382,-0.0021021351097585406
state_rule_vol40_exact,trend_vol40_exact,cost_stress,2022_2024,0.037483878038685692,0.091135855716965752,0.02133298931692118,0.021883809225619
state_rule_vol40_exact,allocation_vol40_exact,cost_stress,2022_2024,-0.04532029311396113,-0.048392680979505998,0.20093974952783578,-0.097829670403355551
state_rule_vol40_exact,fixed_blend_vol40_exact,cost_stress,2022_2024,-0.012797493377878055,-0.016778609148205392,0.083519607674084062,-0.023462081283416258
state_rule_vol40_exact,trend_vol40_exact,cost_stress,2020_2024_carry,0.045227869392494569,0.060334815682494325,0.036464989897753486,0.012401147385744937
state_rule_vol40_exact,allocation_vol40_exact,cost_stress,2020_2024_carry,-0.10073624817807381,-0.055614955813990674,0.18449911146106746,-0.057997991708082564
state_rule_vol40_exact,fixed_blend_vol40_exact,cost_stress,2020_2024_carry,-0.035024419838877607,-0.034870758266565938,0.087143978929654753,-0.013296253691246873
fixed_blend_vol40_band2,trend_vol40_band2,cost_stress,full,0.034287212986860105,0.038960348218921692,-0.074867593172916025,0.031600117176481035
fixed_blend_vol40_band2,allocation_vol40_band2,cost_stress,full,-0.012918645059014855,0.024888501031149923,0.11804829128827132,-0.052610648018642125
fixed_blend_vol40_band2,state_rule_vol40_band2,cost_stress,full,0.0050382279268179619,-0.016352017887697023,-0.10753459339017057,0.022358231060717049
fixed_blend_vol40_band2,trend_vol40_band2,cost_stress,2018_2019,-0.043427688735648062,-0.060757347659649963,-0.12867605124424619,0.049061195932418311
fixed_blend_vol40_band2,allocation_vol40_band2,cost_stress,2018_2019,0.057389249116609919,0.035904189833136591,0.11804829128827132,-0.07620961795820258
fixed_blend_vol40_band2,state_rule_vol40_band2,cost_stress,2018_2019,-0.045563674765419004,-0.069660963628437933,-0.13487550253043745,0.048743891102136006
fixed_blend_vol40_band2,trend_vol40_band2,cost_stress,2020_2021,0.15327947462015268,0.15010649727564296,-0.004685417949265136,0.0049842781085980836
fixed_blend_vol40_band2,allocation_vol40_band2,cost_stress,2020_2021,-0.15029725543485473,-0.12552538636427779,0.0049449853947783895,-0.0070097789463919868
fixed_blend_vol40_band2,state_rule_vol40_band2,cost_stress,2020_2021,0.091855973216897979,0.089278302659873354,0.0049449853947780564,0.0024362098729178716
fixed_blend_vol40_band2,trend_vol40_band2,cost_stress,2022_2024,0.055115203093261789,0.11751368904865139,-0.05803553530669403,0.045426269443495426
fixed_blend_vol40_band2,allocation_vol40_band2,cost_stress,2022_2024,-0.030522353117974577,-0.023350606616337255,0.12134935023019544,-0.073195294610001405
fixed_blend_vol40_band2,state_rule_vol40_band2,cost_stress,2022_2024,0.017824963849530695,0.027727777425547773,-0.0761513766197216,0.023980803184076305
fixed_blend_vol40_band2,trend_vol40_band2,cost_stress,2020_2024_carry,0.084723665099853518,0.10149360079892666,-0.047333955830461627,0.025826548357123391
fixed_blend_vol40_band2,allocation_vol40_band2,cost_stress,2020_2024_carry,-0.064605942048654219,-0.017439597660070305,0.10165035788879917,-0.043989138940657757
fixed_blend_vol40_band2,state_rule_vol40_band2,cost_stress,2020_2024_carry,0.039184377397169179,0.040450273533540804,-0.080000956047716731,0.013749072061921219
state_rule_vol40_band2,trend_vol40_band2,cost_stress,full,0.029248985060042143,0.055312366106618716,0.032667000217254549,0.0092418861157639864
state_rule_vol40_band2,allocation_vol40_band2,cost_stress,full,-0.017956872985832817,0.041240518918846947,0.2255828846784419,-0.074968879079359174
state_rule_vol40_band2,fixed_blend_vol40_band2,cost_stress,full,-0.0050382279268179619,0.016352017887697023,0.10753459339017057,-0.022358231060717049
state_rule_vol40_band2,trend_vol40_band2,cost_stress,2018_2019,0.0021359860297709421,0.0089036159687879701,0.0061994512861912598,0.00031730483028230561
state_rule_vol40_band2,allocation_vol40_band2,cost_stress,2018_2019,0.10295292388202892,0.10556515346157452,0.25292379381870878,-0.12495350906033859
state_rule_vol40_band2,fixed_blend_vol40_band2,cost_stress,2018_2019,0.045563674765419004,0.069660963628437933,0.13487550253043745,-0.048743891102136006
state_rule_vol40_band2,trend_vol40_band2,cost_stress,2020_2021,0.061423501403254699,0.060828194615769604,-0.0096304033440431924,0.002548068235680212
state_rule_vol40_band2,allocation_vol40_band2,cost_stress,2020_2021,-0.24215322865175271,-0.21480368902415115,3.3306690738754696e-16,-0.0094459888193098585
state_rule_vol40_band2,fixed_blend_vol40_band2,cost_stress,2020_2021,-0.091855973216897979,-0.089278302659873354,-0.0049449853947780564,-0.0024362098729178716
state_rule_vol40_band2,trend_vol40_band2,cost_stress,2022_2024,0.037290239243731094,0.08978591162310362,0.01811584131302757,0.021445466259419121
state_rule_vol40_band2,allocation_vol40_band2,cost_stress,2022_2024,-0.048347316967505272,-0.051078384041885028,0.19750072684991704,-0.097176097794077709
state_rule_vol40_band2,fixed_blend_vol40_band2,cost_stress,2022_2024,-0.017824963849530695,-0.027727777425547773,0.0761513766197216,-0.023980803184076305
state_rule_vol40_band2,trend_vol40_band2,cost_stress,2020_2024_carry,0.045539287702684339,0.061043327265385861,0.032667000217255104,0.012077476295202172
state_rule_vol40_band2,allocation_vol40_band2,cost_stress,2020_2024_carry,-0.1037903194458234,-0.057889871193611109,0.1816513139365159,-0.057738211002578976
state_rule_vol40_band2,fixed_blend_vol40_band2,cost_stress,2020_2024_carry,-0.039184377397169179,-0.040450273533540804,0.080000956047716731,-0.013749072061921219
fixed_blend_vol20_exact,trend_vol20_exact,delay_one_day,full,0.0013816430531394808,-0.020633522305922192,-0.053041046567261385,0.0079684312693826531
fixed_blend_vol20_exact,allocation_vol20_exact,delay_one_day,full,0.0021434597964167246,0.057287505207292644,0.066917480217593139,-0.016783554419041169
fixed_blend_vol20_exact,state_rule_vol20_exact,delay_one_day,full,-0.0015735966810670465,-0.030127719394131725,-0.055453849620862083,0.0069639337522990064
fixed_blend_vol20_exact,trend_vol20_exact,delay_one_day,2018_2019,-0.0083749998788318347,-0.019782224240958601,-0.053041046567261385,0.010051570899957146
fixed_blend_vol20_exact,allocation_vol20_exact,delay_one_day,2018_2019,0.011319618998611447,-0.0015602190469744537,0.066917480217593139,-0.02238661821115695
fixed_blend_vol20_exact,state_rule_vol20_exact,delay_one_day,2018_2019,-0.0092636603317628463,-0.025612375738512327,-0.055453849620862083,0.0098964057004712058
fixed_blend_vol20_exact,trend_vol20_exact,delay_one_day,2020_2021,0.021623371073443254,0.052591294650571996,-0.0019967807419707384,0.0012358894661590458
fixed_blend_vol20_exact,allocation_vol20_exact,delay_one_day,2020_2021,-0.019670993791210734,-0.042519893115142038,0.0021533780192356522,-0.0016435387269707058
fixed_blend_vol20_exact,state_rule_vol20_exact,delay_one_day,2020_2021,0.01705043929348049,0.048205039750111256,0.0021533780192350971,5.1285115722998764e-05
fixed_blend_vol20_exact,trend_vol20_exact,delay_one_day,2022_2024,-0.00071010761265388744,-0.041180996779169643,-0.039511581070022839,0.012145899465618171
fixed_blend_vol20_exact,allocation_vol20_exact,delay_one_day,2022_2024,0.0051082506611366263,0.081834153761477402,0.074861496346129042,-0.024522860665922352
fixed_blend_vol20_exact,state_rule_vol20_exact,delay_one_day,2022_2024,-0.0044329026350093947,-0.054308809571662731,-0.042823798755415976,0.010724749621960017
fixed_blend_vol20_exact,trend_vol20_exact,delay_one_day,2020_2024_carry,0.0067525354977253649,-0.012960765995714052,-0.058652795558295501,0.0072308494038165749
fixed_blend_vol20_exact,allocation_vol20_exact,delay_one_day,2020_2024_carry,-0.0030447162652471604,0.060619543313566338,0.068837488737969799,-0.014738205052208853
fixed_blend_vol20_exact,state_rule_vol20_exact,delay_one_day,2020_2024_carry,0.0027098670943508374,-0.021516291074036298,-0.059439365010645284,0.0059270047321214603
state_rule_vol20_exact,trend_vol20_exact,delay_one_day,full,0.0029552397342065273,0.0094941970882095328,0.0024128030536006984,0.0010044975170836468
state_rule_vol20_exact,allocation_vol20_exact,delay_one_day,full,0.0037170564774837711,0.087415224601424368,0.12237132983845522,-0.023747488171340175
state_rule_vol20_exact,fixed_blend_vol20_exact,delay_one_day,full,0.0015735966810670465,0.030127719394131725,0.055453849620862083,-0.0069639337522990064
state_rule_vol20_exact,trend_vol20_exact,delay_one_day,2018_2019,0.00088866045293101159,0.0058301514975537261,0.0024128030536006984,0.00015516519948594043
state_rule_vol20_exact,allocation_vol20_exact,delay_one_day,2018_2019,0.020583279330374293,0.024052156691537874,0.12237132983845522,-0.032283023911628156
state_rule_vol20_exact,fixed_blend_vol20_exact,delay_one_day,2018_2019,0.0092636603317628463,0.025612375738512327,0.055453849620862083,-0.0098964057004712058
state_rule_vol20_exact,trend_vol20_exact,delay_one_day,2020_2021,0.0045729317799627633,0.0043862549004607398,-0.0041501587612058355,0.0011846043504360471
state_rule_vol20_exact,allocation_vol20_exact,delay_one_day,2020_2021,-0.036721433084691224,-0.090724932865253294,5.5511151231257827e-16,-0.0016948238426937046
state_rule_vol20_exact,fixed_blend_vol20_exact,delay_one_day,2020_2021,-0.01705043929348049,-0.048205039750111256,-0.0021533780192350971,-5.1285115722998764e-05
state_rule_vol20_exact,trend_vol20_exact,delay_one_day,2022_2024,0.0037227950223555073,0.013127812792493088,0.0033122176853931373,0.0014211498436581538
state_rule_vol20_exact,allocation_vol20_exact,delay_one_day,2022_2024,0.009541153296146021,0.13614296333314013,0.11768529510154502,-0.035247610287882369
state_rule_vol20_exact,fixed_blend_vol20_exact,delay_one_day,2022_2024,0.0044329026350093947,0.054308809571662731,0.042823798755415976,-0.010724749621960017
state_rule_vol20_exact,trend_vol20_exact,delay_one_day,2020_2024_carry,0.0040426684033745275,0.0085555250783222458,0.00078656945234978348,0.0013038446716951146
state_rule_vol20_exact,allocation_vol20_exact,delay_one_day,2020_2024_carry,-0.0057545833595979978,0.082135834387602635,0.12827685374861508,-0.020665209784330313
state_rule_vol20_exact,fixed_blend_vol20_exact,delay_one_day,2020_2024_carry,-0.0027098670943508374,0.021516291074036298,0.059439365010645284,-0.0059270047321214603
fixed_blend_vol20_band2,trend_vol20_band2,delay_one_day,full,0.00048295010516796744,-0.025584148844674637,-0.055970845468100161,0.0081185035518503978
fixed_blend_vol20_band2,allocation_vol20_band2,delay_one_day,full,0.0010190260873161883,0.050855941576912977,0.059472643940197134,-0.015702503321292499
fixed_blend_vol20_band2,state_rule_vol20_band2,delay_one_day,full,-0.003108582505559454,-0.03811766354993773,-0.059461141484694946,0.0071614603780023878
fixed_blend_vol20_band2,trend_vol20_band2,delay_one_day,2018_2019,-0.011982381516928875,-0.041584990719880144,-0.055970845468100161,0.010181913480755894
fixed_blend_vol20_band2,allocation_vol20_band2,delay_one_day,2018_2019,0.00555545489061815,-0.028349125631750682,0.059472643940197134,-0.020830917961109641
fixed_blend_vol20_band2,state_rule_vol20_band2,delay_one_day,2018_2019,-0.013086060654049048,-0.049325601285714671,-0.059461141484694946,0.0098461060193734407
fixed_blend_vol20_band2,trend_vol20_band2,delay_one_day,2020_2021,0.02148612800880656,0.053070486961875885,-0.0020570474824317397,0.001233452201668872
fixed_blend_vol20_band2,allocation_vol20_band2,delay_one_day,2020_2021,-0.015300433567392302,-0.034445868207349406,0.0019132804036807727,-0.0011892739585248058
fixed_blend_vol20_band2,state_rule_vol20_band2,delay_one_day,2020_2021,0.014000346323327806,0.038768514534903487,0.0019132804036812168,0.00022469042532807793
fixed_blend_vol20_band2,trend_vol20_band2,delay_one_day,2022_2024,0.00020356408164201589,-0.038301614954971419,-0.042847941611526941,0.012402008245384122
fixed_blend_vol20_band2,allocation_vol20_band2,delay_one_day,2022_2024,0.0052448580588850824,0.080868319244139841,0.073272572537687708,-0.023268134574046029
fixed_blend_vol20_band2,state_rule_vol20_band2,delay_one_day,2022_2024,-0.0033288370398134592,-0.050896136122266844,-0.046067931501060144,0.011079287149860562
fixed_blend_vol20_band2,trend_vol20_band2,delay_one_day,2020_2024_carry,0.0073420915770514572,-0.011799547544286915,-0.057114445607505115,0.0073905060946987677
fixed_blend_vol20_band2,allocation_vol20_band2,delay_one_day,2020_2024_carry,-0.0015312846499548893,0.062701149150682367,0.067476063226088234,-0.013858507730405534
fixed_blend_vol20_band2,state_rule_vol20_band2,delay_one_day,2020_2024_carry,0.0024473651617324954,-0.024480990710072703,-0.057473256260637262,0.0062164666079726205
state_rule_vol20_band2,trend_vol20_band2,delay_one_day,full,0.0035915326107274215,0.012533514705263094,0.0034902960165947849,0.00095704317384801008
state_rule_vol20_band2,allocation_vol20_band2,delay_one_day,full,0.0041276085928756423,0.088973605126850708,0.11893378542489208,-0.022863963699294887
state_rule_vol20_band2,fixed_blend_vol20_band2,delay_one_day,full,0.003108582505559454,0.03811766354993773,0.059461141484694946,-0.0071614603780023878
state_rule_vol20_band2,trend_vol20_band2,delay_one_day,2018_2019,0.0011036791371201726,0.007740610565834527,0.0034902960165947849,0.00033580746138245354
state_rule_vol20_band2,allocation_vol20_band2,delay_one_day,2018_2019,0.018641515544667198,0.020976475653963988,0.11893378542489208,-0.030677023980483081
state_rule_vol20_band2,fixed_blend_vol20_band2,delay_one_day,2018_2019,0.013086060654049048,0.049325601285714671,0.059461141484694946,-0.0098461060193734407
state_rule_vol20_band2,trend_vol20_band2,delay_one_day,2020_2021,0.007485781685478754,0.014301972426972398,-0.0039703278861129565,0.0010087617763407941
state_rule_vol20_band2,allocation_vol20_band2,delay_one_day,2020_2021,-0.029300779890720108,-0.073214382742252893,-4.4408920985006262e-16,-0.0014139643838528837
state_rule_vol20_band2,fixed_blend_vol20_band2,delay_one_day,2020_2021,-0.014000346323327806,-0.038768514534903487,-0.0019132804036812168,-0.00022469042532807793
state_rule_vol20_band2,trend_vol20_band2,delay_one_day,2022_2024,0.0035324011214554751,0.012594521167295425,0.0032199898895332035,0.0013227210955235602
state_rule_vol20_band2,allocation_vol20_band2,delay_one_day,2022_2024,0.0085736950986985416,0.13176445536640669,0.11934050403874785,-0.03434742172390659
state_rule_vol20_band2,fixed_blend_vol20_band2,delay_one_day,2022_2024,0.0033288370398134592,0.050896136122266844,0.046067931501060144,-0.011079287149860562
state_rule_vol20_band2,trend_vol20_band2,delay_one_day,2020_2024_carry,0.0048947264153189618,0.012681443165785788,0.00035881065313214666,0.0011740394867261472
state_rule_vol20_band2,allocation_vol20_band2,delay_one_day,2020_2024_carry,-0.0039786498116873847,0.08718213986075507,0.1249493194867255,-0.020074974338378154
state_rule_vol20_band2,fixed_blend_vol20_band2,delay_one_day,2020_2024_carry,-0.0024473651617324954,0.024480990710072703,0.057473256260637262,-0.0062164666079726205
fixed_blend_vol40_exact,trend_vol40_exact,delay_one_day,full,0.028077814728346251,0.022020565954960603,-0.075820575156033354,0.031821251480830592
fixed_blend_vol40_exact,allocation_vol40_exact,delay_one_day,full,-0.013385206242119363,0.027603293053042433,0.11835699966962276,-0.054293151790623662
fixed_blend_vol40_exact,state_rule_vol40_exact,delay_one_day,full,0.0089018532939206807,-0.0083728218754418604,-0.073385894847534439,0.021980588509590393
fixed_blend_vol40_exact,trend_vol40_exact,delay_one_day,2018_2019,-0.027736578764895659,0.0087877968277088603,-0.1311056213686177,0.050340589773476052
fixed_blend_vol40_exact,allocation_vol40_exact,delay_one_day,2018_2019,0.039086865972115525,-0.031549842720846377,0.11835699966962276,-0.079677447177213978
fixed_blend_vol40_exact,state_rule_vol40_exact,delay_one_day,2018_2019,-0.025735509206174845,0.014846298574987149,-0.13515337363789237,0.049535122666562459
fixed_blend_vol40_exact,trend_vol40_exact,delay_one_day,2020_2021,0.1488010923624139,0.14283554939938781,-0.0036425667441278842,0.0052052027434497661
fixed_blend_vol40_exact,allocation_vol40_exact,delay_one_day,2020_2021,-0.15229054492854166,-0.12433311881661879,0.0038768722888561369,-0.0075439702377294582
fixed_blend_vol40_exact,state_rule_vol40_exact,delay_one_day,2020_2021,0.099605362192659808,0.098222753980453881,0.0038768722888560259,0.0019179560638640236
fixed_blend_vol40_exact,trend_vol40_exact,delay_one_day,2022_2024,0.031002649617400291,0.033264499328791608,-0.064652225737225621,0.045315665488476764
fixed_blend_vol40_exact,allocation_vol40_exact,delay_one_day,2022_2024,-0.013340617710936309,0.025570621255723736,0.13342398129117305,-0.074967754766970707
fixed_blend_vol40_exact,state_rule_vol40_exact,delay_one_day,2022_2024,0.0062173558208897806,-0.0083606937938798254,-0.056579178855378776,0.023289255486973415
fixed_blend_vol40_exact,trend_vol40_exact,delay_one_day,2020_2024_carry,0.065632467728809152,0.059777776854973208,-0.11293639697553115,0.025801869518818854
fixed_blend_vol40_exact,allocation_vol40_exact,delay_one_day,2020_2024_carry,-0.052232479304370472,0.0076298236611809234,0.11226713852932446,-0.045101956885548189
fixed_blend_vol40_exact,state_rule_vol40_exact,delay_one_day,2020_2024_carry,0.032975408776798609,0.028156670474965173,-0.098783974816551878,0.01311063588645478
state_rule_vol40_exact,trend_vol40_exact,delay_one_day,full,0.01917596143442557,0.030393387830402463,-0.0024346803084989155,0.0098406629712401994
state_rule_vol40_exact,allocation_vol40_exact,delay_one_day,full,-0.022287059536040044,0.035976114928484293,0.1917428945171572,-0.076273740300214055
state_rule_vol40_exact,fixed_blend_vol40_exact,delay_one_day,full,-0.0089018532939206807,0.0083728218754418604,0.073385894847534439,-0.021980588509590393
state_rule_vol40_exact,trend_vol40_exact,delay_one_day,2018_2019,-0.0020010695587208138,-0.0060585017472782887,0.0040477522692746737,0.00080546710691359324
state_rule_vol40_exact,allocation_vol40_exact,delay_one_day,2018_2019,0.06482237517829037,-0.046396141295833526,0.25351037330751514,-0.12921256984377644
state_rule_vol40_exact,fixed_blend_vol40_exact,delay_one_day,2018_2019,0.025735509206174845,-0.014846298574987149,0.13515337363789237,-0.049535122666562459
state_rule_vol40_exact,trend_vol40_exact,delay_one_day,2020_2021,0.049195730169754093,0.044612795418933926,-0.00751943903298391,0.0032872466795857425
state_rule_vol40_exact,allocation_vol40_exact,delay_one_day,2020_2021,-0.25189590712120147,-0.22255587279707267,1.1102230246251565e-16,-0.0094619263015934818
state_rule_vol40_exact,fixed_blend_vol40_exact,delay_one_day,2020_2021,-0.099605362192659808,-0.098222753980453881,-0.0038768722888560259,-0.0019179560638640236
state_rule_vol40_exact,trend_vol40_exact,delay_one_day,2022_2024,0.02478529379651051,0.041625193122671433,-0.0080730468818468459,0.022026410001503349
state_rule_vol40_exact,allocation_vol40_exact,delay_one_day,2022_2024,-0.019557973531826089,0.033931315049603561,0.19000316014655183,-0.098257010253944121
state_rule_vol40_exact,fixed_blend_vol40_exact,delay_one_day,2022_2024,-0.0062173558208897806,0.0083606937938798254,0.056579178855378776,-0.023289255486973415
state_rule_vol40_exact,trend_vol40_exact,delay_one_day,2020_2024_carry,0.032657058952010543,0.031621106380008035,-0.014152422158979272,0.012691233632364074
state_rule_vol40_exact,allocation_vol40_exact,delay_one_day,2020_2024_carry,-0.085207888081169081,-0.02052684681378425,0.21105111334587634,-0.058212592772002969
state_rule_vol40_exact,fixed_blend_vol40_exact,delay_one_day,2020_2024_carry,-0.032975408776798609,-0.028156670474965173,0.098783974816551878,-0.01311063588645478
fixed_blend_vol40_band2,trend_vol40_band2,delay_one_day,full,0.028346701504059268,0.021609587022366705,-0.078447632141859569,0.0318856817000438
fixed_blend_vol40_band2,allocation_vol40_band2,delay_one_day,full,-0.014249017934019781,0.026439251035325517,0.11663690261187276,-0.053155702843639685
fixed_blend_vol40_band2,state_rule_vol40_band2,delay_one_day,full,0.0088363605709138593,-0.0093931721644769928,-0.074821420499159186,0.022115253813858315
fixed_blend_vol40_band2,trend_vol40_band2,delay_one_day,2018_2019,-0.027622593750879498,0.0075818842242935114,-0.13043721831049537,0.05020069859500853
fixed_blend_vol40_band2,allocation_vol40_band2,delay_one_day,2018_2019,0.037236998044657743,-0.032770743746059761,0.11663690261187276,-0.078011638644860382
fixed_blend_vol40_band2,state_rule_vol40_band2,delay_one_day,2018_2019,-0.02551448966695824,0.013933323158846378,-0.13473989009304621,0.049324921581776315
fixed_blend_vol40_band2,trend_vol40_band2,delay_one_day,2020_2021,0.14782628229390449,0.1414646891806044,-0.0046051758504782603,0.0053572265757158011
fixed_blend_vol40_band2,allocation_vol40_band2,delay_one_day,2020_2021,-0.14944696625313147,-0.12310219452101911,0.0035740038508227379,-0.0071354352066552162
fixed_blend_vol40_band2,state_rule_vol40_band2,delay_one_day,2020_2021,0.097783310038883631,0.09583388698991091,0.0035740038508230709,0.00211946521074452
fixed_blend_vol40_band2,trend_vol40_band2,delay_one_day,2022_2024,0.031792086193732416,0.034973148310536661,-0.064002141467762508,0.045367924756975431
fixed_blend_vol40_band2,allocation_vol40_band2,delay_one_day,2022_2024,-0.014260666118879106,0.02360203719234788,0.13129617923285131,-0.073549302959025842
fixed_blend_vol40_band2,state_rule_vol40_band2,delay_one_day,2022_2024,0.006533606653383206,-0.0081166473428612163,-0.055521656486177684,0.023567447868019675
fixed_blend_vol40_band2,trend_vol40_band2,delay_one_day,2020_2024_carry,0.065904167335642416,0.059416785968433361,-0.11075892812644605,0.025945207491558764
fixed_blend_vol40_band2,allocation_vol40_band2,delay_one_day,2020_2024_carry,-0.052132286970633102,0.0071218259611620649,0.11093051758813299,-0.044180076990667727
fixed_blend_vol40_band2,state_rule_vol40_band2,delay_one_day,2020_2024_carry,0.032654023851214076,0.026731709947610982,-0.095954319702732271,0.013371514437520715
state_rule_vol40_band2,trend_vol40_band2,delay_one_day,full,0.019510340933145409,0.031002759186843698,-0.0036262116427003832,0.0097704278861854843
state_rule_vol40_band2,allocation_vol40_band2,delay_one_day,full,-0.02308537850493364,0.03583242319980251,0.19145832311103195,-0.075270956657498
state_rule_vol40_band2,fixed_blend_vol40_band2,delay_one_day,full,-0.0088363605709138593,0.0093931721644769928,0.074821420499159186,-0.022115253813858315
state_rule_vol40_band2,trend_vol40_band2,delay_one_day,2018_2019,-0.0021081040839212584,-0.0063514389345528666,0.0043026717825508376,0.00087577701323221513
state_rule_vol40_band2,allocation_vol40_band2,delay_one_day,2018_2019,0.062751487711615983,-0.046704066904906139,0.25137679270491897,-0.1273365602266367
state_rule_vol40_band2,fixed_blend_vol40_band2,delay_one_day,2018_2019,0.02551448966695824,-0.013933323158846378,0.13473989009304621,-0.049324921581776315
state_rule_vol40_band2,trend_vol40_band2,delay_one_day,2020_2021,0.050042972255020857,0.045630802190693487,-0.0081791797013013312,0.0032377613649712811
state_rule_vol40_band2,allocation_vol40_band2,delay_one_day,2020_2021,-0.24723027629201511,-0.21893608151093003,-3.3306690738754696e-16,-0.0092549004173997362
state_rule_vol40_band2,fixed_blend_vol40_band2,delay_one_day,2020_2021,-0.097783310038883631,-0.09583388698991091,-0.0035740038508230709,-0.00211946521074452
state_rule_vol40_band2,trend_vol40_band2,delay_one_day,2022_2024,0.02525847954034921,0.043089795653397878,-0.0084804849815848238,0.021800476888955755
state_rule_vol40_band2,allocation_vol40_band2,delay_one_day,2022_2024,-0.020794272772262312,0.031718684535209096,0.18681783571902899,-0.097116750827045517
state_rule_vol40_band2,fixed_blend_vol40_band2,delay_one_day,2022_2024,-0.006533606653383206,0.0081166473428612163,0.055521656486177684,-0.023567447868019675
state_rule_vol40_band2,trend_vol40_band2,delay_one_day,2020_2024_carry,0.033250143484428341,0.032685076020822379,-0.014804608423713783,0.012573693054038049
state_rule_vol40_band2,allocation_vol40_band2,delay_one_day,2020_2024_carry,-0.084786310821847177,-0.019609883986448917,0.20688483729086526,-0.057551591428188442
state_rule_vol40_band2,fixed_blend_vol40_band2,delay_one_day,2020_2024_carry,-0.032654023851214076,-0.026731709947610982,0.095954319702732271,-0.013371514437520715
