anchor_ordinal,transition_id,anchor_timestamp,partition,prior_regime_label,current_regime_label,ordered_transition,trailing_log_return_24h,trailing_log_return_72h,trailing_log_return_168h,realized_volatility_24h,realized_volatility_168h,distance_from_close_mean_168h,controls_available,control_exclusion_reasons,forward_log_return_24h,outcome_available_24h,outcome_exclusion_reason_24h,forward_log_return_72h,outcome_available_72h,outcome_exclusion_reason_72h,forward_log_return_168h,outcome_available_168h,outcome_exclusion_reason_168h
0,822be86ed16abdedb7152bbb59573bc49bbccc9b7f4416773337248cfbe55313,2018-01-04T11:00:00,1,TREND_UP,RANGE,TREND_UP -> RANGE,-0.020331260005677049,0.094981606962867615,,0.061102982870133868,,,false,"[""MISSING_EXACT_CLOSE_MEAN_WINDOW_168H"",""MISSING_EXACT_CONTROL_WINDOW_168H""]",0.091348724240957677,true,,0.12978607776357085,true,,-0.078579942623035637,true,
1,c112c407e23d1ad76adcc011c51543281c69f254738d4c9884dcda8e0d7f3ab2,2018-01-11T22:00:00,1,TREND_DOWN,VOL_EXPANSION,TREND_DOWN -> VOL_EXPANSION,-0.09931037419778882,-0.11607860284224929,-0.13490134343096674,0.099853739450835297,0.18148616797903067,-1.9899912993567475,true,[],0.039991749648856587,true,,0.035919894853781338,true,,-0.14643857446756137,true,
2,f34158da67063fbead30b49cb7eca4ecf33b44407d1c8a1482bc6d5afca1c840,2018-01-19T00:00:00,1,RANGE,TREND_DOWN,RANGE -> TREND_DOWN,0.021234882406089839,-0.1379599443078465,-0.12886208019032008,0.097221811968876665,0.27554447740785037,-0.94387705455630611,true,[],0.00098110663353814212,true,,0.013455502601525737,true,,-0.019077918291234175,true,
3,5dcda536e1d607e07d9ff52d1877dd7107f0ab8b3ab504e3751510bb1ba440e7,2018-01-26T08:00:00,1,TREND_UP,RANGE,TREND_UP -> RANGE,-0.048405865584113479,0.0043800963334007974,-0.089436757785399168,0.065517459097121561,0.20280533733638459,-1.0243666645555836,true,[],0.035760517565433143,true,,0.029593755922421139,true,,-0.25986062441793562,true,
4,f914d618409c40b98625a54a6fd7358f2290f4f7bc1c80d3e4deab117830baf2,2018-02-02T12:00:00,1,TREND_DOWN,VOL_EXPANSION,TREND_DOWN -> VOL_EXPANSION,-0.1237413998923392,,,0.10036625484152684,,,false,"[""MISSING_EXACT_CLOSE_MEAN_WINDOW_168H"",""MISSING_EXACT_CONTROL_WINDOW_168H"",""MISSING_EXACT_CONTROL_WINDOW_72H""]",0.091085827861806287,true,,-0.069355230069573878,true,,-0.0064426241719433858,true,
5,8c142d51201ed1a1d27c16734439b5badbf1baf890702414779ff2c11d954143,2018-02-10T18:00:00,1,TREND_UP,RANGE,TREND_UP -> RANGE,-0.031537505068018612,0.0081938041270823245,-0.1231421979340047,0.070991582166546038,0.30099184906238324,0.38921316329087152,true,[],0.0011226145622051367,true,,0.030376364739770519,true,,0.26064487228913047,true,
6,946f8e8e3c56c414d85431860911aaa112f83f98844382dc26b7f77475fa34f2,2018-02-17T18:00:00,1,TREND_UP,VOL_COMPRESSION,TREND_UP -> VOL_COMPRESSION,0.08158776839345834,0.15085723334164466,0.26064487228913047,0.04272165252780781,0.15439947598641121,1.942719697933043,true,[],-0.0064288082605853574,true,,0.076067345134770051,true,,-0.12100607285594961,true,
7,c1e314a8f0db0cbf3ace6c93747cc08cebf284b48b063f8c93643570cd40c77c,2018-02-26T13:00:00,1,TREND_DOWN,RANGE,TREND_DOWN -> RANGE,0.062930987688902748,-0.0064012095526235916,-0.077876179633193807,0.050561476356399772,0.14325380615022215,-0.2994907280560774,true,[],0.068658856202646917,true,,0.060086146098783814,true,,0.12619987683489176,true,
8,cf53dab49e5ea4e3e7c9d88fb495bd1b09a8f84c7a0a092fb595858bc74d9d5f,2018-03-06T23:00:00,1,VOL_COMPRESSION,TREND_DOWN,VOL_COMPRESSION -> TREND_DOWN,-0.061397495145452168,-0.066216435082212713,0.012548497559565169,0.041004905330895673,0.094994576028948008,-0.98566489398288326,true,[],-0.075186914894606355,true,,-0.1450797954423996,true,,-0.15699162738780245,true,
9,f7a985897be71c55e93cb152efe3a2cf836fd5edcaac069cda0020c982a79b43,2018-03-14T02:00:00,1,TREND_DOWN,RANGE,TREND_DOWN -> RANGE,0.010798891264858532,0.052548850154694432,-0.15733942711012586,0.073399735242396513,0.20564342532193783,-0.3167230076341408,true,[],-0.16757078346939452,true,,-0.11394523174957835,true,,-0.028715339353774436,true,
10,25cdc9ff9abaca683ce7cfdbf1cb1ab5873c16764e66b1953956693a05bd282d,2018-03-21T02:00:00,1,TREND_UP,VOL_COMPRESSION,TREND_UP -> VOL_COMPRESSION,0.043807620563437712,0.15868264369189392,-0.028715339353774436,0.04736239132074186,0.1754878501881964,1.7900975898363918,true,[],0.0085801184328414062,true,,-0.0079498106258307361,true,,-0.13565569541905287,true,
11,e994c2d90ff44393b9c75757015b65062833620745b87e8c40de2123d844906b,2018-03-28T04:00:00,1,TREND_DOWN,VOL_COMPRESSION,TREND_DOWN -> VOL_COMPRESSION,0.0064463589761191093,-0.086175056654200374,-0.14725192951388977,0.047700502115242308,0.12229391984629381,-1.8457626293725653,true,[],-0.028568276063389807,true,,-0.10795330531795543,true,,-0.068854504044452897,true,
12,3eff8c6bdc339cc24061e9f78e9caeb22e0666e4579ad62ad16d1ac514be9c54,2018-04-04T09:00:00,1,VOL_COMPRESSION,TREND_UP,VOL_COMPRESSION -> TREND_UP,-0.038497595201503601,0.049473113286622412,-0.13119614339237542,0.038093750539521666,0.15962669524456166,-0.2376060624051827,true,[],-0.034702078626090108,true,,-0.032776697827092291,true,,-0.033341228264366904,true,
13,488524b705f5919a28a6fc49c682e941768db4ea43abd7a2658bb30a223ec9c0,2018-04-12T11:00:00,1,VOL_COMPRESSION,VOL_EXPANSION,VOL_COMPRESSION -> VOL_EXPANSION,0.11907221580669189,0.1341788513716469,0.12891662939584178,0.11249355893596569,0.14450919772955634,5.6983377759423153,true,[],0.045797247881602977,true,,0.075401633394942227,true,,0.059667453425719899,true,
14,2c2c4678dc6ce393a8d41fd000c30eebe5eca360cf09e10a73feed7b1c104f46,2018-04-25T02:00:00,1,VOL_COMPRESSION,TREND_UP,VOL_COMPRESSION -> TREND_UP,0.053309754307938176,0.090737819340756712,0.20314263696333643,0.027665612129747066,0.080231602516005307,2.3499417112944521,true,[],-0.091224705891690072,true,,-0.068765836311214648,true,,-0.070058238241210935,true,
15,e50a59d4a5bc466adb285acc6256c4b3abbcb74c3ad74d262e568078b95cf43c,2018-05-04T00:00:00,1,VOL_COMPRESSION,TREND_UP,VOL_COMPRESSION -> TREND_UP,0.046968052360240764,0.066947744511804755,0.038391818855380587,0.035459750649777917,0.080313873361654922,2.18949806122236,true,[],0.015785064415676179,true,,-0.015341253551606078,true,,-0.071192441251105756,true,
16,954512c6872367b5e874f7c4e354c7601b55b43c52d19a6d836f5afdefcf3b10,2018-05-11T20:00:00,1,VOL_COMPRESSION,TREND_DOWN,VOL_COMPRESSION -> TREND_DOWN,-0.075747906292477948,,,0.041561110840866014,,,false,"[""MISSING_EXACT_CLOSE_MEAN_WINDOW_168H"",""MISSING_EXACT_CONTROL_WINDOW_168H"",""MISSING_EXACT_CONTROL_WINDOW_72H""]",0.00039603115646475389,true,,0.043788696039576976,true,,-0.025464968688469043,true,
17,146bb00fe65bf31ae0b2103e530c0660f6af5a9317382a475273de2da1d729d1,2018-05-23T16:00:00,1,VOL_COMPRESSION,TREND_DOWN,VOL_COMPRESSION -> TREND_DOWN,-0.076473062792079896,-0.10845541057229167,-0.081536561350223025,0.035613481917759884,0.064082342135485165,-3.4588473010459104,true,[],-0.012468284300656362,true,,-0.012590617243208705,true,,-0.042364602209363195,true,
18,4ec4bb2795f78005bfcf2676517e1f3858ebf8758a76456c90cdd876fc6b337a,2018-06-10T17:00:00,1,VOL_COMPRESSION,TREND_DOWN,VOL_COMPRESSION -> TREND_DOWN,-0.11759602195622131,-0.1301527286463568,,0.075412669995341422,,,false,"[""MISSING_EXACT_CLOSE_MEAN_WINDOW_168H"",""MISSING_EXACT_CONTROL_WINDOW_168H""]",-0.0050631742251896076,true,,-0.066060812027094448,true,,-0.038772318819214682,true,
19,ff78890a60cd938c8184593e5139d514bcef41c98b1a7d49e2c1612ae8e58958,2018-06-22T13:00:00,1,VOL_COMPRESSION,TREND_DOWN,VOL_COMPRESSION -> TREND_DOWN,-0.094436357847893129,-0.098868902421318933,-0.061483921870309405,0.050255392693327496,0.076237632292186122,-3.5220136517183516,true,[],0.0065146810211936723,true,,0.0026321537569688369,true,,-0.043926276776763154,true,
20,c76a517452031eaeac8d4d16f0f481b52ec23f105aae9684599a6b5494fcc4d9,2018-06-29T22:00:00,1,VOL_COMPRESSION,TREND_DOWN,VOL_COMPRESSION -> TREND_DOWN,0.049481194403792762,0.014262940574488072,0.026516569909918793,0.058592522230434776,0.11601653342723968,1.2765907778472974,true,[],0.014464909654840952,true,,0.059251761004694779,true,,0.051199775352675628,true,
21,4884df1d9a9fedd96e46489c905d4bebdbdecf6c903cca0a867a44fffd02e45e,2018-07-17T17:00:00,1,VOL_COMPRESSION,TREND_UP,VOL_COMPRESSION -> TREND_UP,0.075504769856862844,0.13686938583814659,0.12092663268161442,0.064100231777655392,0.081768597285760317,4.5814917736532879,true,[],0.043006884166738604,true,,0.018895452290225444,true,,0.13526487476426105,true,
22,89c0e233214c1221a0a49e541e671a7d64df1ff1de821d66be5799653f53a495,2018-07-27T15:00:00,1,VOL_COMPRESSION,TREND_DOWN,VOL_COMPRESSION -> TREND_DOWN,-0.0069937114339825475,-0.004557094585032102,0.087310228612359472,0.052979697707789729,0.085845391790025566,0.89843337992695038,true,[],-0.0045606885861080616,true,,-0.0036298796706712329,true,,-0.085779961360475721,true,
23,4ba8b2abff1816a34ebdb86d900b31b2f3acd5974d50f5d26a701f94a6aee967,2018-08-04T15:00:00,1,VOL_COMPRESSION,TREND_DOWN,VOL_COMPRESSION -> TREND_DOWN,-0.069736578450991904,-0.086307548485224497,-0.15095585122535962,0.042187061329885402,0.080846244958716396,-2.4135563288603485,true,[],0.0040626080295524157,true,,0.019674702989391338,true,,-0.13048769121876228,true,
24,a4a98b5af1c3c662acdde4d877faa83a6c91421645eef8459c9453f320eea0ea,2018-08-11T17:00:00,1,VOL_COMPRESSION,TREND_DOWN,VOL_COMPRESSION -> TREND_DOWN,0.0041099227474759269,,,0.066717142083447978,,,false,"[""MISSING_EXACT_CLOSE_MEAN_WINDOW_168H"",""MISSING_EXACT_CONTROL_WINDOW_168H"",""MISSING_EXACT_CONTROL_WINDOW_72H""]",-0.022035994119601388,true,,-0.066779371336833995,true,,-0.014287709373289126,true,
25,b1c5e4f18e0db63a32607bd0309b850737d7a5fe7d6ddc365d85ca8f3c646a7d,2018-08-22T01:00:00,1,VOL_COMPRESSION,TREND_UP,VOL_COMPRESSION -> TREND_UP,0.076891293637895292,0.068792536640897115,0.089924665774332682,0.055792800520842144,0.098506586566823831,4.7891556449785559,true,[],-0.059865506179916948,true,,-0.011673781231798751,true,,0.036042053752247789,true,
26,400a16ad55d828cebd44264966b263c712c5818fe3dace80196308696313ae56,2018-09-05T16:00:00,1,VOL_COMPRESSION,TREND_DOWN,VOL_COMPRESSION -> TREND_DOWN,-0.062609536122006607,-0.050315657039142918,-0.010519768194754812,0.042900551546971775,0.061595281252493722,-1.3985533205768492,true,[],-0.076267325024649071,true,,-0.081254772932094418,true,,-0.10002784630083336,true,
27,4dd7e9f7cdbdb7a917d2901242fd3cf4e42b575a9de0839432890319ca68fc11,2018-09-19T19:00:00,1,VOL_COMPRESSION,TREND_DOWN,VOL_COMPRESSION -> TREND_DOWN,0.01712708756144295,-0.013941345907827113,0.016808149542993905,0.050219647071510942,0.068417237552857849,-0.1164562196162152,true,[],0.0014061849501306972,true,,0.046780795290963129,true,,0.01328266748835631,true,
28,00ba29b55563e771d8155b730b350ca7243f13ccab9ed61e5a1d8c21b06ed411,2018-10-11T01:00:00,1,VOL_COMPRESSION,TREND_DOWN,VOL_COMPRESSION -> TREND_DOWN,-0.054272326114881919,-0.052883049823081132,-0.052730599411093475,0.042116019061973153,0.046600403345795134,-8.1757180811202925,true,[],-0.0081379914163879543,true,,-0.0029905926532139823,true,,0.034885192634506783,true,
29,e49d55ff2ec4d13c84a7281228827696c24e01320cb129526dc52c73c4082bac,2018-11-14T16:00:00,1,VOL_COMPRESSION,TREND_DOWN,VOL_COMPRESSION -> TREND_DOWN,-0.10427596365303193,-0.10500840297813196,-0.13574971013016018,0.069166035007353369,0.07215652643422539,-7.6360192848365331,true,[],-0.039808528903708361,true,,-0.0259327316867616,true,,-0.23403480612684591,true,
30,753174f14ba8836dde183e106dbf790bc39c3db9d412522dc21f2ed8f25bf44c,2018-11-22T18:00:00,1,TREND_DOWN,VOL_COMPRESSION,TREND_DOWN -> VOL_COMPRESSION,0.0012095747427972425,-0.10723517118695541,-0.21817179681384416,0.037765556227457239,0.16479040669665526,-1.2635822284003575,true,[],-0.048278228221380011,true,,-0.18184850570260605,true,,-0.050650264437802808,true,
31,f2b7143e1ed442b6baecbf7183c808064ebd059bb1a667ec685c86c57372a7e4,2018-11-30T11:00:00,1,TREND_UP,RANGE,TREND_UP -> RANGE,-0.097726654799654394,0.0775873446348673,-0.08432696436851525,0.061369760612131494,0.19284896633080068,-0.24331950361108939,true,[],0.04628828065155869,true,,0.0056821637874887769,true,,-0.15520023494059804,true,
32,8dce31aee41ccb380e3141124a804ce4f7c8d6b34cf64e594efc5d459fdfbf97,2018-12-07T19:00:00,1,TREND_DOWN,VOL_EXPANSION,TREND_DOWN -> VOL_EXPANSION,-0.047105008929002788,-0.11928506303483163,-0.13499565677647632,0.096880009652688101,0.15258453997580795,-1.5868519727408186,true,[],-0.033081490435341726,true,,-0.025658239412283203,true,,-0.08628526581763557,true,
33,a0e0e84f58a5f9ee2a651ad31c73be3658f544cef72a18d36e3b3ea5c458d234,2018-12-17T13:00:00,1,VOL_COMPRESSION,TREND_UP,VOL_COMPRESSION -> TREND_UP,0.051057643075265412,0.04237520042707367,-0.02936420645295822,0.047438700697615126,0.083987096229152736,1.0354725844971118,true,[],0.040034659361072478,true,,0.17008218850686857,true,,0.20259269875169969,true,
34,d847ca56f58b7d0616759e412b28c6474f04e4177e42aa4fee078bb5162d3be5,2018-12-24T14:00:00,1,VOL_COMPRESSION,TREND_UP,VOL_COMPRESSION -> TREND_UP,0.057510717620672509,0.042689075313617722,0.2154443720325524,0.066064600310759211,0.15640230090568366,1.6824860259205436,true,[],-0.11545489176412591,true,,-0.11504392481182608,true,,-0.10606098552991883,true,
35,ff9bd6c072adcad2140b765e648bdfe0bdf341cb172d41ea23028f9f2f78355e,2019-01-10T06:00:00,1,VOL_COMPRESSION,TREND_DOWN,VOL_COMPRESSION -> TREND_DOWN,-0.052607881146337201,-0.056644115819155683,-0.0090954467236444778,0.055466482698778005,0.09169693000460892,-0.97103232936616812,true,[],-0.049552390581795829,true,,-0.053889581691768856,true,,-0.060146640579735879,true,
36,03b66c4708fda06922847fa9e09c2628aabb1ae72e32f4b103379baad7e7ae93,2019-02-08T16:00:00,1,VOL_COMPRESSION,TREND_UP,VOL_COMPRESSION -> TREND_UP,0.086011779745788691,0.069449322847857042,0.067505829648421348,0.061501184434209717,0.066084459924632244,7.3161497283235342,true,[],-0.015428754905715681,true,,-0.020455098862422378,true,,-0.02845919116238102,true,
37,872891c130a56e34af195ba7cecf3b5f3fffea1aa123f6f9f7bc85388e2211cb,2019-02-18T16:00:00,1,VOL_COMPRESSION,TREND_UP,VOL_COMPRESSION -> TREND_UP,0.077773910284858541,0.080519073276510644,0.072514980976551971,0.029688892229866447,0.037598241304311109,5.6693374470013422,true,[],0.020330782017159349,true,,0.0067260340967114215,true,,-0.0077997693215359322,true,
38,b1946a600046801ba2f5c567a5022b56d2abdf1076fe80eb452832eebc5a74b6,2019-04-02T04:00:00,1,VOL_COMPRESSION,TREND_UP,VOL_COMPRESSION -> TREND_UP,0.12077480327153793,0.13266045793451045,0.17433967864597891,0.10863196092700932,0.11219923634069008,7.2479793547541176,true,[],0.054810843170280774,true,,0.06062879215663404,true,,0.11519233926942182,true,
39,bfff2a522554b952243a5172654bd3e8d4e99c3dcb764c9722558e0391b254f8,2019-04-10T20:00:00,1,VOL_COMPRESSION,TREND_UP,VOL_COMPRESSION -> TREND_UP,0.016748557301007078,0.031147345757511775,0.0024408336601643619,0.030863766204056325,0.085579267651938365,1.5209625565560123,true,[],-0.048964446585578039,true,,-0.042792762411727706,true,,-0.017403972065934952,true,
40,77aa2c85b6af2ad6d9d307b03041d2a27e5a7da2eda49ce0a114bfc7b23d4983,2019-04-25T22:00:00,1,VOL_COMPRESSION,TREND_DOWN,VOL_COMPRESSION -> TREND_DOWN,-0.059084619548070892,-0.051213685176167222,-0.02942529515706967,0.054185362106902647,0.07178154780949017,-2.2159584360761029,true,[],0.0032801904916010408,true,,0.0046912891018214891,true,,0.050708111353010635,true,
41,36448d214b4c8fe6852c998b5331735a4cb76a0b7c89f644db1f607cced8698b,2019-05-03T09:00:00,1,VOL_COMPRESSION,TREND_UP,VOL_COMPRESSION -> TREND_UP,0.077698992474519155,0.11547914737276053,0.11155040207345346,0.030716641376640087,0.047623890556337846,4.7698981210411393,true,[],-0.012421050037026544,true,,-0.027016424748660509,true,,0.085040839768823956,true,
42,200c612a48b3889babaa00792d18bf2f6329999a98222b3372f68c6f3cf90dd6,2019-05-11T04:00:00,1,VOL_COMPRESSION,TREND_UP,VOL_COMPRESSION -> TREND_UP,0.061263604843132931,0.141516968870775,0.16022085236946121,0.039307891501010862,0.085008963017968106,3.2555004001303458,true,[],0.072201499329349689,true,,0.17999994587907669,true,,0.10254338533063427,true,
43,bdf4f3c4442c8c9520498d533e066683d5df46a9bad33e242a9aa0a4f3a767ca,2019-05-18T14:00:00,1,TREND_DOWN,VOL_COMPRESSION,TREND_DOWN -> VOL_COMPRESSION,0.029049791813168885,-0.077323434568727117,0.080084510418623467,0.03724214099866411,0.16597463630808929,-0.52368929799476138,true,[],0.07979160349624792,true,,0.078518065161304246,true,,0.09379477249495323,true,
44,5e4512113d2e3016262666b2796a5bd3c7def6f60074bd47a59d0039bf59c82d,2019-05-26T19:00:00,1,VOL_COMPRESSION,TREND_UP,VOL_COMPRESSION -> TREND_UP,0.065624331055597965,0.095697133017355926,0.072753979823855397,0.06744523946892364,0.10904534396452117,4.477304055672799,true,[],0.028352132752016288,true,,0.015476168398889451,true,,0.013476377146635663,true,
45,5851662698b2d6e4f398d0ed5a64b2f4d0d0176643ad0420745c86b0389723cc,2019-06-03T15:00:00,1,VOL_COMPRESSION,TREND_DOWN,VOL_COMPRESSION -> TREND_DOWN,-0.026999369656779928,0.015629003473205508,-0.042164126105346859,0.025671313407153531,0.083302795398757096,-0.79145104521854959,true,[],-0.066838029568995483,true,,-0.095298036086131688,true,,-0.065439847229887757,true,
46,26f57095fe58d5357cd7f7c643f956c8197a8c0b2e8dbac837ade3c2657dbe4a,2019-06-10T17:00:00,1,RANGE,VOL_COMPRESSION,RANGE -> VOL_COMPRESSION,0.03714255384976909,-0.018739210710639796,-0.064337527457182006,0.042437058161882757,0.11188929564400667,0.52322952481575113,true,[],-0.0076293670369303561,true,,0.030282996030508196,true,,0.15240229550328915,true,
47,d255d566a0540edf779dbe59574a7677edc7edee62d502bfe79f51416e93a2b0,2019-06-18T03:00:00,1,TREND_UP,VOL_COMPRESSION,TREND_UP -> VOL_COMPRESSION,0.0097614657966890572,0.069189868763359252,0.15043390429153694,0.031233411796815921,0.087066753173906913,1.4548815652165017,true,[],-0.013692889447258529,true,,0.051022399630881135,true,,0.18370035037943791,true,
48,3fa6891e9165829e659c6bd2d8e02dd3eca47a24521a4200cae10a6d59faa810,2019-06-25T12:00:00,1,VOL_COMPRESSION,TREND_UP,VOL_COMPRESSION -> TREND_UP,0.031206400762779838,0.0073108207899521653,,0.030725994687048331,,,false,"[""MISSING_EXACT_CLOSE_MEAN_WINDOW_168H"",""MISSING_EXACT_CONTROL_WINDOW_168H""]",0.13449723111420162,true,,0.038198865162120593,true,,-0.113589346065645,true,
49,cd1e48af05518ec8984ce434436220bd2728d8a5dd9bbab35ecb3c1485423b8a,2019-07-02T13:00:00,1,VOL_EXPANSION,TREND_DOWN,VOL_EXPANSION -> TREND_DOWN,-0.059311798258841114,-0.18762840007871576,-0.13027853025968192,0.079522427630682888,0.24213998177045318,-1.9380880922656125,true,[],0.12670888727388691,true,,0.11828507712686834,true,,0.22311171477508865,true,
50,38a3c65a4e178f41fa4f684485600f784677586644d4a91f9c1058c8f9825d05,2019-07-10T18:00:00,1,TREND_UP,RANGE,TREND_UP -> RANGE,-0.030675295780125338,0.063656245126986241,0.082155062341676438,0.059299541731959171,0.14502951587124302,0.7220403378650182,true,[],-0.045101945477683487,true,,-0.092154989355009639,true,,-0.20429334632564655,true,
51,b372bb328ac8be5360547fd569af73faeb8a59c59f9b11a262de487b6333f15c,2019-07-18T14:00:00,1,TREND_DOWN,VOL_EXPANSION,TREND_DOWN -> VOL_EXPANSION,0.06177018265459723,-0.022537322933787192,-0.13204218040859564,0.1110200034734448,0.19012545160925287,-0.43904679659060164,true,[],0.00069354579019666315,true,,0.008266946241728872,true,,-0.034018236480083952,true,
52,fdc63f963f18127bfb2b190a5e713b310f5125dbc2ed2a0d43534166abc7fee8,2019-07-27T00:00:00,1,VOL_COMPRESSION,RANGE,VOL_COMPRESSION -> RANGE,0.045237129818204991,0.050032654258239204,-0.028422931278239152,0.035759877828073147,0.10212384875070436,-0.018216666503203832,true,[],-0.077103759732129781,true,,-0.066972583818582967,true,,0.03394038381149065,true,
53,378f63389f002dfd63a694a71d5a7ba03fa3a39a57d0de83d4d0fe835f786492,2019-08-05T01:00:00,1,VOL_COMPRESSION,TREND_UP,VOL_COMPRESSION -> TREND_UP,0.049929779809202053,0.0931587213614707,0.16735023688374961,0.039953022296708107,0.069492063619592384,2.33856669145172,true,[],0.021313370694244053,true,,0.04008454655280301,true,,0.0055472044151585439,true,
54,c9d12803421bba2c900ff6524b3f58fd01002ce4b95a90969adc0aa92ccd27c8,2019-08-14T16:00:00,1,VOL_COMPRESSION,TREND_DOWN,VOL_COMPRESSION -> TREND_DOWN,-0.046461222647847925,-0.099135831188462128,-0.12095990058304654,0.033460108423515496,0.077508822481635667,-2.7214110543694243,true,[],-0.026426617260333879,true,,-0.0030549318726432674,true,,-0.018874209406582802,true,
55,f59f1652fef0663b7a65cf4ea3ba9f099f3ef5ed9962568fafe1f3bf83d118c7,2019-08-21T20:00:00,1,TREND_DOWN,VOL_COMPRESSION,TREND_DOWN -> VOL_COMPRESSION,-0.053511710068496844,-0.020554955787850125,-0.0016515377913750363,0.046045974088804058,0.10589933869542012,-0.67045059000997576,true,[],0.001984860803630503,true,,-0.0044751991799437847,true,,-0.048746626211960103,true,
56,626448dc2e3a7a5b23996de215f28a0fcb1bb328220ee95f807609541afee5c6,2019-08-28T23:00:00,1,TREND_DOWN,VOL_COMPRESSION,TREND_DOWN -> VOL_COMPRESSION,-0.046024044970912295,-0.042761701335728215,-0.041901262142923695,0.051348573851963432,0.091603085157289779,-2.7990486335862488,true,[],-0.022834711853419145,true,,-0.011747378322891584,true,,0.085539268234843049,true,
57,9363f333dea39c7cfa0d1d4e89d4252e17e29ab1b9e9d06e735f902b85063829,2019-09-06T17:00:00,1,VOL_COMPRESSION,TREND_UP,VOL_COMPRESSION -> TREND_UP,-0.0072778522551614211,-0.017760049122500388,0.089514362366750921,0.046314578511438768,0.074152939061063405,0.52877195328989279,true,[],0.0077003983299143413,true,,-0.015395005233232806,true,,-0.018793177549513453,true,
58,87777a3b9d38190dc6abca9eb6e19ff7c5bd089fc9693357ae28d8dddd0b88c6,2019-09-24T18:00:00,1,VOL_COMPRESSION,TREND_DOWN,VOL_COMPRESSION -> TREND_DOWN,-0.12990947265218272,-0.14764284521570115,-0.17106925394224284,0.09464634001946795,0.10683243008083711,-6.5782885772435966,true,[],-0.032830540594952461,true,,-0.069816083576524815,true,,-0.037357636968959579,true,
59,e7c0d5d47729d099ce45ce532b328757e0d061878a69c8a07ec2bda53d3c934f,2019-10-02T00:00:00,1,TREND_UP,VOL_COMPRESSION,TREND_UP -> VOL_COMPRESSION,0.010441669053237949,0.011503910018974247,-0.04615534561686252,0.032419215073840081,0.094232812216797301,0.61066342962147435,true,[],0.0041889958560780358,true,,-0.020567137219371728,true,,-0.015013789569211611,true,
60,02cbaba9e07db8feae191e31626c04282cd5e49018c6017891b5f56c3dd1cf30,2019-10-11T05:00:00,1,VOL_COMPRESSION,TREND_UP,VOL_COMPRESSION -> TREND_UP,-0.014875213606668309,0.022367930934970706,0.041404412660666509,0.04108108985874398,0.072450245604118932,1.0297928453265852,true,[],-0.011999488798381691,true,,-0.015153929232750555,true,,-0.0660057918026761,true,
61,8043afeb109aec47f75513115cc91f0f5a827414ab04450f065971b18ff52e0f,2019-10-23T12:00:00,1,VOL_COMPRESSION,TREND_DOWN,VOL_COMPRESSION -> TREND_DOWN,-0.089824534100352571,-0.054048376989985249,-0.057449664027905988,0.057618696255682049,0.071888395217708637,-4.0488081262915863,true,[],-0.010406562000985164,true,,0.2080579826394533,true,,0.19127539721785181,true,
62,f13eb33c2b9bb8d87b852edd11154282495f0e90d95443e37cb1c10dd2117538,2019-10-30T15:00:00,1,VOL_COMPRESSION,TREND_DOWN,VOL_COMPRESSION -> TREND_DOWN,-0.027878030445781479,-0.047664067983070262,0.20347487111005516,0.035438358353012421,0.16690045885631064,0.35709446385390198,true,[],0.015166341077407006,true,,0.025640706428945836,true,,0.025744555426173529,true,
63,6497ea5bfbb8c67b2da41d76e01516585c76f1d6576daa3734b5d8838cd4488f,2019-11-21T15:00:00,1,VOL_COMPRESSION,TREND_DOWN,VOL_COMPRESSION -> TREND_DOWN,-0.064013556338822025,-0.098815717624462535,-0.12415965618861853,0.033639366494995743,0.057058208461806662,-3.1801549376272544,true,[],-0.066224381553657272,true,,-0.084237296224717387,true,,0.0015901354571520065,true,
64,44ee06d15ae6b2e768b7bda7a9b13b34cb23bdb661dff07363db1390a004637a,2019-11-29T13:00:00,1,VOL_COMPRESSION,TREND_UP,VOL_COMPRESSION -> TREND_UP,0.037621060357366724,0.093752565963690651,0.096794773227471667,0.041603024961351549,0.10744201223665992,2.2696576272078377,true,[],-0.013510656534950915,true,,-0.058513520713557941,true,,-0.052871181630675015,true,
65,0aa64e3cbe65e8dbd521c7a41347cc0ca7bcf6b2086a6fb54f0562878171ebcc,2019-12-18T13:00:00,1,VOL_COMPRESSION,TREND_DOWN,VOL_COMPRESSION -> TREND_DOWN,-0.013211069640011803,-0.058529860656483357,-0.080723731259020048,0.03286512033232062,0.059546888928705272,-1.9152447279674634,true,[],0.059220862191040204,true,,0.066266064191644686,true,,0.073619891411752972,true,
66,fd163cf5064aace7e9dfe4b550d3d9fb077e9e33715b2d6fb59250109706a7fb,2020-01-07T18:00:00,1,VOL_COMPRESSION,TREND_UP,VOL_COMPRESSION -> TREND_UP,0.066675431913236327,0.098482973344306307,0.11936067410215227,0.037404333734287844,0.072925061387654824,2.7549677296576638,true,[],6.7111424875215077e-05,true,,-0.0028165228797140552,true,,0.087585510505158365,true,
67,7dfd5e213e03743e51cfa2aad1c6b08d182f3ad3b9d1af036160ee6e1094fb5c,2020-01-14T22:00:00,1,TREND_UP,VOL_COMPRESSION,TREND_UP -> VOL_COMPRESSION,0.074244688750898666,0.079759700373203818,0.083330694031970742,0.03831517187641887,0.084674268390217453,2.6154602215659062,true,[],0.011891341314831726,true,,0.020968848800518129,true,,-0.0038832775311580347,true,
68,0b0a10629376ddf16478644b546378a450230da393c1ceec309f4b02aa4616e1,2020-01-28T23:00:00,1,VOL_COMPRESSION,TREND_UP,VOL_COMPRESSION -> TREND_UP,0.054527170556200336,0.1206439819992567,0.074272402658702288,0.039772515883192472,0.063368467125230227,3.2407015772508072,true,[],-0.011353795423563021,true,,-0.0063557771346075117,true,,-0.024805637232777962,true,
69,d1badbe6acd9228ecadb36297fefbd171ddacb7e05d752b6bfeaf534a534de12,2020-02-13T13:00:00,1,VOL_COMPRESSION,RANGE,VOL_COMPRESSION -> RANGE,-0.021680750033948312,0.03681888472613376,0.043436739392180367,0.021589390113575916,0.064320391202571367,0.76821256057683085,true,[],0.0065814381631817019,true,,-0.023386270745216826,true,,-0.058893189390990225,true,
70,e67220d765cdba88f4fec58dc7c730364fc9ed2147368ac57f5a5c0a834a3865,2020-02-20T17:00:00,1,VOL_COMPRESSION,TREND_DOWN,VOL_COMPRESSION -> TREND_DOWN,-0.069046017853529928,-0.014995210464784869,-0.069335538816133663,0.059576683560113627,0.085770687403672927,-1.7892953685850617,true,[],0.022456121406993667,true,,0.040465518339035833,true,,-0.064025405124243762,true,
71,f52c1dd435422644beaa3593ca8cf6cb58dfe85bd4067e21a8676b5e6ee206a5,2020-02-28T13:00:00,1,VOL_COMPRESSION,TREND_DOWN,VOL_COMPRESSION -> TREND_DOWN,-0.019213743845162085,-0.10044070214449913,-0.11809078881256062,0.031584720264444768,0.073106795596013269,-1.6985741767713016,true,[],-0.0015404450690427261,true,,0.019704107862496441,true,,0.047156753142605569,true,
72,5584c760cdb6ebcf27ec5a151db9f06393a4bb376140f54f61567fc5a4c95b4c,2020-03-08T16:00:00,1,VOL_COMPRESSION,TREND_DOWN,VOL_COMPRESSION -> TREND_DOWN,-0.088105741683790123,-0.093251173683296967,-0.026904176087350032,0.034508910362524896,0.060035046119607083,-3.0314772696162469,true,[],-0.062956448083417507,true,,-0.065613759564541185,true,,-0.45313902045295751,true,
73,963fac049d899981dc896bfbd5d66515b05278f1e6372de24b86b6acf04f468f,2020-03-15T21:00:00,1,TREND_DOWN,VOL_EXPANSION,TREND_DOWN -> VOL_EXPANSION,0.11378530219382156,0.021787176003976082,-0.33077999364345345,0.14964907456788204,0.44448595411084291,-0.57715409955561248,true,[],-0.17431350263010384,true,,-0.098592109583196544,true,,0.021700317996936579,true,
74,648fc6e4a031820509cb1eda92935f3d4aef939ecfe11f079a6667f944a3446a,2020-03-22T22:00:00,1,TREND_DOWN,VOL_EXPANSION,TREND_DOWN -> VOL_EXPANSION,-0.047710338778649448,-0.069329662888686708,0.094329038217635816,0.056787557509874201,0.233156463051264,0.29460481466925836,true,[],0.096296111118500921,true,,0.13109947373045522,true,,0.0064760706671546644,true,
75,1de5f92eff8e9e4ed4cb0f4846e26d2e3f6e066e65b3ebff5ce90feff9f59a60,2020-03-30T03:00:00,1,TREND_DOWN,VOL_COMPRESSION,TREND_DOWN -> VOL_COMPRESSION,-0.032887959749823246,-0.12480661761969156,0.0088906099290187359,0.040488303553612034,0.14736060466685788,-1.5164551168709166,true,[],0.069127414943194562,true,,0.095941734280268601,true,,0.13022001414558354,true,
76,18829adc6a5da51c06a3e4d105ebe3f8f3cfced5705e5198672091f50376692d,2020-04-06T07:00:00,1,VOL_COMPRESSION,TREND_UP,VOL_COMPRESSION -> TREND_UP,0.03782150361138957,0.013968619118250739,0.11817474429409261,0.030432562834193939,0.10729353128885741,1.8173706782142005,true,[],0.048098402013978879,true,,0.041637392601226168,true,,-0.048516094884989883,true,
77,c57cdb9abf39f8147fa862a1d0cc8e580e6ac5e9ded33b42582959c679da6f7a,2020-04-13T08:00:00,1,TREND_DOWN,VOL_COMPRESSION,TREND_DOWN -> VOL_COMPRESSION,-0.018386581036092069,-0.030830271731406012,-0.049256272849246718,0.044007111176540867,0.086883408810239204,-1.7842580017263492,true,[],0.011774385445243726,true,,0.048588411759375498,true,,0.064316533622410327,true,
78,8ab59086999dacbfe45610cf544e46893da65455aae7b20357e55b1356a0c16a,2020-04-20T17:00:00,1,VOL_COMPRESSION,TREND_DOWN,VOL_COMPRESSION -> TREND_DOWN,-0.04100361259247904,-0.024291518482522152,0.017136824007468496,0.036755036872410551,0.077745930103186728,-0.7469629683995449,true,[],0.0033611234022762932,true,,0.093999570990036294,true,,0.1084210922436909,true,
79,74a1e66ea85a7e5f369a965536da0e79637fc358ff81765a3519684ab232cbfd,2020-04-29T16:00:00,1,VOL_COMPRESSION,TREND_UP,VOL_COMPRESSION -> TREND_UP,0.10613251715646015,0.12752823381433129,0.18772410292536407,0.038447950880402863,0.074096226831106879,4.0021822941135916,true,[],0.010366405437921505,true,,0.043952900970722714,true,,0.075863102643851849,true,
80,763509a304207c7c14561547175fd7dcc43a3043d8c8217d275cf31777330d42,2020-05-06T23:00:00,1,VOL_COMPRESSION,TREND_UP,VOL_COMPRESSION -> TREND_UP,0.013968105382246481,0.027217836252780646,0.040345224166912767,0.035375568270661129,0.1177829669769383,1.3868889713013997,true,[],0.088675513218235122,true,,0.040814523809863015,true,,0.017911346645304235,true,
81,08226f619ece2b3d76e505d88686a1180a71819e7ad1c96b7d7cc8a78b44ffe8,2020-05-14T09:00:00,2,VOL_COMPRESSION,TREND_UP,VOL_COMPRESSION -> TREND_UP,0.094968342561385921,0.14505507486025124,0.050952079282448881,0.036556286254864893,0.14819641426634009,1.2000994565660454,true,[],-0.020104915282075527,true,,-0.033509312936889614,true,,-0.054853405521203068,true,
82,901df67cdac98d985e8882a49f30ec63ba1860df04917944e90b13a59d06808b,2020-05-21T14:00:00,2,VOL_COMPRESSION,TREND_DOWN,VOL_COMPRESSION -> TREND_DOWN,-0.073877306005956725,-0.06779118624759628,-0.068011614373469587,0.049391618124808197,0.093364518723243431,-3.3026453121435271,true,[],0.0067963495976879002,true,,0.00036593256447619156,true,,0.04303349171815208,true,
83,de5154ab564c9b27bfd7053c7cd8698546177994c56008939f6f807bcfb769a3,2020-06-01T23:00:00,2,VOL_COMPRESSION,TREND_UP,VOL_COMPRESSION -> TREND_UP,0.077614053412043513,0.080023117231320592,0.1372920204249834,0.050191715682327227,0.079988812394758455,3.1150536075158901,true,[],-0.069612547283512058,true,,-0.042105555514480447,true,,-0.04277189721093793,true,
84,799918603043d3cf781506ad7401a60cd7191714b21bcb25f7ac7ee4157da343,2020-06-11T16:00:00,2,VOL_COMPRESSION,TREND_DOWN,VOL_COMPRESSION -> TREND_DOWN,-0.074466420292158553,-0.069409743970991936,-0.075176635965585797,0.051394772163299067,0.068045917316458843,-6.3572032908291733,true,[],0.03796230752377977,true,,0.035155246351672907,true,,0.035309626735662805,true,
85,ba687130c11b5d73191b9accfc5972bc18dc451d8ab6838139d291608334e5d7,2020-07-27T16:00:00,2,VOL_COMPRESSION,TREND_UP,VOL_COMPRESSION -> TREND_UP,0.081567952631278265,0.11362988002909725,0.15771850330486875,0.053030799440016513,0.0669196842032099,3.8614567227261642,true,[],0.021266699809483067,true,,0.025366670499839709,true,,0.055419940900056017,true,
86,3c8b53de243fe9b9551e9d07243e58e0e4a386c482c23c38b22901cd0c6f4ba9,2020-08-11T20:00:00,2,VOL_COMPRESSION,TREND_DOWN,VOL_COMPRESSION -> TREND_DOWN,-0.056467545541538988,-0.044313895990213382,-0.00045030927198698629,0.026460760071788717,0.061683412788872995,-2.6183195399115387,true,[],0.031233854545269044,true,,0.048975365402396796,true,,0.070130469929390926,true,
87,ff7a934ba4a960948a6edaba908dfeeb2fdcf889ce4e8d89e15dabdbf9951bd4,2020-09-02T14:00:00,2,VOL_COMPRESSION,TREND_DOWN,VOL_COMPRESSION -> TREND_DOWN,-0.057274289570913982,-0.032624518212298066,-0.017522251410403911,0.029856436184875469,0.047238152719582059,-1.7677510352656935,true,[],-0.035652418937359785,true,,-0.086016457781397312,true,,-0.093659906223227896,true,
88,1de77238a164d148609b64676ededfd294b5579f3d3ff4aea3bf0f89034df487,2020-09-21T16:00:00,2,VOL_COMPRESSION,TREND_DOWN,VOL_COMPRESSION -> TREND_DOWN,-0.045129265526133305,-0.047931583548862247,-0.034007566166997752,0.025803245330470386,0.05346510868279887,-3.907290181823686,true,[],0.0073853941153882085,true,,0.028593422397218769,true,,0.048543258289235836,true,
89,724e4464a17d18096e84588d05fdf665466ce542431542f7d3cb97d7844ff0de,2020-10-21T14:00:00,2,VOL_COMPRESSION,TREND_UP,VOL_COMPRESSION -> TREND_UP,,,,,,,false,"[""MISSING_EXACT_CLOSE_MEAN_WINDOW_168H"",""MISSING_EXACT_CONTROL_WINDOW_168H"",""MISSING_EXACT_CONTROL_WINDOW_24H"",""MISSING_EXACT_CONTROL_WINDOW_72H""]",0.015322101576986418,true,,0.026146758032769224,true,,0.02546097215991551,true,
90,61dbede4c36e618a47691a17b8913cbb70d590c26407e4ebbe396cca7b4ee0d0,2020-10-28T20:00:00,2,RANGE,VOL_COMPRESSION,RANGE -> VOL_COMPRESSION,-0.030436480727723529,0.013683687732678395,0.026923400743050711,0.030758274797542319,0.076226906442793591,0.39303556514836285,true,[],0.020580411990055308,true,,0.047034124413700348,true,,0.061392649938410294,true,
91,b6115066191904480b554f7dbadfa375be08490bdc0f470cb1d8dc944716e7d1,2020-11-05T13:00:00,2,VOL_COMPRESSION,TREND_UP,VOL_COMPRESSION -> TREND_UP,0.068509124084955353,0.10107354931580984,0.11318296439799434,0.027716558071925794,0.07474841388036034,3.6995244112377557,true,[],0.056435743733693977,true,,0.026027821737909379,true,,0.076743065928614948,true,
92,c13587b72adb8829567fd37cea8570e28d0cc99f53c451b0eaa39d2a76f2a990,2020-11-12T20:00:00,2,TREND_UP,VOL_COMPRESSION,TREND_UP -> VOL_COMPRESSION,0.027081533620369518,0.049424677097627163,0.068739947750858107,0.036469466925662171,0.091950830711025236,2.5044081950908184,true,[],0.0033174737475631833,true,,-0.019006838795579972,true,,0.11020812191868021,true,
93,599b25df2c1c4dad32c1695f3d6e4926caa71b2da446e45f82621ee12b883f90,2020-11-22T10:00:00,2,VOL_COMPRESSION,RANGE,VOL_COMPRESSION -> RANGE,-0.023579060291766402,0.030942760549539372,0.12715263001908347,0.028440400248427984,0.092934881317251375,0.58860451164845606,true,[],0.031906828051480041,true,,0.060310486457502935,true,,0.0011435949489874645,true,
94,4f69ad04450bfd0f09e95c7cd5d6055ea72616a8eddc3cde46593c086c3369a6,2020-11-30T14:00:00,2,VOL_COMPRESSION,TREND_UP,VOL_COMPRESSION -> TREND_UP,0.076980179780809621,0.15138894138446296,0.049455308405745455,0.035448349489213292,0.12301645525882643,1.7563824748798329,true,[],-0.009843675002643909,true,,-0.0066858905820266793,true,,-0.014953296637006694,true,
95,8190d065758f29911256f9b01f7dee4e8cb52c57ea9bbf3c3c08a89b04f82db3,2020-12-09T08:00:00,2,VOL_COMPRESSION,TREND_DOWN,VOL_COMPRESSION -> TREND_DOWN,-0.06040306490496522,-0.058623060996757508,-0.067329077788199881,0.036985808157187598,0.070851090726721522,-3.7522158838501238,true,[],0.027035914766082289,true,,0.023920733735064724,true,,0.08208169991909571,true,
96,e75278aad2f7c5f5b39cf333155aeb9f7068d9f6079fba1383f2502a4f700bc8,2020-12-16T14:00:00,2,VOL_COMPRESSION,TREND_UP,VOL_COMPRESSION -> TREND_UP,0.068762690007825408,0.071313321713016575,0.11553326930149846,0.03910300953451578,0.070018402493503384,3.3162627106200904,true,[],0.10995076714826671,true,,0.11823688500655845,true,,0.13641680971823059,true,
97,f09301f83ea9a5da282ecef0da88a913788e659916337274fd42fd91425b47e7,2020-12-23T23:00:00,2,TREND_UP,RANGE,TREND_UP -> RANGE,-0.025289318684514412,-0.010626831356676273,0.083869887227679601,0.047011684589082448,0.12403619179642157,0.053943513821732222,true,[],0.02085905164070577,true,,0.13084059600133677,true,,0.21837880235924639,true,
98,92ff33d90927b42268d427b10a76100c61aa7f05ca7ee8f1d71623009789add2,2021-01-01T05:00:00,2,TREND_UP,VOL_COMPRESSION,TREND_UP -> VOL_COMPRESSION,0.0086827010534267467,0.10192908811323505,0.21461417058144219,0.03840955903004592,0.10887045173100859,1.5206006567633952,true,[],0.015010849736782871,true,,0.11802562773242631,true,,0.26204440190068568,true,
99,fd4b65cb92b55ece5ae880189bd5b57e83bd0c94d1f4c4eda61c2977382252ff,2021-01-08T05:00:00,2,VOL_EXPANSION,TREND_UP,VOL_EXPANSION -> TREND_UP,0.013119332294404294,0.22118846906481385,0.26204440190068568,0.07274031468019708,0.18826210535985086,1.59836020365751,true,[],0.034946893450900456,true,,-0.086637125456925382,true,,-0.0052996870253758368,true,
100,7b3450ae2ef34872705dd1ffac367133af24e7cfcfab9d814298c3ed950b60a7,2021-01-15T15:00:00,2,TREND_UP,VOL_EXPANSION,TREND_UP -> VOL_EXPANSION,-0.10644004600881216,0.049132870772243951,-0.1409107946379595,0.060012764885937632,0.22258927790987562,-0.66725903666754205,true,[],0.053019281746286409,true,,0.02493173754433144,true,,-0.089160481218751003,true,
101,cdc718a35bf6391c710af07eebac60010cfd00ca48289d51d4beed3f3856f9b0,2021-01-22T19:00:00,2,TREND_DOWN,RANGE,TREND_DOWN -> RANGE,0.03605398828033974,-0.074883610049967034,-0.044563050100050967,0.08734078506342334,0.16380392094224447,-0.73447041537522761,true,[],-0.038560260666062024,true,,-0.0074838125981870861,true,,0.019307773846045175,true,
102,63410e9ef266bb30889d6827cb2352c22e48ed5fc5d33fc22de0263384688c63,2021-01-29T19:00:00,2,TREND_UP,HIGH_VOL,TREND_UP -> HIGH_VOL,0.050016875744704689,0.062511709663823467,0.019307773846045175,0.14050821988393875,0.19510440472182158,1.1933719291010467,true,[],-0.00020864860183517393,true,,-0.01408518004899899,true,,0.092828931927356334,true,
103,1e6280c78d6626bc42ccf34a3e21479e0b895ecd061e575c18e63f619bb5b487,2021-02-06T01:00:00,2,VOL_COMPRESSION,TREND_UP,VOL_COMPRESSION -> TREND_UP,0.057780753571701482,0.079251993402202861,0.12910652336118295,0.036646881810901526,0.10928585459330496,1.9092737158696271,true,[],-0.0049023013598596642,true,,0.17263030207915075,true,,0.20553799728563793,true,
104,582e230b3932a6864f51e203028acfea783e2afc25f3fa8aa66af7d23f47313f,2021-02-13T01:00:00,2,TREND_UP,VOL_COMPRESSION,TREND_UP -> VOL_COMPRESSION,-0.016453291756036378,0.029527290918898622,0.20553799728563793,0.040103596432246154,0.15771287018772145,1.0771390584303537,true,[],-0.0036326708703151565,true,,0.01232662023575248,true,,0.1643017620816607,true,
105,bb4c4c28c2b61c3db7ec28aefe2204bcfd60a6c194dda8145a31c1886df5ae1f,2021-02-20T05:00:00,2,TREND_UP,VOL_COMPRESSION,TREND_UP -> VOL_COMPRESSION,0.078822225377776306,0.1134902363698759,0.14954430969759525,0.033089343137474893,0.090631115434735995,2.2836407207108569,true,[],0.015593108568769082,true,,-0.10871147642011189,true,,-0.15362740367964217,true,
106,20bffc2fbe50f7df9e09ff3f265086dbda2ca069d61a75d6801ed497ffb6e5f6,2021-03-01T02:00:00,2,TREND_DOWN,RANGE,TREND_DOWN -> RANGE,0.023679574397126559,-0.017974558531121364,-0.2014081887848343,0.055367943895420532,0.20250173703805929,-0.70390498519809774,true,[],0.058289691468508244,true,,0.087978302325791943,true,,0.087017108504687579,true,
107,bee6d2e7deb591ced5406b38e0ffd0274191dd3a1a5eeff8a7716deff457570b,2021-03-08T18:00:00,2,TREND_UP,VOL_COMPRESSION,TREND_UP -> VOL_COMPRESSION,0.0082526301912373319,0.046903404423292903,0.046320510657886317,0.03545355473460983,0.11179757260971249,1.198713312642238,true,[],0.059138632394227029,true,,0.1240998232755894,true,,0.099965991471107921,true,
108,60b64691c7b18c68f09ce872831b98f534c68b2302515f365311590a7d784141,2021-03-17T06:00:00,2,TREND_DOWN,VOL_COMPRESSION,TREND_DOWN -> VOL_COMPRESSION,0.023371014125048783,-0.078760920817759789,0.044201604528534173,0.031111357094097826,0.10722119463101561,-0.50022384474900083,true,[],0.044994236005381529,true,,0.035512207877336492,true,,-0.030210700972155568,true,
109,fa10729629978aef7cebefa7821c60f7378eb308d0b77f1a12b4cc73cb9acabc,2021-03-24T06:00:00,2,VOL_COMPRESSION,TREND_DOWN,VOL_COMPRESSION -> TREND_DOWN,0.024922288194353763,-0.043450917620778261,-0.030210700972155568,0.03713910035786433,0.10168292943490706,-1.4851426930190177,true,[],-0.031667686490247364,true,,0.0073098448146712951,true,,0.088295848851885211,true,
110,2f9e4f6a0e5e16aafb63c9d2d6211722f2b5cdc793d69ccb1d4f7c9817dd0105,2021-03-31T08:00:00,2,VOL_COMPRESSION,TREND_UP,VOL_COMPRESSION -> TREND_UP,0.0012121226148603113,0.029907035305350656,0.029993352057692026,0.037835051510193084,0.097440102160407271,1.1144745276421957,true,[],0.014102362041218884,true,,0.017463292847428306,true,,-0.0045966909393791427,true,
111,90ed930e3a211933e8beb2ace130930d85ae4f782f08a1f79ed463e89f108e61,2021-04-07T11:00:00,2,VOL_COMPRESSION,TREND_DOWN,VOL_COMPRESSION -> TREND_DOWN,-0.038775115527526882,-0.017747595848128191,-0.029803591814946413,0.024812856715490154,0.056875665536713679,-3.0374026411418074,true,[],0.0024021179128982926,true,,0.071949583775595849,true,,0.13719781979973816,true,
112,84e306f014b440c7ef19b05d65b734c17c23fd5efaa4089ead14a229fa545eef,2021-04-14T13:00:00,2,VOL_COMPRESSION,TREND_UP,VOL_COMPRESSION -> TREND_UP,0.015976387432355407,0.073572337371960131,0.11690692338651903,0.029090933016983209,0.075222870218831908,1.8705323145550294,true,[],-0.01290531367447858,true,,-0.043255843878418423,true,,-0.13761806929342979,true,
113,c8eaedb1aa9d677f7781fecc6d070b2fe24f1e478ac2f9abd79458150be4a417,2021-04-21T19:00:00,2,TREND_DOWN,VOL_COMPRESSION,TREND_DOWN -> VOL_COMPRESSION,-0.020409561519555044,-0.0056451019378836688,-0.11308717050071765,0.037110208205515256,0.11362194449885106,-0.99656279198000575,true,[],-0.04754675194977518,true,,-0.089348689351859981,true,,1.4056153613172042e-05,true,
114,61e34a1649dda47bf281bf5df726a48ab39c710941c481d46c936df5aabb78f2,2021-04-28T20:00:00,2,VOL_COMPRESSION,TREND_UP,VOL_COMPRESSION -> TREND_UP,-0.013602326201662325,0.12306526822359225,-0.010102238593068592,0.03140532902056796,0.12393916427855634,0.96692138950294393,true,[],-0.027174758122162163,true,,0.058604912417857938,true,,0.043755041468531271,true,
115,b92660d4c5ca52c6ffe86cff7a7fac859db70a61b9e714ce7a37dd1f9769e8d9,2021-05-05T21:00:00,2,TREND_UP,VOL_COMPRESSION,TREND_UP -> VOL_COMPRESSION,0.04396475397001301,0.0025755213733970042,0.035446006401566983,0.043272550980308196,0.093696042089902079,0.45565134592159767,true,[],-0.0089138409297506212,true,,0.034830466333615119,true,,-0.04028472316249572,true,
116,cd4cfdf2c9b99f6c4d8e4e4cdc09895ef8721147a5daa19162fbf62fddd1b4ec,2021-05-12T23:00:00,2,TREND_DOWN,VOL_EXPANSION,TREND_DOWN -> VOL_EXPANSION,-0.13676404545438461,-0.16386985825449926,-0.15010995936532606,0.08191638622486562,0.12169045282473941,-5.5299390466196376,true,[],0.0038580985558071827,true,,-0.056588045420065444,true,,-0.29830631710761912,true,
117,9b260cce2d94a9f79b81ae54f2058d91717072640f9956af02d0c05245836c69,2021-05-20T10:00:00,2,HIGH_VOL,TREND_DOWN,HIGH_VOL -> TREND_DOWN,0.027854536419042633,-0.096803968191717688,-0.19498832571697,0.18830314354281302,0.24939705818565391,-1.2340218361049908,true,[],0.0080792843458614583,true,,-0.14423884240307264,true,,-0.030122353644198522,true,
118,69e498fc2d7d39c8ce5541a449be13489daedb7011fc2a6354e127f3de3f7d4b,2021-05-27T23:00:00,2,TREND_UP,RANGE,TREND_UP -> RANGE,-0.018917685799264616,-0.0083083882636612576,-0.052207978506997613,0.054074439315324879,0.20241631020213055,0.37720000877023879,true,[],-0.077531073334861977,true,,-0.077840253825429154,true,,0.017779947265208963,true,
119,a3390b66cb38c66266c43709ba1fb884ec717c61802f800fb6f23d2bb8fa1206,2021-06-04T01:00:00,2,VOL_COMPRESSION,TREND_UP,VOL_COMPRESSION -> TREND_UP,0.016585295608476734,0.019287785558569651,-0.0070050709094616808,0.045680886594982241,0.13703729280121527,1.0677564881495172,true,[],-0.0055539576623478354,true,,-0.032968111622547827,true,,-0.043547634951904626,true,
120,d46e10167def7b8bc2d842d1e58e160e25f99d9e37ed626ecab26bab199fb03f,2021-06-11T20:00:00,2,TREND_UP,VOL_COMPRESSION,TREND_UP -> VOL_COMPRESSION,0.018104227939085529,0.099208015756190218,0.0025469075729911998,0.035531059113378276,0.13578351844455053,0.90193963257998866,true,[],-0.031104241221794202,true,,0.070063043365297339,true,,-0.045182143625263613,true,
121,94c76da400b4102824357dc74542ecb444d6e34542282a84c16372ae8a2b0641,2021-06-19T11:00:00,2,TREND_DOWN,VOL_COMPRESSION,TREND_DOWN -> VOL_COMPRESSION,-0.051290567738386285,-0.084199446119794921,0.0087865693076124383,0.045424360651585165,0.10778833989368151,-1.233794522364448,true,[],-0.059174430724285451,true,,-0.14104662771489199,true,,-0.12269644054785749,true,
122,d6c16032332817bed93e6c631ec756cbc9fbbae9b92a354bee58ee737dc60b3b,2021-06-27T02:00:00,2,TREND_DOWN,RANGE,TREND_DOWN -> RANGE,0.035406561415137809,0.018182973091300979,-0.07310386399045779,0.064666185807377805,0.16962900867373926,-0.057135864124491231,true,[],0.038367683753959908,true,,0.078356425928029619,true,,0.0441970779251981,true,
123,08431e780724f9219467d99645f8ba64983624c02058d379bdfe17b09b92289b,2021-07-06T09:00:00,2,VOL_COMPRESSION,RANGE,VOL_COMPRESSION -> RANGE,-0.0033211338127662271,-0.012392444261190731,-0.029487958923034505,0.051784283381623622,0.098893723542933618,-0.23563375231870315,true,[],0.014201656680376739,true,,-0.038462785015807424,true,,-0.027841923180910017,true,
124,8197adff830fa8c70c7374d90678cb79ae84be234a6fffa20a4d90cfa178fd90,2021-07-20T04:00:00,2,VOL_COMPRESSION,TREND_DOWN,VOL_COMPRESSION -> TREND_DOWN,-0.067934560833245797,-0.056556084122872857,-0.11048200883889751,0.034393252710755051,0.079001716136248387,-3.2901251688045723,true,[],0.03453591552287516,true,,0.097467280048491436,true,,0.22065359435555634,true,
125,1f50672f19730e67ae6847c64a860fe4adacc795cbc29703aacd68420158c135,2021-07-29T15:00:00,2,TREND_UP,VOL_COMPRESSION,TREND_UP -> VOL_COMPRESSION,0.0061600863315240959,0.03527098913269671,0.20575903677443147,0.056954922497700428,0.12571603683964713,1.2686777182146358,true,[],-0.021828906584341938,true,,0.032993046093922632,true,,-0.029954501833953828,true,
126,c40911434d612c7a1e0b6b28aa9d59b561edd6f6284f09217b721cd3f1e65a58,2021-08-05T17:00:00,2,TREND_DOWN,TREND_UP,TREND_DOWN -> TREND_UP,0.03436917544825395,0.026390209291049738,0.02842139073169506,0.048470665167099899,0.093156592237851818,0.72273962337713749,true,[],0.051648768721113479,true,,0.069557839812537853,true,,0.079560053226708768,true,
127,b00162a934bb2f59890740c0a6b17fffe057f4b23e20220e5caf5fd21363b02a,2021-08-17T20:00:00,2,VOL_COMPRESSION,TREND_DOWN,VOL_COMPRESSION -> TREND_DOWN,-0.024029340588620711,-0.036839488943193999,-0.014439147184888926,0.030010458832229626,0.076015298597425715,-1.4241492862661396,true,[],-0.0099253825765205986,true,,0.078682768563743455,true,,0.072087825655305776,true,
128,6a2d068f516da74901b96d87dfb3dead06c7608732ef3928388fcd75244fd2a6,2021-08-26T05:00:00,2,VOL_COMPRESSION,TREND_DOWN,VOL_COMPRESSION -> TREND_DOWN,-0.030737099610563749,-0.065444937815024792,0.058076166980176792,0.039947632421326908,0.079671457546978811,-1.0362932933082476,true,[],0.0011211049152432622,true,,0.026839880401698216,true,,0.049812030021834902,true,
129,c0ac9fdfe21fb66ce1b9fbeaca3a93a4f9999aa72ada2f0b1294462f9e148f5e,2021-09-03T14:00:00,2,VOL_COMPRESSION,TREND_UP,VOL_COMPRESSION -> TREND_UP,0.023526897321346468,0.070665751518557571,0.052417014454746773,0.030460594856173018,0.072488332392665722,2.3912193896343061,true,[],-0.01441334558293845,true,,0.019421550911259099,true,,-0.11701683634528511,true,
130,e4220eff128aced2a7a4919f260b0d1da84e7bfdf8e701cc4871e6da7c6492c3,2021-09-10T14:00:00,2,VOL_COMPRESSION,TREND_DOWN,VOL_COMPRESSION -> TREND_DOWN,-0.039747969819030955,-0.051325859322313129,-0.11701683634528511,0.027497799657905355,0.10049928305713128,-1.6344843187741487,true,[],0.012344901800464473,true,,-0.025913437765529578,true,,0.051414906095610648,true,
131,adccbadc733ab09623aedb0482e9cea73dedfb3a07308d068d21eedc70f77f82,2021-09-20T02:00:00,2,VOL_COMPRESSION,TREND_DOWN,VOL_COMPRESSION -> TREND_DOWN,-0.04390397031468686,-0.038555775549851158,0.021905664226922139,0.03648826877349013,0.091287332190397932,-1.0095485596269189,true,[],-0.068862202499470712,true,,-0.049755690189814059,true,,-0.039139112036275403,true,
132,1ae7c364344fc320cb0aa2f0a055e9f5325e199aba7cf74d72bb0200da614745,2021-09-27T04:00:00,2,TREND_UP,VOL_COMPRESSION,TREND_UP -> VOL_COMPRESSION,0.041448460459920622,-0.0056534580511739827,-0.036184602925109013,0.051812537403698823,0.12765761382512755,0.94676340358807054,true,[],-0.032031183905523286,true,,-0.012014651670447662,true,,0.081513659516518455,true,
133,fd75f8d0f3fc6034f9063cd32ed6678be106acd52148743f40dc738bcf9ea1cb,2021-10-04T16:00:00,2,VOL_COMPRESSION,TREND_UP,VOL_COMPRESSION -> TREND_UP,0.011013662769711734,0.021108090918321862,0.12074807761747013,0.037039788194594588,0.092953076379738125,1.2999153804408803,true,[],0.030929721098451816,true,,0.10831291531503429,true,,0.1642860940646084,true,
134,505f127d05003fa41b11736977a44b13d9f2d5be941b769d82b5bdd045434efa,2021-10-12T20:00:00,2,VOL_COMPRESSION,RANGE,VOL_COMPRESSION -> RANGE,-0.035159740944260852,0.012350496452916237,0.072672520102148058,0.024793493826307685,0.080129651123447235,0.27338689838453245,true,[],0.028872971289939556,true,,0.12189396629397863,true,,0.14705983589903973,true,
135,6928cf9fe07e45dd81a01bdfb5a7f0465df8a4e25b458a2954cf8b32770b3c7d,2021-10-21T11:00:00,2,VOL_COMPRESSION,TREND_UP,VOL_COMPRESSION -> TREND_UP,0.015532190967032355,0.061932531219298509,0.11741001380395658,0.039299125428515325,0.090286458206149528,1.3015960473372219,true,[],-0.022077228164787091,true,,-0.07257359643734751,true,,-0.060658772137616848,true,
136,b468aae5eabe6c761a43c034b10db5fbf6fd56f6ed17ab4ffd3aebc70bd19d92,2021-10-28T18:00:00,2,VOL_COMPRESSION,RANGE,VOL_COMPRESSION -> RANGE,0.023354224030919815,-0.048010525664245379,-0.041884907899688288,0.037199973785993004,0.080838094567519142,-0.83706317999918245,true,[],0.031789180154450807,true,,0.009705079122366388,true,,0.010484610450757515,true,
137,c0681e4bed0eef5cb9da1d5f63914090f659edf1360216d01444815cbb122003,2021-11-10T20:00:00,2,VOL_COMPRESSION,TREND_UP,VOL_COMPRESSION -> TREND_UP,-0.023073436629478108,0.048897825467093869,0.047720720279495817,0.037628421380220191,0.073749301788212332,0.76912960793869212,true,[],-0.015440997885337886,true,,-0.022318452809794369,true,,-0.085552924488713739,true,
138,edde8392728fe22b2bd451fdabc537c47c8fdf82740cda4c4c57c3a794c593d7,2021-11-18T15:00:00,2,VOL_COMPRESSION,TREND_DOWN,VOL_COMPRESSION -> TREND_DOWN,-0.026714486130030982,-0.10142923060491268,-0.10958938069741324,0.029987703560929585,0.075597348753277574,-2.1299351454053843,true,[],-0.0023134388629542121,true,,0.019732840655980313,true,,0.016802336838338993,true,
139,15197f40cf0c1a6ec35a92fd6ebb9e28fe807eb11fc07c457fe0aef5300c9d89,2021-11-26T08:00:00,2,VOL_COMPRESSION,RANGE,VOL_COMPRESSION -> RANGE,-0.042189109274833263,-0.018342535785008364,-0.03243098096364775,0.037808619886843586,0.085550143179802404,-2.5292912026572738,true,[],-0.0025340855130417091,true,,0.036880347724872697,true,,0.024890336882610564,true,
140,4b6f8b76b4e2a06f1f466eb2a98501fa50c8b3206947f7c3f79f5872b7fe301a,2021-12-03T19:00:00,2,VOL_COMPRESSION,TREND_DOWN,VOL_COMPRESSION -> TREND_DOWN,-0.050685303317819876,-0.069068774351875306,-0.0099044097222150199,0.032777763647203327,0.087794027738924071,-1.8668200669687072,true,[],-0.086614546248296301,true,,-0.091010510167645858,true,,-0.11225786595592771,true,
141,b9a92c8800e7c691c1f89461c8bcaa71be546b7120024b2c6626de11572993f9,2021-12-11T11:00:00,2,TREND_DOWN,VOL_COMPRESSION,TREND_DOWN -> VOL_COMPRESSION,-0.0098063621649363726,-0.019834425776742784,0.035302463305490854,0.041714109798215944,0.10150021772544517,-0.9096734325624819,true,[],0.018419843844088055,true,,-0.013224736338443514,true,,-0.024606395531841851,true,
142,c33b6efe6eba116f3997b73b41a19b72f629c51cf9289660289fc91c50b4159f,2021-12-20T01:00:00,2,VOL_COMPRESSION,TREND_DOWN,VOL_COMPRESSION -> TREND_DOWN,0.00060708133257477749,-0.02591776985213055,-0.041867832393165022,0.031753042476718916,0.086986331630564781,-1.0585608400365873,true,[],0.0069133319109507358,true,,0.039046753298254938,true,,0.085845780773014815,true,
143,7a4ca104388cfdec940f53f7088f4647727402f19284fc44efe982493cdae3ba,2021-12-29T23:00:00,2,VOL_COMPRESSION,TREND_DOWN,VOL_COMPRESSION -> TREND_DOWN,-0.022802831093331383,-0.089097963561174776,-0.044967254811104709,0.034825967780159992,0.065410674195131135,-2.475081066129373,true,[],0.013908054360722864,true,,0.026798364373096937,true,,-0.067544115373612851,true,
144,e223e6a29a619c5b7cfc07802a24de845cf407067b03dbbae50f13f5ef95b5fb,2022-01-06T08:00:00,2,TREND_DOWN,VOL_COMPRESSION,TREND_DOWN -> VOL_COMPRESSION,-0.080166788041863279,-0.08734159712916334,-0.083573058944795858,0.04067290626674179,0.078209511108848287,-3.2182129483129165,true,[],-0.023026904278973973,true,,-0.032777295575356163,true,,0.019948790005591903,true,
145,8dc24a242e78f6382a0b031a3dcb1e8932752130565ca383ad80f0bb9ee3b817,2022-01-20T21:00:00,2,VOL_COMPRESSION,TREND_UP,VOL_COMPRESSION -> TREND_UP,-0.0096635189529838423,-0.010195257132271733,-0.036032596584257948,0.041034988568426717,0.068665063761001052,-2.1288515299083937,true,[],-0.11915508524421213,true,,-0.15565964813119965,true,,-0.13267476371995504,true,
146,a86770a1f850c5758b117f8485f37029c4cf2036cd3b040573e6a0beab18ae75,2022-01-28T01:00:00,2,TREND_DOWN,RANGE,TREND_DOWN -> RANGE,0.027486487828673727,0.02090459490265343,-0.074947534421274012,0.038734084019590158,0.1419401341453298,0.3951660014431192,true,[],0.01786376932791009,true,,-0.0015137157417216872,true,,0.0082394339181433469,true,
147,8b14fe48f430259091cf03a5ecac842bde628d70fd7268d7f787d3b1c9f20b7f,2022-02-04T15:00:00,2,VOL_COMPRESSION,TREND_UP,VOL_COMPRESSION -> TREND_UP,0.067249807953672525,0.02192386615559604,0.059772374295033494,0.052308236740984171,0.087798879078802766,2.6721676090705562,true,[],0.056534221350753276,true,,0.10514682437479096,true,,0.10108871761021621,true,
148,2b7cb959df2e5e24dfc7a112d7d7b06eeee3c5edf55014b60d92a0ccb2ef3188,2022-02-11T19:00:00,2,VOL_COMPRESSION,TREND_DOWN,VOL_COMPRESSION -> TREND_DOWN,-0.037709777116377421,-0.0062879073559354223,0.048089079521569433,0.034338006039542728,0.089072154562668787,-0.25879840378868008,true,[],-0.0019432448180298698,true,,-0.014646458523229808,true,,-0.060757834481383395,true,
149,180edb97d3a0ac70edd3c6e3a6cf9f35a6fd530c2bfeb28b2cca013a439fca38,2022-02-18T22:00:00,2,TREND_DOWN,VOL_COMPRESSION,TREND_DOWN -> VOL_COMPRESSION,-0.019215850849139807,-0.1008473578860033,-0.053747583132068968,0.027146055981454347,0.069256422105279283,-2.1411220120479202,true,[],0.0019245992297528046,true,,-0.061931110663277028,true,,-0.012666894373711837,true,
150,2d3dd4eba245a4025e0ec0d585b00cbada5a64b9e152788b8bb1ea7c125e983f,2022-02-26T05:00:00,2,TREND_UP,VOL_COMPRESSION,TREND_UP -> VOL_COMPRESSION,0.014604127229019196,0.026721077526553311,-0.031206301289960433,0.038092591940228335,0.11506680756063287,0.60747057032080343,true,[],-0.010705970366572634,true,,0.10207116061523036,true,,-0.00018859304265448051,true,
151,cd8a392d9ee054e10eefea1ce23bf3b818ca88c7febd68650a155601b3419a52,2022-03-05T05:00:00,2,TREND_DOWN,VOL_COMPRESSION,TREND_DOWN -> VOL_COMPRESSION,-0.058489392346752371,-0.12691257812477685,-0.00018859304265448051,0.032348638725719539,0.11570567270633013,-0.99060910024016369,true,[],0.012126933502402534,true,,-0.017332403456283438,true,,0.00398873882970206,true,
152,82999a21ccc58cc876cbfaebdf8241d0a1bb93195d7924225a8dd84ddbbd0c7f,2022-03-15T01:00:00,2,VOL_COMPRESSION,TREND_UP,VOL_COMPRESSION -> TREND_UP,0.019530672353409943,-0.009857930738548926,0.014289037301516714,0.032745395774143204,0.098607112157976878,-0.50558450424024082,true,[],0.017990091187544445,true,,0.044119126631056244,true,,0.059596446543660184,true,
153,86da8ef2e440f17b4937de1f23e7203ca4a66813df16dea61fe1b93bea508528,2022-03-22T06:00:00,2,VOL_COMPRESSION,TREND_UP,VOL_COMPRESSION -> TREND_UP,0.033582940835812772,0.011493066559924957,0.086319011679233407,0.034697888520104692,0.088466561160484847,1.4186150244428029,true,[],-0.00029152077031644662,true,,0.043335671843323556,true,,0.11859904160999314,true,
154,396382a5d5dba552bf50a48028822b2ae3eacc2ff7739ed0fbb9a7851475ddf4,2022-04-06T18:00:00,2,VOL_COMPRESSION,TREND_DOWN,VOL_COMPRESSION -> TREND_DOWN,-0.046063627649208058,-0.061307725093598046,-0.072917628632269652,0.024329148427864385,0.064945282405051055,-2.9895179846870343,true,[],-0.002904745245425592,true,,-0.031141715021944551,true,,-0.057664200109968276,true,
155,0f77123185dd23da358a6444bb428f962e175efca4c2c19f33965fd74116a093,2022-04-21T22:00:00,2,VOL_COMPRESSION,RANGE,VOL_COMPRESSION -> RANGE,-0.026101957327328715,-0.012554661006943987,0.01406940136326368,0.028330790024952621,0.059797309857930123,-0.33829696827740446,true,[],-0.017461970657144631,true,,-0.021348752700123208,true,,-0.015631916591856004,true,
156,849a151332cec4c431d8801ebec871f0766ca439cac063fa87cbb96ded2c81b8,2022-05-05T15:00:00,2,VOL_COMPRESSION,RANGE,VOL_COMPRESSION -> RANGE,-0.054239063720235993,-0.047239302498021822,-0.066745673555724666,0.046764093192567094,0.072112157500430735,-2.8556460394599941,true,[],-0.02529519893203707,true,,-0.071774572892990177,true,,-0.24473559108544043,true,
157,867652f79aa203e4b7552b402b292c2f4a8b2b46a521e4c40d89b9a831d9acce,2022-05-13T03:00:00,2,TREND_DOWN,RANGE,TREND_DOWN -> RANGE,0.076695985540772393,-0.0046988615111251087,-0.17820084915458501,0.10660366553688901,0.19540828646740233,-0.75549161634052286,true,[],-0.032758419487327724,true,,-0.0070468549796292692,true,,-0.011871048750403533,true,
158,c2a29ca2f67604f519b4658bb1eea39bdbe27eb5f029c4d8e5a5f715f987f853,2022-05-20T14:00:00,2,VOL_COMPRESSION,TREND_UP,VOL_COMPRESSION -> TREND_UP,-0.013180419319380443,-0.019441005370139382,-0.040339890723945143,0.041608804901237056,0.10350319872635635,-0.74806917808652862,true,[],-0.0030320396948628103,true,,0.025956480004089302,true,,-0.0238995294175946,true,
159,bf0ecf2b9bac73b106124ad5fe7cb3f19f8511dc3564d6fb7c42f785ec6986ab,2022-05-27T14:00:00,2,VOL_COMPRESSION,TREND_DOWN,VOL_COMPRESSION -> TREND_DOWN,-0.016338731311074075,-0.0097075406673933669,-0.0238995294175946,0.03049936696927744,0.074251823008304699,-1.7932701302017631,true,[],0.0061452162130127691,true,,0.057120216907864639,true,,0.023547012073351047,true,
160,576bf8924ceabb351fe128f780da0e55bdba2547b04ef79c2291cfb346929a23,2022-06-07T00:00:00,2,VOL_COMPRESSION,TREND_UP,VOL_COMPRESSION -> TREND_UP,-0.0033572887410625429,0.016157773977419004,-0.044878989594674269,0.044871443218471807,0.072772232599845721,-0.36883110698219473,true,[],0.028623984926042057,true,,-0.014811870827010892,true,,-0.32830310002710844,true,
161,a129f1077a92deec9f1df1eb391b916de674dd98902bc66ecd2d0d7347a5d81b,2022-06-14T01:00:00,2,TREND_DOWN,VOL_EXPANSION,TREND_DOWN -> VOL_EXPANSION,-0.21176946107174077,-0.33690721768987103,-0.34989853510337487,0.086647960684182707,0.12457440246231662,-3.3540891278551093,true,[],0.061097204325694238,true,,0.00066514827195830707,true,,-0.0087436055641209581,true,
162,3978666353271d7ad623218a1e8ec816cd786bfcc348f23e7a7812aa471f25f7,2022-06-22T02:00:00,3,TREND_UP,RANGE,TREND_UP -> RANGE,0.0015116339438197867,0.10773641489616426,-0.071817041242475732,0.044492363910208263,0.1766312152932821,0.0020342128787339104,true,[],-0.0049988580363517741,true,,0.034605173130207188,true,,-0.005944652481911456,true,
163,8a5c996caa082e69c9ed5e0896815b192d780f7826088ac0fe2c0305c41227d5,2022-06-30T09:00:00,3,VOL_COMPRESSION,TREND_DOWN,VOL_COMPRESSION -> TREND_DOWN,-0.0462983046856058,-0.11410938113631905,-0.080473266657903386,0.03476905915553416,0.080798593086861242,-3.2328890888437605,true,[],0.013588747853337933,true,,-0.0061321272108130235,true,,0.071366814501345341,true,
164,32e2c972d4b6d2cdbbb5f781adb9497a5f88f9329fc1c07149b808c79b02740c,2022-07-07T18:00:00,3,VOL_COMPRESSION,TREND_UP,VOL_COMPRESSION -> TREND_UP,0.048089935383987613,0.070744235344124509,0.12009781042496155,0.035767464901708991,0.10488224094146339,2.9974342943396177,true,[],0.01674904410442541,true,,-0.025154904973569255,true,,-0.03221947851187372,true,
165,1d51030e4c8655690581509de3dfbc80fb475fa34ff835299f16d9ed152c223b,2022-07-15T05:00:00,3,TREND_UP,VOL_COMPRESSION,TREND_UP -> VOL_COMPRESSION,0.027526853218277057,0.035564555466358248,-0.055646410223660167,0.045138818720340028,0.093345405907166557,0.088791441240308758,true,[],-0.0032019998742109017,true,,0.056599865173741104,true,,0.11419709064323186,true,
166,fea2f34e6274c5ff56f553642b075781695ecf636aa21a1d274d0b6e4349e1ae,2022-07-22T16:00:00,3,VOL_COMPRESSION,TREND_UP,VOL_COMPRESSION -> TREND_UP,0.0033959789220691862,-0.0051798217557294073,0.10807413924301087,0.033358951254297844,0.11120633746602651,0.85396725012868502,true,[],-0.040913924426470308,true,,-0.051579073247894305,true,,0.031518032883947646,true,
167,38e182c27011395c2e133c3c09d5386f0f6c2dd34d7ed22c7f6c21505ec63898,2022-07-29T20:00:00,3,TREND_UP,VOL_COMPRESSION,TREND_UP -> VOL_COMPRESSION,-0.003307208659046284,0.13232245297673623,0.057931659923979799,0.027258054256350101,0.090291260211123867,1.6258302309226902,true,[],0.00082084114740143134,true,,-0.034988461641465747,true,,-0.041192765821619577,true,
168,f1be94c8933ded58f282ba494ca9ee89c49a04390e6cacd5ef892a263f1f0a92,2022-08-15T06:00:00,3,VOL_COMPRESSION,TREND_UP,VOL_COMPRESSION -> TREND_UP,-0.022109073327401484,0.0076501969489105566,0.017097753627070382,0.0366196397045669,0.076542259528144807,0.14607448452721106,true,[],-0.006047301720848686,true,,-0.033381997790461276,true,,-0.12284981051070815,true,
169,44b26d9bc665aede811f5cbec06168dbea710dcfb60a40560fde319d0a3585af,2022-08-26T14:00:00,3,VOL_COMPRESSION,TREND_DOWN,VOL_COMPRESSION -> TREND_DOWN,-0.023381506123468589,-0.014471439093377329,-0.0081504378699421131,0.038964996636817642,0.066633764860999312,-1.1573198192718093,true,[],-0.052848240990977548,true,,-0.0479218545339163,true,,-0.038004313489175962,true,
170,86bad2d3d2d0939ed50ddb1d15c582ebf72caa6af3e5515676db1ed653fee664,2022-09-06T17:00:00,3,VOL_COMPRESSION,TREND_DOWN,VOL_COMPRESSION -> TREND_DOWN,-0.037153866945651558,-0.036834522139593193,-0.030326070783039893,0.042126117176856721,0.066104469578200389,-4.3578253393110833,true,[],-0.0050925337411568145,true,,0.10686342144468031,true,,0.083511241818854706,true,
171,1cc1491bd06424384c9552141aa92d72e6ecf29df96789a26d0e568f0adef3e0,2022-09-14T04:00:00,3,TREND_DOWN,VOL_COMPRESSION,TREND_DOWN -> VOL_COMPRESSION,-0.08893065487516115,-0.055819499794898551,0.085383952946554348,0.061902287301684823,0.095104086495229515,-0.38386665759653987,true,[],-0.017571943145455619,true,,-0.022519458545010407,true,,-0.070435097579283734,true,
172,5acdee2c2338575c6fca64d7c8132930f80902481a3eb7978293074e43cdcdfb,2022-09-21T17:00:00,3,VOL_COMPRESSION,RANGE,VOL_COMPRESSION -> RANGE,0.055214214064087115,0.010045807219953896,-0.013683327127391013,0.036769894977357061,0.087994065088126086,0.55778166902425541,true,[],-0.039160943565528496,true,,-0.038188026846143482,true,,-0.024666691152599694,true,
173,8350b04d3aedc49af6a69bea6aff27fed56f0088e301d0644b41b8bb5d392078,2022-09-28T17:00:00,3,VOL_COMPRESSION,RANGE,VOL_COMPRESSION -> RANGE,0.020211399868041689,0.017759069571767504,-0.024666691152599694,0.037375287939610174,0.097516595573790277,0.60224561079166983,true,[],-0.0041230849315703937,true,,-0.0034921255618542714,true,,0.0417324978341925,true,
174,4f31818c8ac2fa69910cb380f8bf90c6737403ffc2e81a0a63b747539d2d5f36,2022-10-13T12:00:00,3,VOL_COMPRESSION,TREND_DOWN,VOL_COMPRESSION -> TREND_DOWN,-0.036861285564195607,-0.055020143226700069,-0.094087593663710667,0.026736487427928127,0.047965833546859703,-3.1066760881884865,true,[],0.074671187385948051,true,,0.040071645216522817,true,,0.040038719784001309,true,
175,586efdd23a12b9ddcb1c798b7f9099ffa6b4f920820797344477e6fcc6a81992,2022-11-08T04:00:00,3,VOL_COMPRESSION,TREND_DOWN,VOL_COMPRESSION -> TREND_DOWN,-0.061832126425447033,-0.084225721933462672,-0.042474436982423473,0.038159193315316975,0.061229392272641958,-2.6494736798534504,true,[],-0.073874776991869937,true,,-0.14366743483772798,true,,-0.15936180944267414,true,
176,d3b613f028e6beefbf15b6b631cc17e57df8e917daa41884a9966a0a4b803eb3,2022-11-15T06:00:00,3,RANGE,VOL_COMPRESSION,RANGE -> VOL_COMPRESSION,0.0072572223761418605,0.00058716045636626572,-0.16787960106625346,0.03557625683567317,0.16694159638347628,-0.43568215366707752,true,[],0.0075188234590074492,true,,0.0029199139997143943,true,,-0.06573844192481311,true,
177,b3ae3abfe467ce45b6ff212cfff58e1f25d6aaeb6a225dfa077c55245f094bac,2022-12-14T20:00:00,3,VOL_COMPRESSION,TREND_UP,VOL_COMPRESSION -> TREND_UP,0.0011792693276661478,0.038072043715186722,0.054700297113447073,0.028364737740390021,0.049792101662100512,1.6289188816451392,true,[],-0.019818296715733971,true,,-0.061545314186761881,true,,-0.057070317655543934,true,
178,d12123acf17fa0a2f00db474f367f262837412394f7963d5a9a7e54f5b5e7d24,2023-01-12T17:00:00,3,VOL_COMPRESSION,TREND_UP,VOL_COMPRESSION -> TREND_UP,0.08047807061913391,0.081936944068176351,0.1140417601497091,0.051584655035214012,0.056056931512153622,3.8948148233575735,true,[],0.022051937253665926,true,,0.10510978036584975,true,,0.10109541252062754,true,
179,ad759380420c1223eade3ecbdcae1ba9e51f5f5e440abfdc24a6337bf80259ca,2023-01-22T00:00:00,3,VOL_COMPRESSION,TREND_UP,VOL_COMPRESSION -> TREND_UP,0.013304242688604098,0.10042683639120044,0.096742738220588487,0.031397689459069449,0.068637199346750666,2.1676590547606214,true,[],-0.0057959538966999569,true,,-0.0098440270339733432,true,,0.010354690204858926,true,
180,6bd1821a523c00e23cab5c8881ecc3e106197dff0ce308a7e4b502f280e180db,2023-02-15T20:00:00,3,VOL_COMPRESSION,TREND_UP,VOL_COMPRESSION -> TREND_UP,0.081362903691801325,0.0947502411341683,0.056144195391178327,0.043302985365202259,0.066580047686515639,4.9717450220889408,true,[],0.017277556291240542,true,,0.018393238574621999,true,,-0.014578717838168428,true,
181,8bbbee3e1cfd194f3b34a2c33ca9c18cbb0a45516fb4fd877e853974035a593c,2023-03-03T01:00:00,3,VOL_COMPRESSION,TREND_DOWN,VOL_COMPRESSION -> TREND_DOWN,-0.0593380155777532,-0.055797323352863609,-0.079902230892612655,0.056359534312946505,0.074614540262442755,-4.5855985747465553,true,[],0.0082537734584840206,true,,0.0099568756929657217,true,,-0.096767539870403874,true,
182,0b7530b669c05d961464b4aa86aa236b148d9639d89147638d648c67f38d03cd,2023-03-10T05:00:00,3,TREND_DOWN,VOL_COMPRESSION,TREND_DOWN -> VOL_COMPRESSION,-0.083692837308633611,-0.11636535303346955,,0.04746608685603395,,,false,"[""MISSING_EXACT_CLOSE_MEAN_WINDOW_168H"",""MISSING_EXACT_CONTROL_WINDOW_168H""]",0.025644273193606897,true,,0.11782299686567047,true,,0.25663022797473478,true,
183,e2b01fbcb6662d4ca225eb1dc3d3dc04ddcf671c5fd11d2a3dd086e86fadbc76,2023-03-17T10:00:00,3,VOL_COMPRESSION,TREND_UP,VOL_COMPRESSION -> TREND_UP,0.068026282706279612,0.080736704121833522,0.31096170921924565,0.044254627363266533,0.12242588361754897,1.7500066533627736,true,[],0.027956852186963709,true,,0.051827406463768322,true,,0.04720424689903182,true,
184,92feb3d2a3750c12cb97bd66b19ea0f93c7eeada0a8f953ba48d6978d1a8210c,2023-03-24T14:00:00,3,VOL_COMPRESSION,RANGE,VOL_COMPRESSION -> RANGE,-0.0030613744584258589,0.0024214604776416652,0.062401790398587433,0.038561743745385041,0.10167296697535937,0.49699058437907534,true,[],-0.016930960804798865,true,,-0.037960560495364053,true,,0.01722820036445925,true,
185,77564f665c6432fcbe7610e666565507ff1240827225f03d8da1b25bf84e5478,2023-04-26T19:00:00,3,VOL_COMPRESSION,TREND_UP,VOL_COMPRESSION -> TREND_UP,0.010186139344172701,0.015193532719759055,-0.047013237702532733,0.076368107822338382,0.090354363567556231,-0.069538517537201097,true,[],0.062503627433474651,true,,0.04774148294753091,true,,0.015498566542149463,true,
186,4f679985481c716ee66448d0bd230ea73615dc819d16f298983e0a3d7a6d0a87,2023-05-10T17:00:00,3,VOL_COMPRESSION,RANGE,VOL_COMPRESSION -> RANGE,-0.0038467444810457371,-0.050385797760693185,-0.037866336874251172,0.032032664280852489,0.060411296356024373,-1.5278150133598642,true,[],-0.021827528396334197,true,,-0.025667873209564394,true,,-0.015793597612684562,true,
187,35518fe45ace771010c9d42d92f6b0ba0bff6deb4ef894bd9e3e2e1aa55e8559,2023-06-21T16:00:00,3,VOL_COMPRESSION,TREND_UP,VOL_COMPRESSION -> TREND_UP,0.095745993259910914,0.12466774658202019,0.14966317061367312,0.034312728189940557,0.065556713192596705,3.2764596027565602,true,[],-0.0055816808693292391,true,,0.012520542920522132,true,,0.0036364735860378158,true,
188,f8e2da177a9b1304db67819879c470f072d19ed740f156389a9ff1fdcd8a1567,2023-06-30T13:00:00,3,VOL_COMPRESSION,TREND_UP,VOL_COMPRESSION -> TREND_UP,-0.014321620463049285,-0.015997011813551822,0.0015003130818642713,0.032576516821921142,0.061895295498359072,-1.5918517655304993,true,[],0.01434583146256556,true,,0.017715578001041662,true,,0.0084380151907059702,true,
189,9c8978367888ff5f3beb9b6296dbeb4d210bfb1db0f9f95e6e16075cbc789f97,2023-08-17T21:00:00,3,VOL_COMPRESSION,TREND_DOWN,VOL_COMPRESSION -> TREND_DOWN,-0.085821299816725621,-0.1020798784504644,-0.10421426387032491,0.046340460265112932,0.049692995935859054,-6.3410793931309204,true,[],-0.018003328087017972,true,,-0.013007619909706234,true,,-0.016660620665286261,true,
190,d27ba203863bd902889677083afa7e6daa13a81876b3c6ffe27e63786afe7f96,2023-08-29T16:00:00,3,VOL_COMPRESSION,TREND_UP,VOL_COMPRESSION -> TREND_UP,0.069295491879835081,0.07315603496832368,0.073921938798179182,0.060196518649444933,0.06958688752533547,7.158629052598056,true,[],-0.030925034680950501,true,,-0.083430091332635792,true,,-0.084574138027025,true,
191,161944fd7015972b43697082182660b5062c2595328b70b15858f8a3c06c3ffc,2023-10-16T13:00:00,3,VOL_COMPRESSION,TREND_UP,VOL_COMPRESSION -> TREND_UP,0.042065870988755978,0.04243635354931577,0.017923505556648237,0.026931723302397761,0.040160107360604179,2.7017593563799474,true,[],0.01032454956283075,true,,0.017045906486118943,true,,0.08879689154819477,true,
192,da6c09acb7df2f13a03abe773ba830feb4719f49657569ad777fa56ba6b37ce4,2023-10-23T22:00:00,3,VOL_COMPRESSION,TREND_UP,VOL_COMPRESSION -> TREND_UP,0.10348697024326517,0.11573933618871829,0.15548599392279064,0.057872504971100421,0.073076075932034676,4.280339172635907,true,[],0.024578217316098879,true,,0.027101286209862005,true,,0.034428989313324013,true,
193,28d81150e07f2534ba2cf546477f9e2c9ea958d2dda10826edcd979233c13f5a,2023-11-09T16:00:00,3,VOL_COMPRESSION,TREND_UP,VOL_COMPRESSION -> TREND_UP,0.02644189907969044,0.038539085449797013,0.048000985754963255,0.042045550949853343,0.058947727636330258,1.9709662725606332,true,[],0.028256925727196739,true,,0.021065431104634658,true,,0.0058239704756134526,true,
194,c3b9d123b078343e3a0e81c6cda82a30c94d0482dc3bf4ca1e3be6051d00d7e3,2023-11-21T17:00:00,3,VOL_COMPRESSION,RANGE,VOL_COMPRESSION -> RANGE,-0.018449947365578739,0.0075612815152340885,0.022814050653873902,0.021092746959808169,0.060199989044043861,0.35791939517647836,true,[],-0.0089925827920130843,true,,0.025634870897794482,true,,0.036563040416598171,true,
195,b980b5a941283e4ea71924bbed6a7eee69a64ffb52d7b1b8c95ba9ef118a9bba,2023-12-05T22:00:00,3,VOL_COMPRESSION,TREND_UP,VOL_COMPRESSION -> TREND_UP,0.054610476370896353,0.11815811614627256,0.1566254079748958,0.026228107015020583,0.053620447869751148,2.8574310386128299,true,[],-0.012071996453738075,true,,-0.00059306030894845435,true,,-0.07215056311251411,true,
196,e39ec130e428fe7fec7183defe2ee68ccc40d09c4adc3e98d1600c61d733c046,2024-01-03T12:00:00,3,VOL_COMPRESSION,RANGE,VOL_COMPRESSION -> RANGE,-0.057283361948694725,0.0093298311705064113,-0.0023380276371752972,0.044376344514000264,0.067843551096614108,-0.28888888503617061,true,[],0.014273878185557002,true,,0.019202466497744593,true,,0.042808123188664386,true,
197,a5df25ca631e5facb5ecf78888481e244f7bcf4dabddbcfd2072495dbb8581e6,2024-01-10T12:00:00,3,VOL_COMPRESSION,RANGE,VOL_COMPRESSION -> RANGE,-0.033148138007582539,0.012756534895645008,0.042808123188664386,0.044902069255157176,0.081529068759808213,0.18765674067622268,true,[],0.060439411049008046,true,,-0.046055236277371341,true,,-0.044483233978457423,true,
198,75c33f9d26d1f787cccd3279463dea1761fb30d4f07b2597dc8cf74254ed5245,2024-01-19T18:00:00,3,VOL_COMPRESSION,TREND_DOWN,VOL_COMPRESSION -> TREND_DOWN,0.0074709372744918637,-0.029793702373265191,-0.038861616991954458,0.036041465917870781,0.065477316062820617,-1.1926706996198972,true,[],-0.0043376124258558265,true,,-0.036556187003516268,true,,0.0080157600113860156,true,
199,5a13f694e7b80eb038880094758b594773697bdc00cf7719f6e377b3c12fbf64,2024-02-27T02:00:00,3,VOL_COMPRESSION,TREND_UP,VOL_COMPRESSION -> TREND_UP,0.091041920051790126,0.10364887178831558,0.085430519077894673,0.041315115047824383,0.062063634577884441,5.2602747716322948,true,[],0.011170180469683332,true,,0.079476391927929851,true,,0.1919333486304203,true,
200,dac37281ac78cc18022cda56873fe3b85cb2f61c7f2c7e6f937f15b8828e97cd,2024-03-05T19:00:00,3,TREND_UP,VOL_EXPANSION,TREND_UP -> VOL_EXPANSION,-0.0940368579022198,-0.011366816298180876,0.069095777443895862,0.069449074985614048,0.10721830818029705,-0.43913294703876621,true,[],0.08365896909129944,true,,0.1162443820634451,true,,0.15008223084123318,true,
201,9ec31e5dc6148096391c6528ed1aa80d148a5b4d1ba613fcb6dde1a34e5224ff,2024-03-12T23:00:00,3,TREND_UP,VOL_COMPRESSION,TREND_UP -> VOL_COMPRESSION,-0.0088455715181760489,0.042819017832736832,0.11359533368488346,0.027369058802201876,0.079637754427703197,1.2750917353372448,true,[],0.022946845606431253,true,,-0.027935009189185969,true,,-0.14373928269829428,true,
202,66873cf9f575a8a796e9b40eeccdd14a3f5eb918d2f25d6d85145ec2c5018804,2024-03-20T20:00:00,3,TREND_DOWN,RANGE,TREND_DOWN -> RANGE,0.051245084230798897,-0.017355364627728548,-0.086713310911462824,0.059198007649304725,0.12043649104121802,-0.14077976788875826,true,[],-0.024388503079511289,true,,-0.031433202671791088,true,,0.026040557647265997,true,
203,b3b772aa40001c215578722affafc0eff73b27cae22569eb2a36d599776051c9,2024-04-02T02:00:00,3,VOL_COMPRESSION,TREND_DOWN,VOL_COMPRESSION -> TREND_DOWN,-0.055511317230193445,-0.042770839262848262,-0.050575334436868777,0.045814338036785369,0.066123964364403542,-4.598114829639484,true,[],-0.017191085259325393,true,,0.0084824983982892364,true,,0.063730132645571688,true,
204,830fc124564b9c2293c72b936347f5d91cff50a5fd59f36d5b1168351b33ef8a,2024-04-12T18:00:00,3,VOL_COMPRESSION,TREND_DOWN,VOL_COMPRESSION -> TREND_DOWN,-0.052871681879434106,-0.034880409646609267,-0.017202555859153854,0.033167668480080001,0.063587395402948499,-2.615197371172711,true,[],0.010383739045378187,true,,-0.050678630953082275,true,,-0.034695325964470787,true,
205,c56d938c28df4b4f796af8eb170c66f55f7c78825de94e6859f7a31c870ae67f,2024-04-19T21:00:00,3,TREND_UP,VOL_COMPRESSION,TREND_UP -> VOL_COMPRESSION,0.014559982258362174,0.0059429911283244673,-0.038910685363915211,0.055424522999272925,0.12024899303860631,0.25889008241800482,true,[],0.0049579072011049176,true,,0.032399088575286103,true,,-0.0062668632044973471,true,
206,88810b3c17f770d89bbb7135bcebffa8c928680380b0a3ac305d60ab888068f4,2024-04-30T19:00:00,3,VOL_COMPRESSION,TREND_DOWN,VOL_COMPRESSION -> TREND_DOWN,-0.063276624258067668,-0.068908262904815554,-0.11794907329045787,0.041287355474942042,0.064958286456687192,-3.4077954425574637,true,[],-0.038364660452506964,true,,0.049142252374160471,true,,0.06482057558749646,true,
207,9b8ca689f5ca5f0b1c7d0f7d898fc40db4ef49443ebdbd4725abc261fece64f2,2024-05-10T17:00:00,3,VOL_COMPRESSION,TREND_DOWN,VOL_COMPRESSION -> TREND_DOWN,-0.025546501865972945,-0.048824278184586782,-0.023775923444494699,0.037597927210175706,0.069037633656107447,-2.8323517440408712,true,[],0.011727241819524959,true,,0.039410706886289351,true,,0.10031923558682651,true,
208,6f348d35079a605ae87f155895061a635da4001046b8175c578797fe72ab6aa8,2024-05-20T23:00:00,3,VOL_COMPRESSION,TREND_UP,VOL_COMPRESSION -> TREND_UP,0.075137482385221901,0.063364455140375892,0.12668767037510439,0.039337481468414454,0.061319563761955513,2.7263426513319895,true,[],-0.018214593757856761,true,,-0.050116741896030374,true,,-0.029312282651183599,true,
209,029e14f86205a65293f12106497c0e8cc84a06d041b927cea2fdbfadcdafc854,2024-06-24T19:00:00,3,VOL_COMPRESSION,TREND_DOWN,VOL_COMPRESSION -> TREND_DOWN,-0.078572395269586981,-0.079784627253438184,-0.11746026424508332,0.036383341329255144,0.052579390351390247,-4.1138168247604865,true,[],0.044384471316150045,true,,0.034678801591032586,true,,0.063616497260473193,true,
210,51e091094c5410f3119b97cdd6d2ecd8831e438e96888b8b5bda1b775d86e526,2024-07-04T02:00:00,3,VOL_COMPRESSION,TREND_DOWN,VOL_COMPRESSION -> TREND_DOWN,-0.038955662909002299,-0.072617657800316301,-0.03434923140669216,0.038900612357716503,0.058207838199467149,-2.5686033638719219,true,[],-0.054675150623317938,true,,-0.0096099658228641447,true,,-0.018137022684272114,true,
211,077fc86e947bf5ac64651cfb00e129e9e2da0bec8e2f8f8e9f3ff883393c8730,2024-07-16T16:00:00,3,VOL_COMPRESSION,TREND_UP,VOL_COMPRESSION -> TREND_UP,0.016666383203141712,0.095987698209535885,0.11207686734439609,0.033354400879495281,0.070469509896134791,2.0949359011582738,true,[],-0.0043998797901393574,true,,0.029275017397287006,true,,0.020504607718730316,true,
212,22c9271cc86f78ca2b6c492ea89f1e9c524f3023c5c9f1328306b00ab0521f13,2024-08-02T14:00:00,3,VOL_COMPRESSION,TREND_DOWN,VOL_COMPRESSION -> TREND_DOWN,-0.012789054176651398,-0.041602332279929329,-0.064969155747556448,0.046677438786514848,0.075250992558137178,-2.1062895762511551,true,[],-0.018244965475203545,true,,-0.15402490209240868,true,,-0.044415520191000063,true,
213,f7a4c79f5d5f48a865751e5c25a9171f9f338a8a66dd4ded8e624df4640b481d,2024-08-09T14:00:00,3,VOL_COMPRESSION,TREND_UP,VOL_COMPRESSION -> TREND_UP,0.023294759842038833,0.07244327161788254,-0.044415520191000063,0.039918526191542895,0.13969291882480289,0.75653234885805642,true,[],0.0040424772529649988,true,,-0.00052883962866039254,true,,-0.039244154496720189,true,
214,eb47f4e16fb45bcb7c2e31f616c84943c27922866221040714faead4df548815,2024-08-27T22:00:00,3,VOL_COMPRESSION,TREND_DOWN,VOL_COMPRESSION -> TREND_DOWN,-0.056478319611192179,-0.070410522725088215,0.002379165669476188,0.031861162139186924,0.059922624915850216,-1.647693395114612,true,[],-0.0053301942148958692,true,,-0.0049946298907628276,true,,-0.028448487715502527,true,
215,a59fb829882cad6c25b879236f7505c9fb1926ba0c5e7167fe9a9a36b1f6ba03,2024-09-06T14:00:00,3,VOL_COMPRESSION,TREND_DOWN,VOL_COMPRESSION -> TREND_DOWN,-0.033281574093657666,-0.052622246559333091,-0.066387527526285767,0.038851744187540185,0.069356751059894375,-2.9942952967150975,true,[],-0.0010109152625155595,true,,0.0025388758825091247,true,,0.066706751100629472,true,
216,356942b63d0ca02d899ef5483390625964846411263f50e64d56c197ee373801,2024-10-01T20:00:00,3,VOL_COMPRESSION,TREND_DOWN,VOL_COMPRESSION -> TREND_DOWN,-0.048172561270364352,-0.077041476984168911,-0.055067423910774092,0.023974561407448868,0.047813978635528435,-3.4479261580692779,true,[],0.0019800496156552948,true,,0.026257382311358893,true,,0.025297207062134838,true,
217,09535c2e03821300137ca1bce5e13ace4c521f72fc5761d9c9499fc0407fda61,2024-10-15T14:00:00,3,VOL_COMPRESSION,TREND_UP,VOL_COMPRESSION -> TREND_UP,-0.0080649118942196282,0.033278898298696923,0.040840990755367616,0.047534756355037289,0.070528159150480982,1.5667245395315141,true,[],0.034573235623264004,true,,0.045820078472104217,true,,0.032432580550330811,true,
218,f38902b88139a0854d303c9c2934c443958c52dd8a4460f6175b1ce539efd27b,2024-11-01T16:00:00,3,VOL_COMPRESSION,TREND_DOWN,VOL_COMPRESSION -> TREND_DOWN,-0.0060957376180743724,-0.039632450685877625,0.033209684231781347,0.036763271924836617,0.058170946620701595,0.14539717933052215,true,[],-0.0050023350594802958,true,,-0.031933262731855129,true,,0.083372636849339529,true,
219,b4430d168990a81dd96242335ae0aedaf33d6cb9c0324a8dbddbbfc4ac68093d,2024-11-10T22:00:00,3,VOL_COMPRESSION,TREND_UP,VOL_COMPRESSION -> TREND_UP,0.052434180151631683,0.060389626930590648,0.15841344382672798,0.034393695624548928,0.077626893936358049,1.7356987388294567,true,[],0.088021105299755403,true,,0.10759891385754426,true,,0.10467521649788498,true,
220,be526b68566863142459e99923025933b31a5e19203972da3d279e7d35725a19,2024-11-18T15:00:00,3,VOL_COMPRESSION,TREND_UP,VOL_COMPRESSION -> TREND_UP,0.023374546516894565,0.043714609426838594,0.092873344455713158,0.038724803309982778,0.099583087214916488,1.6976079441179939,true,[],0.0010883528561756439,true,,0.045634257024785095,true,,0.038604461979973553,true,
221,1d9995a8dd2ef1d2f598d018259a3ad4507a5bdb44b1f024a61b29c201a092e3,2024-11-25T22:00:00,3,VOL_COMPRESSION,TREND_DOWN,VOL_COMPRESSION -> TREND_DOWN,-0.03871235444275907,-0.045202164843964054,0.034056666842098231,0.031210806911647199,0.064096905891640452,-0.73801832321778171,true,[],-0.028103829865086472,true,,0.013578397319549344,true,,0.010678651533748822,true,
222,e13ca2b35f83bb3f0e8d1fb9419bff899c918384079aa7d3a38e2f9772adaaa0,2024-12-05T02:00:00,3,VOL_COMPRESSION,TREND_UP,VOL_COMPRESSION -> TREND_UP,0.055604512558790203,0.036221769031230366,0.056215689028819071,0.042357254142192227,0.068366118649365676,5.0009972831036604,true,[],-0.036985463564342021,true,,-0.010839605994167259,true,,0.0059228251922032807,true,
223,16ab7917b696c033877a4a76e803231c1a1c6b295ac9c1085ddc4c30e4732b60,2024-12-18T20:00:00,3,VOL_COMPRESSION,TREND_DOWN,VOL_COMPRESSION -> TREND_DOWN,-0.058122939682212119,-0.023630349409633999,-0.0069645805609002158,0.033926231162710582,0.066378244514538859,-1.0027742487016984,true,[],-0.045258205296218733,true,,-0.033119255325476979,true,,-0.016433022080787393,true,
224,20a37f7d5335466d8cf35ab2c5c5bd33b0978db85f0e5cea4696fd7ef18a4e81,2024-12-30T21:00:00,3,VOL_COMPRESSION,TREND_DOWN,VOL_COMPRESSION -> TREND_DOWN,-0.013611686479035138,-0.02649123222266301,-0.020447692740624263,0.037225408532325616,0.067010643405992512,-1.9456611910706583,true,[],0.019219564747493024,true,,0.054823980701690221,true,,0.10051902900575332,true,
225,52b47eeafc81ebf326505a57f27a18c8be16ec4b147148afe303672cf5a2ed8e,2025-01-09T17:00:00,3,VOL_COMPRESSION,TREND_DOWN,VOL_COMPRESSION -> TREND_DOWN,-0.014110454999269953,-0.094384811965046236,-0.041996670910422938,0.034251798485783393,0.057422853790326661,-2.1313538347954863,true,[],0.033051966414741438,true,,0.025595803467895938,true,,0.074250572438638654,true,
226,8e34708631d85ed52f81cbf4a2c51acf27e87a513e8ce8d39fdd48937867d7cd,2025-01-19T22:00:00,3,VOL_COMPRESSION,TREND_UP,VOL_COMPRESSION -> TREND_UP,-0.0085451455941992355,0.034331994847283505,0.095391707665529388,0.032492020742342385,0.076979185333041489,0.87856876643818271,true,[],0.0016045189564898705,true,,0.0053735900720795326,true,,0.00975562798105673,true,
227,61df15c80fcf9eb295465b247ad6ebbeebef4b53c7e615955c4eafd6555e5215,2025-01-27T13:00:00,3,VOL_COMPRESSION,TREND_DOWN,VOL_COMPRESSION -> TREND_DOWN,-0.043339259047992247,-0.04499143551414448,-0.070244436977091984,0.035057768477910325,0.086677164946162261,-1.9999214845928817,true,[],0.020499660788820137,true,,0.042292598876774376,true,,-0.059125608683118107,true,
228,97ed0234fff1e0a2103eb39bb70ce26495b1b4d905b7a8be3a6311a08066df89,2025-02-03T18:00:00,3,TREND_DOWN,RANGE,TREND_DOWN -> RANGE,0.030373800975200014,-0.025170113015385642,0.0088125240735750978,0.058519826920291694,0.080246794725960052,-0.56203048729950267,true,[],-0.0054013059489057763,true,,-0.037441224039940699,true,,-0.024549130656612909,true,
229,98c7d7a7ca8e2e5c39590605f633bb8462f978b624eab789a2aeb4e89cb0c692,2025-02-25T07:00:00,3,VOL_COMPRESSION,TREND_DOWN,VOL_COMPRESSION -> TREND_DOWN,-0.071200108996969866,-0.075342731840553429,-0.066391820913211094,0.033808538613882194,0.051891084310746391,-4.2869103176862193,true,[],-0.0074510948447596651,true,,-0.1212860846670354,true,,-0.071548686392879077,true,
230,8ace4c1407b7ed33914030fbaa583e18e4108db55eb0ced17c0d0c3c06c80bf7,2025-03-04T12:00:00,3,TREND_DOWN,VOL_COMPRESSION,TREND_DOWN -> VOL_COMPRESSION,-0.1049860450173332,-0.011989873100146577,-0.065351536744382668,0.075512544306979235,0.12763514263300749,-0.76779560151699111,true,[],0.076274770802444158,true,,0.061581845903646404,true,,-0.030585248434884346,true,
231,856aa9f9a9bc035b33d1b110568ef3f2893b2bc6291f54571f846ddba3be73a1,2025-03-11T13:00:00,3,VOL_COMPRESSION,TREND_DOWN,VOL_COMPRESSION -> TREND_DOWN,-0.0078091136577882331,-0.064917872250833911,-0.022949753208343582,0.04456073515545398,0.11565480796460807,-1.3734194762250835,true,[],0.021992822451498289,true,,0.033055619752827226,true,,0.0057703156246124137,true,
232,8429d627bd6f7089e3ac7c4fbd9ba280f7be9cfd35c7e83c6b274ae867a110b4,2025-04-02T20:00:00,3,VOL_COMPRESSION,TREND_UP,VOL_COMPRESSION -> TREND_UP,0.0046165503736297899,0.036762928202007834,-0.019137225550479336,0.025878315644951189,0.052814879307848707,0.73930020002440899,true,[],-0.039415436136769323,true,,-0.030664382106791004,true,,-0.029070700476387473,true,
233,324f1e3a4f68b5ebcf36aa0710e4ed3e82015a686e71ae246ff9b570e03f570d,2025-04-10T02:00:00,3,TREND_UP,VOL_COMPRESSION,TREND_UP -> VOL_COMPRESSION,0.083203488162917269,0.047164068979781197,-0.019152950644414066,0.062640634625029043,0.10626623442159132,0.47907444615492556,true,[],-0.023643866184954038,true,,0.036918854818911488,true,,0.025059896173594946,true,
234,41ef80f92485beaa4017d34f35994f252dccd37d0cd3d267d88a7b394d6ee741,2025-05-21T19:00:00,3,VOL_COMPRESSION,TREND_UP,VOL_COMPRESSION -> TREND_UP,0.014728583534199275,0.044686007809199915,0.050705683974641383,0.036203367064309343,0.065093030321756298,2.7303422256739518,true,[],0.023345047986528471,true,,0.0028818778858911154,true,,-0.015943109630599091,true,
235,86fa8700efe95f183093f5bb7684ea4603180902d53815291360fe3c68ddfccd,2025-10-10T20:00:00,3,VOL_COMPRESSION,TREND_DOWN,VOL_COMPRESSION -> TREND_DOWN,-0.058233341151216679,-0.065182365344098145,-0.069509923885917049,0.029538265240503347,0.05536567446321982,-5.062617689229068,true,[],-0.035160115646796115,true,,0.013024546996226235,true,,-0.065672634607394517,true,
236,4a190b2767335c706d1a8c662b71dedc8f626a9301923f4aab506ac0d53153bd,2025-10-21T22:00:00,3,VOL_COMPRESSION,TREND_UP,VOL_COMPRESSION -> TREND_UP,-0.015590358253693863,0.018107422730196578,-0.037322273792572927,0.044763086356099206,0.069293787638014595,-0.019148131783731495,true,[],-0.01767404256107552,true,,0.017523073853857585,true,,0.037131375625833886,true,
237,e5999457723858d54a28c2bcb3d3eb80133b9ad8e2adccf29ade1a31cfd97efe,2025-11-04T18:00:00,3,VOL_COMPRESSION,TREND_DOWN,VOL_COMPRESSION -> TREND_DOWN,-0.054194694994241926,-0.085050374419094382,-0.12710612690997433,0.035880992603933251,0.070907598892840595,-3.2399694784747677,true,[],0.02980047337219267,true,,0.012268685194048945,true,,0.020335859232076203,true,
238,ab81bbcc8d00481b728149d338cfc555b6ec45879878ff9f0615a15a82da9a80,2025-11-14T04:00:00,3,VOL_COMPRESSION,TREND_DOWN,VOL_COMPRESSION -> TREND_DOWN,-0.043126947195492225,-0.078049661364398157,-0.041879613764866173,0.035189637839414666,0.062738031312850578,-2.6555796584360589,true,[],-0.017872704689297175,true,,-0.028413550046921282,true,,-0.12901529654441626,true,
239,e5783a2ea31a3d942d352f98f803c9b8b5c2ce7fd0c2b363c9c7ccfe555594b8,2025-11-21T05:00:00,3,TREND_DOWN,VOL_COMPRESSION,TREND_DOWN -> VOL_COMPRESSION,-0.0722564232797068,-0.045663078351275616,-0.12430669901524341,0.043096122139205058,0.081602679856377161,-2.4403014271834156,true,[],-0.021949101947741575,true,,0.015402660805899741,true,,0.062083962199436633,true,
240,15767bd321cdba2244d898df28efa1a699221d9e325dc6622d6cdf28f920fe79,2025-12-05T16:00:00,3,VOL_COMPRESSION,TREND_DOWN,VOL_COMPRESSION -> TREND_DOWN,-0.039930142638704286,-0.021484233852921985,-0.023326990949784746,0.025395036265812191,0.071503128124943499,-0.6945725028857338,true,[],0.010050294205594175,true,,0.012776429827717092,true,,0.013741930903544015,true,
241,11c000ac44648b7d449c79c6be658dbc33398f85d2b70e5e619e1b636baff8b7,2025-12-17T15:00:00,3,VOL_COMPRESSION,RANGE,VOL_COMPRESSION -> RANGE,-0.0086683257822622994,-0.020867080621430219,-0.05441630807358528,0.040320448773511888,0.06732482476583955,-1.1262493057653202,true,[],0.014286666489125167,true,,0.010730515532906671,true,,-0.0025098763864710768,true,
