scenario,asset,regime,entry_year,trades,mean_net_trade_return,median_net_trade_return,win_fraction,geometric_break_even_one_way_bps,top5_positive_pnl_share,terminal_multiple_without_top5
frictionless,BTC,TREND_UP,all,12,0.003686369900727108,0.003207200984983838,0.5833333333333334,16.82734619118491,0.9542221920651176,0.9192053008978103
frictionless,BTC,TREND_UP,2020,3,-0.006638774407660031,-0.009102889088865584,0.3333333333333333,,1.0,0.9354359198158957
frictionless,BTC,TREND_UP,2021,0,,,,,,1.0
frictionless,BTC,TREND_UP,2022,2,0.015694254453099687,0.015694254453099687,1.0,77.4619207933064,1.0,1.0
frictionless,BTC,TREND_UP,2023,4,0.007796043464372099,0.005020209324187785,0.75,38.63543935288973,1.0,0.9987264949351401
frictionless,BTC,TREND_UP,2024,2,-0.011201456276296873,-0.011201456276296873,0.0,,,0.9776213400857652
frictionless,BTC,TREND_UP,2025,1,0.023982991820611366,0.023982991820611366,1.0,118.49403832706334,1.0,1.0
frictionless,BTC,TREND_DOWN,all,15,0.0069822640525238604,0.010512171243355128,0.6666666666666666,33.53238953224173,0.7554737008907492,0.9543023483969281
frictionless,BTC,TREND_DOWN,2020,2,-0.0013229512957995682,-0.0013229512957995682,0.5,,1.0,0.9811318927712244
frictionless,BTC,TREND_DOWN,2021,2,0.015123063604185916,0.015123063604185916,1.0,74.99626479198042,1.0,1.0
frictionless,BTC,TREND_DOWN,2022,2,0.027217288635489556,0.027217288635489556,1.0,134.1682823051115,1.0,1.0
frictionless,BTC,TREND_DOWN,2023,2,0.0005881761410920228,0.0005881761410920228,0.5,2.886360762783982,1.0,0.9959527523958102
frictionless,BTC,TREND_DOWN,2024,4,-0.007038192704935442,-0.015784717252439684,0.25,,1.0,0.9287754412849276
frictionless,BTC,TREND_DOWN,2025,3,0.016558525812554608,0.01854937374986876,1.0,81.72052522943342,1.0,1.0
frictionless,BTC,RANGE,all,3,0.004797195843377455,-0.002246340155651394,0.3333333333333333,18.681791133549993,1.0,0.9499822022747654
frictionless,BTC,RANGE,2020,0,,,,,,1.0
frictionless,BTC,RANGE,2021,0,,,,,,1.0
frictionless,BTC,RANGE,2022,0,,,,,,1.0
frictionless,BTC,RANGE,2023,1,0.06451693779839585,0.06451693779839585,1.0,312.5037950388386,1.0,1.0
frictionless,BTC,RANGE,2024,2,-0.02506267513413174,-0.02506267513413174,0.0,,,0.9499822022747654
frictionless,BTC,RANGE,2025,0,,,,,,1.0
frictionless,BTC,VOL_COMPRESSION,all,5,0.004467855990921676,0.0042814776837669655,0.8,22.242282854097233,1.0,0.9991707291196413
frictionless,BTC,VOL_COMPRESSION,2020,1,-0.0008292708803586679,-0.0008292708803586679,0.0,,,0.9991707291196413
frictionless,BTC,VOL_COMPRESSION,2021,0,,,,,,1.0
frictionless,BTC,VOL_COMPRESSION,2022,1,0.005076065151732978,0.005076065151732978,1.0,25.316072741354326,1.0,1.0
frictionless,BTC,VOL_COMPRESSION,2023,1,0.0042814776837669655,0.0042814776837669655,1.0,21.361658686357885,1.0,1.0
frictionless,BTC,VOL_COMPRESSION,2024,0,,,,,,1.0
frictionless,BTC,VOL_COMPRESSION,2025,2,0.006905503999733553,0.006905503999733553,1.0,34.34079212636981,1.0,1.0
frictionless,BTC,VOL_EXPANSION,all,9,0.010136367698825458,0.02958585708332717,0.7777777777777778,46.22351848325847,0.92096504697469,0.9085511650177227
frictionless,BTC,VOL_EXPANSION,2020,2,-0.005299324207403422,-0.005299324207403422,0.5,,1.0,0.983463287608223
frictionless,BTC,VOL_EXPANSION,2021,2,0.030998516273110344,0.030998516273110344,1.0,151.6241757874466,1.0,1.0
frictionless,BTC,VOL_EXPANSION,2022,3,-0.007448666741416051,0.031020287229357457,0.6666666666666666,,1.0,0.9089676334014924
frictionless,BTC,VOL_EXPANSION,2023,0,,,,,,1.0
frictionless,BTC,VOL_EXPANSION,2024,1,0.02958585708332717,0.02958585708332717,1.0,145.77287765418484,1.0,1.0
frictionless,BTC,VOL_EXPANSION,2025,1,0.03258906829893626,0.03258906829893626,1.0,160.33279331867064,1.0,1.0
frictionless,BTC,HIGH_VOL,all,6,-0.03464750105665213,-0.01571122439584749,0.3333333333333333,,1.0,0.7362701214239832
frictionless,BTC,HIGH_VOL,2020,2,-0.08121591151922758,-0.08121591151922758,0.0,,,0.8404516089108639
frictionless,BTC,HIGH_VOL,2021,2,0.016730283344055796,0.016730283344055796,0.5,81.07871185141653,1.0,0.9888624169907334
frictionless,BTC,HIGH_VOL,2022,2,-0.03945687499478462,-0.03945687499478462,0.5,,1.0,0.8859079368439199
frictionless,BTC,HIGH_VOL,2023,0,,,,,,1.0
frictionless,BTC,HIGH_VOL,2024,0,,,,,,1.0
frictionless,BTC,HIGH_VOL,2025,0,,,,,,1.0
frictionless,BTC,UNKNOWN,all,0,,,,,,1.0
frictionless,BTC,UNKNOWN,2020,0,,,,,,1.0
frictionless,BTC,UNKNOWN,2021,0,,,,,,1.0
frictionless,BTC,UNKNOWN,2022,0,,,,,,1.0
frictionless,BTC,UNKNOWN,2023,0,,,,,,1.0
frictionless,BTC,UNKNOWN,2024,0,,,,,,1.0
frictionless,BTC,UNKNOWN,2025,0,,,,,,1.0
frictionless,ETH,TREND_UP,all,8,0.009694176837744997,0.00594428397936575,0.625,46.34688975327458,1.0,0.9483118849286277
frictionless,ETH,TREND_UP,2020,2,0.03041178167140679,0.03041178167140679,0.5,146.8796007432028,1.0,0.9953129660403086
frictionless,ETH,TREND_UP,2021,0,,,,,,1.0
frictionless,ETH,TREND_UP,2022,1,-0.02404328864975902,-0.02404328864975902,0.0,,,0.975956711350241
frictionless,ETH,TREND_UP,2023,3,-0.003953863150724657,7.756507709966165e-05,0.6666666666666666,,1.0,0.9762498425890945
frictionless,ETH,TREND_UP,2024,0,,,,,,1.0
frictionless,ETH,TREND_UP,2025,2,0.026317364730539694,0.026317364730539694,1.0,129.87748426100256,1.0,1.0
frictionless,ETH,TREND_DOWN,all,14,0.021227818345915566,0.007727368882713526,0.6428571428571429,101.29193942128006,0.9200006236415199,0.9646536602290292
frictionless,ETH,TREND_DOWN,2020,1,0.023921264865357283,0.023921264865357283,1.0,118.19266530088501,1.0,1.0
frictionless,ETH,TREND_DOWN,2021,2,0.033332658619221245,0.033332658619221245,0.5,159.41845977211534,1.0,0.9894443067700406
frictionless,ETH,TREND_DOWN,2022,3,0.018690369200887735,0.009318717066806759,1.0,91.98213858262068,1.0,1.0
frictionless,ETH,TREND_DOWN,2023,2,0.0038578870756366124,0.0038578870756366124,0.5,19.145920960373957,1.0,0.9973096566155097
frictionless,ETH,TREND_DOWN,2024,4,0.020802476920717294,-0.004952537333626328,0.5,95.50068988847637,1.0,0.9603438024043098
frictionless,ETH,TREND_DOWN,2025,2,0.029803042651106282,0.029803042651106282,0.5,142.39691923081963,1.0,0.9864663352393858
frictionless,ETH,RANGE,all,1,0.11701266500519458,0.11701266500519458,1.0,552.7253895994414,1.0,1.0
frictionless,ETH,RANGE,2020,0,,,,,,1.0
frictionless,ETH,RANGE,2021,0,,,,,,1.0
frictionless,ETH,RANGE,2022,0,,,,,,1.0
frictionless,ETH,RANGE,2023,0,,,,,,1.0
frictionless,ETH,RANGE,2024,0,,,,,,1.0
frictionless,ETH,RANGE,2025,1,0.11701266500519458,0.11701266500519458,1.0,552.7253895994414,1.0,1.0
frictionless,ETH,VOL_COMPRESSION,all,3,0.00423436278743002,0.0047129523236020265,0.6666666666666666,21.05115946738846,1.0,0.9972314177200101
frictionless,ETH,VOL_COMPRESSION,2020,0,,,,,,1.0
frictionless,ETH,VOL_COMPRESSION,2021,0,,,,,,1.0
frictionless,ETH,VOL_COMPRESSION,2022,0,,,,,,1.0
frictionless,ETH,VOL_COMPRESSION,2023,3,0.00423436278743002,0.0047129523236020265,0.6666666666666666,21.05115946738846,1.0,0.9972314177200101
frictionless,ETH,VOL_COMPRESSION,2024,0,,,,,,1.0
frictionless,ETH,VOL_COMPRESSION,2025,0,,,,,,1.0
frictionless,ETH,VOL_EXPANSION,all,19,-0.00542195532212669,0.007117508356026425,0.5263157894736842,,0.7350609989501221,0.7042549972522953
frictionless,ETH,VOL_EXPANSION,2020,2,0.049614905286527566,0.049614905286527566,1.0,240.34832511825385,1.0,1.0
frictionless,ETH,VOL_EXPANSION,2021,4,-0.015076088298813434,-0.03500331177812199,0.25,,1.0,0.8912561845355683
frictionless,ETH,VOL_EXPANSION,2022,5,-0.028377359723540895,-0.0030160191035271122,0.4,,1.0,0.8175235485254289
frictionless,ETH,VOL_EXPANSION,2023,0,,,,,,1.0
frictionless,ETH,VOL_EXPANSION,2024,3,-0.014846982787231178,0.015695790227293838,0.6666666666666666,,1.0,0.918327727767336
frictionless,ETH,VOL_EXPANSION,2025,5,0.008897027696237902,0.007117508356026425,0.6,42.746978165407974,1.0,0.9716672040523654
frictionless,ETH,HIGH_VOL,all,20,0.02081315741878419,0.024460025463988067,0.7,96.19087902232879,0.5803038657456611,1.0193147198365298
frictionless,ETH,HIGH_VOL,2020,4,-0.003741141475096993,-0.0013176829197333872,0.5,,1.0,0.9688514081618201
frictionless,ETH,HIGH_VOL,2021,8,0.03410487907718136,0.029840467987349628,0.75,163.63580044705293,0.9652667361983952,0.9792604778465761
frictionless,ETH,HIGH_VOL,2022,4,-0.014873295509732376,0.002318271948378914,0.5,,1.0,0.82985711142776
frictionless,ETH,HIGH_VOL,2023,0,,,,,,1.0
frictionless,ETH,HIGH_VOL,2024,2,0.06771548976359887,0.06771548976359887,1.0,327.31011278122696,1.0,1.0
frictionless,ETH,HIGH_VOL,2025,2,0.04122544208517631,0.04122544208517631,1.0,201.8350352579711,1.0,1.0
frictionless,ETH,UNKNOWN,all,0,,,,,,1.0
frictionless,ETH,UNKNOWN,2020,0,,,,,,1.0
frictionless,ETH,UNKNOWN,2021,0,,,,,,1.0
frictionless,ETH,UNKNOWN,2022,0,,,,,,1.0
frictionless,ETH,UNKNOWN,2023,0,,,,,,1.0
frictionless,ETH,UNKNOWN,2024,0,,,,,,1.0
frictionless,ETH,UNKNOWN,2025,0,,,,,,1.0
base,BTC,TREND_UP,all,12,-0.002317736000972163,-0.0027940385024637915,0.4166666666666667,16.82734619118491,1.0,0.8813980741161839
base,BTC,TREND_UP,2020,3,-0.012581114740216393,-0.0150304889547348,0.3333333333333333,,1.0,0.9242777382908887
base,BTC,TREND_UP,2021,0,,,,,,1.0
base,BTC,TREND_UP,2022,2,0.009618316739521793,0.009618316739521793,0.5,77.4619207933064,1.0,0.9968736837609723
base,BTC,TREND_UP,2023,4,0.0017673532741564468,-0.0009918756767546277,0.5,38.63543935288973,1.0,0.9903081412027338
base,BTC,TREND_UP,2024,2,-0.01711650240026713,-0.01711650240026713,0.0,,,0.9659599572541712
base,BTC,TREND_UP,2025,1,0.01785747043384811,0.01785747043384811,1.0,118.49403832706334,1.0,1.0
base,BTC,TREND_DOWN,all,15,0.0009584419345625373,0.004467233030533313,0.5333333333333333,33.53238953224173,0.811740993304996,0.8987279442644676
base,BTC,TREND_DOWN,2020,2,-0.007297091168407099,-0.007297091168407099,0.5,,1.0,0.9752627089660125
base,BTC,TREND_DOWN,2021,2,0.009050542785018156,0.009050542785018156,1.0,74.99626479198042,1.0,1.0
base,BTC,TREND_DOWN,2022,2,0.021072419511049878,0.021072419511049878,1.0,134.1682823051115,1.0,1.0
base,BTC,TREND_DOWN,2023,2,-0.005397396198735027,-0.005397396198735027,0.0,2.886360762783982,,0.9892131086406564
base,BTC,TREND_DOWN,2024,4,-0.012978143695733468,-0.021672346062494963,0.25,,1.0,0.9122069969819956
base,BTC,TREND_DOWN,2025,3,0.010477417981173373,0.012456356558942394,0.6666666666666666,81.72052522943342,1.0,0.9940961096966499
base,BTC,RANGE,all,3,-0.0012135550789158882,-0.008214956266385354,0.3333333333333333,18.681791133549993,1.0,0.9386505079983748
base,BTC,RANGE,2020,0,,,,,,1.0
base,BTC,RANGE,2021,0,,,,,,1.0
base,BTC,RANGE,2022,0,,,,,,1.0
base,BTC,RANGE,2023,1,0.058148940164507446,0.058148940164507446,1.0,312.5037950388386,1.0,1.0
base,BTC,RANGE,2024,2,-0.030894802700627555,-0.030894802700627555,0.0,,,0.9386505079983748
base,BTC,RANGE,2025,0,,,,,,1.0
base,BTC,VOL_COMPRESSION,all,5,-0.0015409248026432066,-0.0017261881847302485,0.2,22.242282854097233,1.0,0.9862569173503775
base,BTC,VOL_COMPRESSION,2020,1,-0.006806363975790264,-0.006806363975790264,0.0,,,0.9931936360242097
base,BTC,VOL_COMPRESSION,2021,0,,,,,,1.0
base,BTC,VOL_COMPRESSION,2022,1,-0.0009363539817770494,-0.0009363539817770494,0.0,25.316072741354326,,0.999063646018223
base,BTC,VOL_COMPRESSION,2023,1,-0.0017261881847302485,-0.0017261881847302485,0.0,21.361658686357885,,0.9982738118152698
base,BTC,VOL_COMPRESSION,2024,0,,,,,,1.0
base,BTC,VOL_COMPRESSION,2025,2,0.0008821410645407646,0.0008821410645407646,0.5,34.34079212636981,1.0,0.9956651350263965
base,BTC,VOL_EXPANSION,all,9,0.004093677563039861,0.023426819054912285,0.6666666666666666,46.22351848325847,0.9708482985599952,0.8870054551259631
base,BTC,VOL_EXPANSION,2020,2,-0.01124967720317166,-0.01124967720317166,0.0,,,0.9775024282330155
base,BTC,VOL_EXPANSION,2021,2,0.02483102764136702,0.02483102764136702,1.0,151.6241757874466,1.0,1.0
base,BTC,VOL_EXPANSION,2022,3,-0.013386162254428532,0.024852668362581598,0.6666666666666666,,1.0,0.9035301400810449
base,BTC,VOL_EXPANSION,2023,0,,,,,,1.0
base,BTC,VOL_EXPANSION,2024,1,0.023426819054912285,0.023426819054912285,1.0,145.77287765418484,1.0,1.0
base,BTC,VOL_EXPANSION,2025,1,0.026412064899341336,0.026412064899341336,1.0,160.33279331867064,1.0,1.0
base,BTC,HIGH_VOL,all,6,-0.04042229167844683,-0.021599292844127482,0.3333333333333333,,1.0,0.7188099463133582
base,BTC,HIGH_VOL,2020,2,-0.08671212740246248,-0.08671212740246248,0.0,,,0.8304264308986092
base,BTC,HIGH_VOL,2021,2,0.010648148049874018,0.010648148049874018,0.5,81.07871185141653,1.0,0.982946988773441
base,BTC,HIGH_VOL,2022,2,-0.04520289568275204,-0.04520289568275204,0.5,,1.0,0.8806083878697788
base,BTC,HIGH_VOL,2023,0,,,,,,1.0
base,BTC,HIGH_VOL,2024,0,,,,,,1.0
base,BTC,HIGH_VOL,2025,0,,,,,,1.0
base,BTC,UNKNOWN,all,0,,,,,,1.0
base,BTC,UNKNOWN,2020,0,,,,,,1.0
base,BTC,UNKNOWN,2021,0,,,,,,1.0
base,BTC,UNKNOWN,2022,0,,,,,,1.0
base,BTC,UNKNOWN,2023,0,,,,,,1.0
base,BTC,UNKNOWN,2024,0,,,,,,1.0
base,BTC,UNKNOWN,2025,0,,,,,,1.0
base,ETH,TREND_UP,all,8,0.003654131911497313,-7.332888591443654e-05,0.5,46.34688975327458,1.0,0.9258950865434732
base,ETH,TREND_UP,2020,2,0.024247802917639505,0.024247802917639505,0.5,146.8796007432028,1.0,0.9893589502913136
base,ETH,TREND_UP,2021,0,,,,,,1.0
base,ETH,TREND_UP,2022,1,-0.029881514241086538,-0.029881514241086538,0.0,,,0.9701184857589135
base,ETH,TREND_UP,2023,3,-0.009912264766971454,-0.0059049527598519225,0.3333333333333333,,1.0,0.9646796390694244
base,ETH,TREND_UP,2024,0,,,,,,1.0
base,ETH,TREND_UP,2025,2,0.020177878999350196,0.020177878999350196,1.0,129.87748426100256,1.0,1.0
base,ETH,TREND_DOWN,all,14,0.015118778555212185,0.001699089507542717,0.5714285714285714,101.29193942128006,0.978450434099519,0.9139437012957679
base,ETH,TREND_DOWN,2020,1,0.01779611273256365,0.01779611273256365,1.0,118.19266530088501,1.0,1.0
base,ETH,TREND_DOWN,2021,2,0.027151207022296675,0.027151207022296675,0.5,159.41845977211534,1.0,0.9835253976567602
base,ETH,TREND_DOWN,2022,3,0.012596508567582357,0.003280918161122859,0.6666666666666666,91.98213858262068,1.0,0.9996644899230304
base,ETH,TREND_DOWN,2023,2,-0.0021472448510370667,-0.0021472448510370667,0.5,19.145920960373957,1.0,0.9913436965559953
base,ETH,TREND_DOWN,2024,4,0.014695981545319092,-0.010904964827144092,0.5,95.50068988847637,1.0,0.9488885116177939
base,ETH,TREND_DOWN,2025,2,0.02364270540693214,0.02364270540693214,0.5,142.39691923081963,1.0,0.9805652405121312
base,ETH,RANGE,all,1,0.11033063510486452,0.11033063510486452,1.0,552.7253895994414,1.0,1.0
base,ETH,RANGE,2020,0,,,,,,1.0
base,ETH,RANGE,2021,0,,,,,,1.0
base,ETH,RANGE,2022,0,,,,,,1.0
base,ETH,RANGE,2023,0,,,,,,1.0
base,ETH,RANGE,2024,0,,,,,,1.0
base,ETH,RANGE,2025,1,0.11033063510486452,0.11033063510486452,1.0,552.7253895994414,1.0,1.0
base,ETH,VOL_COMPRESSION,all,3,-0.0017730212372205252,-0.0012972946494204107,0.3333333333333333,21.05115946738846,1.0,0.9899799617082307
base,ETH,VOL_COMPRESSION,2020,0,,,,,,1.0
base,ETH,VOL_COMPRESSION,2021,0,,,,,,1.0
base,ETH,VOL_COMPRESSION,2022,0,,,,,,1.0
base,ETH,VOL_COMPRESSION,2023,3,-0.0017730212372205252,-0.0012972946494204107,0.3333333333333333,21.05115946738846,1.0,0.9899799617082307
base,ETH,VOL_COMPRESSION,2024,0,,,,,,1.0
base,ETH,VOL_COMPRESSION,2025,0,,,,,,1.0
base,ETH,VOL_EXPANSION,all,19,-0.01137157473196445,0.0010928771993603537,0.5263157894736842,,0.8028483100591325,0.6475138935605433
base,ETH,VOL_EXPANSION,2020,2,0.04333605241342764,0.04333605241342764,1.0,240.34832511825385,1.0,1.0
base,ETH,VOL_EXPANSION,2021,4,-0.020967956165420742,-0.0407759739210245,0.25,,1.0,0.8753570470296369
base,ETH,VOL_EXPANSION,2022,5,-0.03418965866836525,-0.008980030953356533,0.4,,1.0,0.8029397290379758
base,ETH,VOL_EXPANSION,2023,0,,,,,,1.0
base,ETH,VOL_EXPANSION,2024,3,-0.020740221175343538,0.009619843326631905,0.6666666666666666,,1.0,0.9128342418584586
base,ETH,VOL_EXPANSION,2025,5,0.0028617513590720066,0.0010928771993603537,0.6,42.746978165407974,1.0,0.96007684407683
base,ETH,HIGH_VOL,all,20,0.014706598152071648,0.018331650436287372,0.65,96.19087902232879,0.6159654050531262,0.9315832585357379
base,ETH,HIGH_VOL,2020,4,-0.00970081560385988,-0.007291854308049794,0.25,,1.0,0.9550776153623086
base,ETH,HIGH_VOL,2021,8,0.027918808015902116,0.023679906862799194,0.75,163.63580044705293,0.9866077829034154,0.9617914299324568
base,ETH,HIGH_VOL,2022,4,-0.020766376493722066,-0.0036776499177131883,0.5,,1.0,0.8199583080004218
base,ETH,HIGH_VOL,2023,0,,,,,,1.0
base,ETH,HIGH_VOL,2024,2,0.06132835821964888,0.06132835821964888,1.0,327.31011278122696,1.0,1.0
base,ETH,HIGH_VOL,2025,2,0.03499677543262303,0.03499677543262303,1.0,201.8350352579711,1.0,1.0
base,ETH,UNKNOWN,all,0,,,,,,1.0
base,ETH,UNKNOWN,2020,0,,,,,,1.0
base,ETH,UNKNOWN,2021,0,,,,,,1.0
base,ETH,UNKNOWN,2022,0,,,,,,1.0
base,ETH,UNKNOWN,2023,0,,,,,,1.0
base,ETH,UNKNOWN,2024,0,,,,,,1.0
base,ETH,UNKNOWN,2025,0,,,,,,1.0
cost_stress,BTC,TREND_UP,all,12,-0.011256851487373043,-0.011728886374594127,0.3333333333333333,16.82734619118491,1.0,0.8205584594044047
cost_stress,BTC,TREND_UP,2020,3,-0.021428271562881,-0.0238556996731506,0.3333333333333333,,1.0,0.9077890996574297
cost_stress,BTC,TREND_UP,2021,0,,,,,,1.0
cost_stress,BTC,TREND_UP,2022,2,0.0005722556274951329,0.0005722556274951329,0.5,77.4619207933064,1.0,0.9879418130581953
cost_stress,BTC,TREND_UP,2023,4,-0.007208364130630973,-0.009942870715378416,0.25,38.63543935288973,1.0,0.9643875666075966
cost_stress,BTC,TREND_UP,2024,2,-0.0259230226840938,-0.0259230226840938,0.0,,,0.9487277293104287
cost_stress,BTC,TREND_UP,2025,1,0.00873758747588771,0.00873758747588771,1.0,118.49403832706334,1.0,1.0
cost_stress,BTC,TREND_DOWN,all,15,-0.008010027719970296,-0.004532674978630524,0.4666666666666667,33.53238953224173,0.9423248715425231,0.8213733329926831
cost_stress,BTC,TREND_DOWN,2020,2,-0.01619159221943528,-0.01619159221943528,0.5,,1.0,0.9665244700500647
cost_stress,BTC,TREND_DOWN,2021,2,9.568860699138426e-06,9.568860699138426e-06,0.5,74.99626479198042,1.0,0.9954673250213695
cost_stress,BTC,TREND_DOWN,2022,2,0.011923730988311121,0.011923730988311121,1.0,134.1682823051115,1.0,1.0
cost_stress,BTC,TREND_DOWN,2023,2,-0.014308918292770367,-0.014308918292770367,0.0,2.886360762783982,,0.9715660564569512
cost_stress,BTC,TREND_DOWN,2024,4,-0.021821743185755305,-0.03043804652411547,0.25,,1.0,0.8879062338603306
cost_stress,BTC,TREND_DOWN,2025,3,0.001423659423285854,0.00338486694465967,0.6666666666666666,81.72052522943342,1.0,0.9851891257300904
cost_stress,BTC,RANGE,all,3,-0.010162563896226162,-0.01710123335432656,0.3333333333333333,18.681791133549993,1.0,0.9219054665586481
cost_stress,BTC,RANGE,2020,0,,,,,,1.0
cost_stress,BTC,RANGE,2021,0,,,,,,1.0
cost_stress,BTC,RANGE,2022,0,,,,,,1.0
cost_stress,BTC,RANGE,2023,1,0.04866805038700539,0.04866805038700539,1.0,312.5037950388386,1.0,1.0
cost_stress,BTC,RANGE,2024,2,-0.03957787103784194,-0.03957787103784194,0.0,,,0.9219054665586481
cost_stress,BTC,RANGE,2025,0,,,,,,1.0
cost_stress,BTC,VOL_COMPRESSION,all,5,-0.010487000425816562,-0.010670603869837092,0.0,22.242282854097233,,0.9486085173035793
cost_stress,BTC,VOL_COMPRESSION,2020,1,-0.015705261884621402,-0.015705261884621402,0.0,,,0.9842947381153786
cost_stress,BTC,VOL_COMPRESSION,2021,0,,,,,,1.0
cost_stress,BTC,VOL_COMPRESSION,2022,1,-0.009887846488243368,-0.009887846488243368,0.0,25.316072741354326,,0.9901121535117566
cost_stress,BTC,VOL_COMPRESSION,2023,1,-0.010670603869837092,-0.010670603869837092,0.0,21.361658686357885,,0.9893293961301629
cost_stress,BTC,VOL_COMPRESSION,2024,0,,,,,,1.0
cost_stress,BTC,VOL_COMPRESSION,2025,2,-0.008085644943190473,-0.008085644943190473,0.0,34.34079212636981,,0.983867356155733
cost_stress,BTC,VOL_EXPANSION,all,9,-0.0049028834331669895,0.01425703538977885,0.5555555555555556,46.22351848325847,1.0,0.855640301531972
cost_stress,BTC,VOL_EXPANSION,2020,2,-0.020108763549228692,-0.020108763549228692,0.0,,,0.9600642885540628
cost_stress,BTC,VOL_EXPANSION,2021,2,0.01564866243281593,0.01564866243281593,0.5,151.6241757874466,1.0,0.995306950326075
cost_stress,BTC,VOL_EXPANSION,2022,3,-0.022226105946258512,0.015670109255719433,0.6666666666666666,,1.0,0.8954346165270286
cost_stress,BTC,VOL_EXPANSION,2023,0,,,,,,1.0
cost_stress,BTC,VOL_EXPANSION,2024,1,0.01425703538977885,0.01425703538977885,1.0,145.77287765418484,1.0,1.0
cost_stress,BTC,VOL_EXPANSION,2025,1,0.017215533783319303,0.017215533783319303,1.0,160.33279331867064,1.0,1.0
cost_stress,BTC,HIGH_VOL,all,6,-0.04901999483744648,-0.03036564785397383,0.3333333333333333,,1.0,0.6933923074017628
cost_stress,BTC,HIGH_VOL,2020,2,-0.09489507908966094,-0.09489507908966094,0.0,,,0.8156120512338131
cost_stress,BTC,HIGH_VOL,2021,2,0.0015928597706950653,0.0015928597706950653,0.5,81.07871185141653,1.0,0.9741398996161815
cost_stress,BTC,HIGH_VOL,2022,2,-0.05375776519337355,-0.05375776519337355,0.5,,1.0,0.8727182405137376
cost_stress,BTC,HIGH_VOL,2023,0,,,,,,1.0
cost_stress,BTC,HIGH_VOL,2024,0,,,,,,1.0
cost_stress,BTC,HIGH_VOL,2025,0,,,,,,1.0
cost_stress,BTC,UNKNOWN,all,0,,,,,,1.0
cost_stress,BTC,UNKNOWN,2020,0,,,,,,1.0
cost_stress,BTC,UNKNOWN,2021,0,,,,,,1.0
cost_stress,BTC,UNKNOWN,2022,0,,,,,,1.0
cost_stress,BTC,UNKNOWN,2023,0,,,,,,1.0
cost_stress,BTC,UNKNOWN,2024,0,,,,,,1.0
cost_stress,BTC,UNKNOWN,2025,0,,,,,,1.0
cost_stress,ETH,TREND_UP,all,8,-0.0053384908074819715,-0.00903255399551317,0.375,46.34688975327458,1.0,0.8902491735650145
cost_stress,ETH,TREND_UP,2020,2,0.015070663333867196,0.015070663333867196,0.5,146.8796007432028,1.0,0.9804944107146463
cost_stress,ETH,TREND_UP,2021,0,,,,,,1.0
cost_stress,ETH,TREND_UP,2022,1,-0.03857366152345987,-0.03857366152345987,0.0,,,0.9614263384765401
cost_stress,ETH,TREND_UP,2023,3,-0.018783334170813126,-0.0148119272069267,0.0,,,0.944387959327263
cost_stress,ETH,TREND_UP,2024,0,,,,,,1.0
cost_stress,ETH,TREND_UP,2025,2,0.011037205454154542,0.011037205454154542,1.0,129.87748426100256,1.0,1.0
cost_stress,ETH,TREND_DOWN,all,14,0.00602343395366877,-0.007276016261942186,0.35714285714285715,101.29193942128006,1.0,0.842831118719231
cost_stress,ETH,TREND_DOWN,2020,1,0.008676779532374557,0.008676779532374557,1.0,118.19266530088501,1.0,1.0
cost_stress,ETH,TREND_DOWN,2021,2,0.017948053279977227,0.017948053279977227,0.5,159.41845977211534,1.0,0.9747131260240848
cost_stress,ETH,TREND_DOWN,2022,3,0.003523763207822476,-0.005708360606644369,0.3333333333333333,91.98213858262068,1.0,0.9850522976099619
cost_stress,ETH,TREND_DOWN,2023,2,-0.011087887918045158,-0.011087887918045158,0.0,19.145920960373957,,0.9779055533991297
cost_stress,ETH,TREND_DOWN,2024,4,0.005604425155148335,-0.01976713975545824,0.25,95.50068988847637,1.0,0.9237188736529082
cost_stress,ETH,TREND_DOWN,2025,2,0.014470987425531656,0.014470987425531656,0.5,142.39691923081963,1.0,0.9717794915385514
cost_stress,ETH,RANGE,all,1,0.10038220349146987,0.10038220349146987,1.0,552.7253895994414,1.0,1.0
cost_stress,ETH,RANGE,2020,0,,,,,,1.0
cost_stress,ETH,RANGE,2021,0,,,,,,1.0
cost_stress,ETH,RANGE,2022,0,,,,,,1.0
cost_stress,ETH,RANGE,2023,0,,,,,,1.0
cost_stress,ETH,RANGE,2024,0,,,,,,1.0
cost_stress,ETH,RANGE,2025,1,0.10038220349146987,0.10038220349146987,1.0,552.7253895994414,1.0,1.0
cost_stress,ETH,VOL_COMPRESSION,all,3,-0.010717017303697896,-0.010245553170049493,0.0,21.05115946738846,,0.9681481756125327
cost_stress,ETH,VOL_COMPRESSION,2020,0,,,,,,1.0
cost_stress,ETH,VOL_COMPRESSION,2021,0,,,,,,1.0
cost_stress,ETH,VOL_COMPRESSION,2022,0,,,,,,1.0
cost_stress,ETH,VOL_COMPRESSION,2023,3,-0.010717017303697896,-0.010245553170049493,0.0,21.05115946738846,,0.9681481756125327
cost_stress,ETH,VOL_COMPRESSION,2024,0,,,,,,1.0
cost_stress,ETH,VOL_COMPRESSION,2025,0,,,,,,1.0
cost_stress,ETH,VOL_EXPANSION,all,19,-0.020229568890531763,-0.007876796979298994,0.42105263157894735,,0.9295602618708632,0.570855758093651
cost_stress,ETH,VOL_EXPANSION,2020,2,0.033987884364147236,0.033987884364147236,1.0,240.34832511825385,1.0,1.0
cost_stress,ETH,VOL_EXPANSION,2021,4,-0.02973996787749114,-0.04937050812881982,0.25,,1.0,0.852037949152593
cost_stress,ETH,VOL_EXPANSION,2022,5,-0.04284320548448077,-0.017859453062283537,0.4,,1.0,0.7815497942743961
cost_stress,ETH,VOL_EXPANSION,2023,0,,,,,,1.0
cost_stress,ETH,VOL_EXPANSION,2024,3,-0.029514273366081256,0.0005737685365647671,0.6666666666666666,,1.0,0.9046553546492121
cost_stress,ETH,VOL_EXPANSION,2025,5,-0.006123771723557159,-0.007876796979298994,0.2,42.746978165407974,1.0,0.9352984049366175
cost_stress,ETH,HIGH_VOL,all,20,0.005614946638355661,0.009207518881397703,0.55,96.19087902232879,0.6997116938659791,0.8139359018944149
cost_stress,ETH,HIGH_VOL,2020,4,-0.018573779567279125,-0.01618640228072976,0.0,,,0.9273823702212112
cost_stress,ETH,HIGH_VOL,2021,8,0.018708776659158863,0.01450785556073897,0.625,163.63580044705293,1.0,0.936169760959776
cost_stress,ETH,HIGH_VOL,2022,4,-0.029540194335890224,-0.012604580735716131,0.5,,1.0,0.8053306742546154
cost_stress,ETH,HIGH_VOL,2023,0,,,,,,1.0
cost_stress,ETH,HIGH_VOL,2024,2,0.05181898123113826,0.05181898123113826,1.0,327.31011278122696,1.0,1.0
cost_stress,ETH,HIGH_VOL,2025,2,0.025723326322121598,0.025723326322121598,1.0,201.8350352579711,1.0,1.0
cost_stress,ETH,UNKNOWN,all,0,,,,,,1.0
cost_stress,ETH,UNKNOWN,2020,0,,,,,,1.0
cost_stress,ETH,UNKNOWN,2021,0,,,,,,1.0
cost_stress,ETH,UNKNOWN,2022,0,,,,,,1.0
cost_stress,ETH,UNKNOWN,2023,0,,,,,,1.0
cost_stress,ETH,UNKNOWN,2024,0,,,,,,1.0
cost_stress,ETH,UNKNOWN,2025,0,,,,,,1.0
delay_stress,BTC,TREND_UP,all,12,-0.0027219692417806973,-0.005324790788927669,0.3333333333333333,14.993874759398155,1.0,0.8823772283216548
delay_stress,BTC,TREND_UP,2020,3,-0.008307920800040428,-0.013101438028996215,0.3333333333333333,,1.0,0.9351233074976598
delay_stress,BTC,TREND_UP,2021,0,,,,,,1.0
delay_stress,BTC,TREND_UP,2022,2,0.01156438576329527,0.01156438576329527,0.5,86.96548808273165,1.0,0.9969403475929609
delay_stress,BTC,TREND_UP,2023,4,-0.0034428830330623383,-0.004842674414856918,0.25,12.687870835740338,1.0,0.981833364838407
delay_stress,BTC,TREND_UP,2024,2,-0.018113532989007475,-0.018113532989007475,0.0,,,0.9640031450509758
delay_stress,BTC,TREND_UP,2025,1,0.01912995808242668,0.01912995808242668,1.0,124.74002465478252,1.0,1.0
delay_stress,BTC,TREND_DOWN,all,15,0.0009523456648248496,-0.0013196539246986827,0.4666666666666667,33.6466233750838,0.8741685183778501,0.9078429069928301
delay_stress,BTC,TREND_DOWN,2020,2,0.0011497057690222356,0.0011497057690222356,0.5,35.40158430970097,1.0,0.9894134125280235
delay_stress,BTC,TREND_DOWN,2021,2,0.0028664072730931744,0.0028664072730931744,0.5,44.267777557115224,1.0,0.9986803460753013
delay_stress,BTC,TREND_DOWN,2022,2,0.017209687772791638,0.017209687772791638,1.0,115.05760898338585,1.0,1.0
delay_stress,BTC,TREND_DOWN,2023,2,-0.0055930361123584516,-0.0055930361123584516,0.0,1.9523160802482342,,0.9888435899548422
delay_stress,BTC,TREND_DOWN,2024,4,-0.012984868499681418,-0.013179714320414926,0.25,,1.0,0.9195338534356677
delay_stress,BTC,TREND_DOWN,2025,3,0.011653043188667075,0.012708574000461326,0.6666666666666666,87.57271192045195,1.0,0.9964290234015285
delay_stress,BTC,RANGE,all,3,0.003333039933422932,-0.003276609017167753,0.3333333333333333,43.36042871176397,1.0,0.9592423241931298
delay_stress,BTC,RANGE,2020,0,,,,,,1.0
delay_stress,BTC,RANGE,2021,0,,,,,,1.0
delay_stress,BTC,RANGE,2022,0,,,,,,1.0
delay_stress,BTC,RANGE,2023,1,0.050880010134386255,0.050880010134386255,1.0,278.06797790472524,1.0,1.0
delay_stress,BTC,RANGE,2024,2,-0.02044044516705873,-0.02044044516705873,0.0,,,0.9592423241931298
delay_stress,BTC,RANGE,2025,0,,,,,,1.0
delay_stress,BTC,VOL_COMPRESSION,all,5,-0.0023564479622405266,-0.0037828548044656074,0.4,18.10304109393973,1.0,0.9788069563026011
delay_stress,BTC,VOL_COMPRESSION,2020,1,-0.00962978471745557,-0.00962978471745557,0.0,,,0.9903702152825444
delay_stress,BTC,VOL_COMPRESSION,2021,0,,,,,,1.0
delay_stress,BTC,VOL_COMPRESSION,2022,1,0.0021847049768901616,0.0021847049768901616,1.0,40.911471642006425,1.0,1.0
delay_stress,BTC,VOL_COMPRESSION,2023,1,-0.0037828548044656074,-0.0037828548044656074,0.0,11.04994602682516,,0.9962171451955344
delay_stress,BTC,VOL_COMPRESSION,2024,0,,,,,,1.0
delay_stress,BTC,VOL_COMPRESSION,2025,2,-0.00027715263308580873,-0.00027715263308580873,0.5,28.467832376700397,1.0,0.9920771905730077
delay_stress,BTC,VOL_EXPANSION,all,9,0.0019458717583799394,0.011606905319688998,0.6666666666666666,34.4373440025901,0.9423320971405119,0.8755277506003379
delay_stress,BTC,VOL_EXPANSION,2020,2,-0.01125259997612077,-0.01125259997612077,0.0,,,0.9775014330526793
delay_stress,BTC,VOL_EXPANSION,2021,2,0.023674395346061194,0.023674395346061194,1.0,146.41726095444864,1.0,1.0
delay_stress,BTC,VOL_EXPANSION,2022,3,-0.010906797259385445,0.03053916731999129,0.6666666666666666,,1.0,0.8883171277805751
delay_stress,BTC,VOL_EXPANSION,2023,0,,,,,,1.0
delay_stress,BTC,VOL_EXPANSION,2024,1,0.011606905319688998,0.011606905319688998,1.0,87.69815125288048,1.0,1.0
delay_stress,BTC,VOL_EXPANSION,2025,1,0.013782741544005939,0.013782741544005939,1.0,98.44002695843855,1.0,1.0
delay_stress,BTC,HIGH_VOL,all,6,-0.03795634055533296,-0.019283061515630084,0.3333333333333333,,1.0,0.7131882969310172
delay_stress,BTC,HIGH_VOL,2020,2,-0.09406037437755693,-0.09406037437755693,0.0,,,0.8174218011811598
delay_stress,BTC,HIGH_VOL,2021,2,0.027107882321439403,0.027107882321439403,0.5,161.71314430798176,1.0,0.9980068258362561
delay_stress,BTC,HIGH_VOL,2022,2,-0.04691652960988135,-0.04691652960988135,0.5,,1.0,0.8742275326622062
delay_stress,BTC,HIGH_VOL,2023,0,,,,,,1.0
delay_stress,BTC,HIGH_VOL,2024,0,,,,,,1.0
delay_stress,BTC,HIGH_VOL,2025,0,,,,,,1.0
delay_stress,BTC,UNKNOWN,all,0,,,,,,1.0
delay_stress,BTC,UNKNOWN,2020,0,,,,,,1.0
delay_stress,BTC,UNKNOWN,2021,0,,,,,,1.0
delay_stress,BTC,UNKNOWN,2022,0,,,,,,1.0
delay_stress,BTC,UNKNOWN,2023,0,,,,,,1.0
delay_stress,BTC,UNKNOWN,2024,0,,,,,,1.0
delay_stress,BTC,UNKNOWN,2025,0,,,,,,1.0
delay_stress,ETH,TREND_UP,all,8,0.003046704765366573,-0.0025554580525958825,0.375,43.52076915912602,1.0,0.9389628493112621
delay_stress,ETH,TREND_UP,2020,2,0.02661415687096147,0.02661415687096147,0.5,158.49207616714878,1.0,0.9921104490366852
delay_stress,ETH,TREND_UP,2021,0,,,,,,1.0
delay_stress,ETH,TREND_UP,2022,1,-0.019894996896063222,-0.019894996896063222,0.0,,,0.9801050031039368
delay_stress,ETH,TREND_UP,2023,3,-0.011503472099855175,-0.004824460192912716,0.0,,,0.9656411834446418
delay_stress,ETH,TREND_UP,2024,0,,,,,,1.0
delay_stress,ETH,TREND_UP,2025,2,0.012775368788319197,0.012775368788319197,1.0,93.22226231371876,1.0,1.0
delay_stress,ETH,TREND_DOWN,all,14,0.02370296027199072,0.0044672946600414765,0.6428571428571429,143.17156789263672,0.9449817278099345,0.9731059585456207
delay_stress,ETH,TREND_DOWN,2020,1,0.027548129757158923,0.027548129757158923,1.0,165.86241723712268,1.0,1.0
delay_stress,ETH,TREND_DOWN,2021,2,0.03975465443257997,0.03975465443257997,0.5,219.44501856368888,1.0,0.9912624147801969
delay_stress,ETH,TREND_DOWN,2022,3,0.02007558136755912,0.005414842239360951,1.0,128.14308031652743,1.0,1.0
delay_stress,ETH,TREND_DOWN,2023,2,0.0029482073403048203,0.0029482073403048203,0.5,44.58391389632834,1.0,0.9955718920319186
delay_stress,ETH,TREND_DOWN,2024,4,0.024842271977201652,-0.0009767574550311742,0.5,145.23579631394657,1.0,0.9736021116497272
delay_stress,ETH,TREND_DOWN,2025,2,0.02964587924672879,0.02964587924672879,0.5,172.531899280535,1.0,0.9909922205541148
delay_stress,ETH,RANGE,all,1,0.10386674127768503,0.10386674127768503,1.0,523.6169355440483,1.0,1.0
delay_stress,ETH,RANGE,2020,0,,,,,,1.0
delay_stress,ETH,RANGE,2021,0,,,,,,1.0
delay_stress,ETH,RANGE,2022,0,,,,,,1.0
delay_stress,ETH,RANGE,2023,0,,,,,,1.0
delay_stress,ETH,RANGE,2024,0,,,,,,1.0
delay_stress,ETH,RANGE,2025,1,0.10386674127768503,0.10386674127768503,1.0,523.6169355440483,1.0,1.0
delay_stress,ETH,VOL_COMPRESSION,all,3,-0.0027413092042322487,-0.003169543722603696,0.3333333333333333,16.166446044580816,1.0,0.9863061677870539
delay_stress,ETH,VOL_COMPRESSION,2020,0,,,,,,1.0
delay_stress,ETH,VOL_COMPRESSION,2021,0,,,,,,1.0
delay_stress,ETH,VOL_COMPRESSION,2022,0,,,,,,1.0
delay_stress,ETH,VOL_COMPRESSION,2023,3,-0.0027413092042322487,-0.003169543722603696,0.3333333333333333,16.166446044580816,1.0,0.9863061677870539
delay_stress,ETH,VOL_COMPRESSION,2024,0,,,,,,1.0
delay_stress,ETH,VOL_COMPRESSION,2025,0,,,,,,1.0
delay_stress,ETH,VOL_EXPANSION,all,19,-0.008343477393091117,0.004876938495239624,0.5263157894736842,,0.8003552822679986,0.673850328665207
delay_stress,ETH,VOL_EXPANSION,2020,2,0.040771058581257846,0.040771058581257846,1.0,227.3920531930222,1.0,1.0
delay_stress,ETH,VOL_EXPANSION,2021,4,-0.02328166753695357,-0.03824494044395199,0.25,,1.0,0.8706137273829443
delay_stress,ETH,VOL_EXPANSION,2022,5,-0.030581847026199684,0.009523886320152775,0.6,,1.0,0.7981726711105666
delay_stress,ETH,VOL_EXPANSION,2023,0,,,,,,1.0
delay_stress,ETH,VOL_EXPANSION,2024,3,-0.009484161472429475,0.004876938495239624,0.6666666666666666,,1.0,0.9418276490319253
delay_stress,ETH,VOL_EXPANSION,2025,5,0.006884040412970837,-0.004926837464575451,0.4,63.06168192168614,1.0,0.9751825556951186
delay_stress,ETH,HIGH_VOL,all,20,0.01957482323113601,0.01244884503682353,0.65,118.93427227240174,0.6072119596024739,0.9615257105163523
delay_stress,ETH,HIGH_VOL,2020,4,-0.019246061200877823,-0.01950466291447328,0.25,,1.0,0.9221223458097124
delay_stress,ETH,HIGH_VOL,2021,8,0.04295935529301459,0.03750094395665793,0.75,236.47400243868685,0.9816830040634348,0.9995463878250099
delay_stress,ETH,HIGH_VOL,2022,4,-0.015571305208007924,0.010196726325297778,0.5,,1.0,0.8230182291171994
delay_stress,ETH,HIGH_VOL,2023,0,,,,,,1.0
delay_stress,ETH,HIGH_VOL,2024,2,0.06964884694028872,0.06964884694028872,1.0,366.1469236887797,1.0,1.0
delay_stress,ETH,HIGH_VOL,2025,2,0.02389669701678454,0.02389669701678454,1.0,147.30558165027878,1.0,1.0
delay_stress,ETH,UNKNOWN,all,0,,,,,,1.0
delay_stress,ETH,UNKNOWN,2020,0,,,,,,1.0
delay_stress,ETH,UNKNOWN,2021,0,,,,,,1.0
delay_stress,ETH,UNKNOWN,2022,0,,,,,,1.0
delay_stress,ETH,UNKNOWN,2023,0,,,,,,1.0
delay_stress,ETH,UNKNOWN,2024,0,,,,,,1.0
delay_stress,ETH,UNKNOWN,2025,0,,,,,,1.0
